rgb_path,depth_path,folder,chassis,wf_right,wr_right,wf_left,wr_left,windshield,roof
data/neg_hand_only/burst000_f00_rgb.png,data/neg_hand_only/burst000_f00_depth.npy,neg_hand_only,0,0,0,0,0,0,0
data/neg_hand_only/burst000_f01_rgb.png,data/neg_hand_only/burst000_f01_depth.npy,neg_hand_only,0,0,0,0,0,0,0
data/neg_hand_only/burst000_f02_rgb.png,data/neg_hand_only/burst000_f02_depth.npy,neg_hand_only,0,0,0,0,0,0,0
data/neg_hand_only/burst000_f03_rgb.png,data/neg_hand_only/burst000_f03_depth.npy,neg_hand_only,0,0,0,0,0,0,0
data/neg_hand_only/burst000_f04_rgb.png,data/neg_hand_only/burst000_f04_depth.npy,neg_hand_only,0,0,0,0,0,0,0
data/neg_hand_only/burst000_f05_rgb.png,data/neg_hand_only/burst000_f05_depth.npy,neg_hand_only,0,0,0,0,0,0,0
data/neg_hand_only/burst000_f06_rgb.png,data/neg_hand_only/burst000_f06_depth.npy,neg_hand_only,0,0,0,0,0,0,0
data/neg_hand_only/burst000_f07_rgb.png,data/neg_hand_only/burst000_f07_depth.npy,neg_hand_only,0,0,0,0,0,0,0
data/neg_hand_only/burst000_f08_rgb.png,data/neg_hand_only/burst000_f08_depth.npy,neg_hand_only,0,0,0,0,0,0,0
data/neg_hand_only/burst000_f09_rgb.png,data/neg_hand_only/burst000_f09_depth.npy,neg_hand_only,0,0,0,0,0,0,0
data/neg_hand_only/burst001_f00_rgb.png,data/neg_hand_only/burst001_f00_depth.npy,neg_hand_only,0,0,0,0,0,0,0
data/neg_hand_only/burst001_f01_rgb.png,data/neg_hand_only/burst001_f01_depth.npy,neg_hand_only,0,0,0,0,0,0,0
data/neg_hand_only/burst001_f02_rgb.png,data/neg_hand_only/burst001_f02_depth.npy,neg_hand_only,0,0,0,0,0,0,0
data/neg_hand_only/burst001_f03_rgb.png,data/neg_hand_only/burst001_f03_depth.npy,neg_hand_only,0,0,0,0,0,0,0
data/neg_hand_only/burst001_f04_rgb.png,data/neg_hand_only/burst001_f04_depth.npy,neg_hand_only,0,0,0,0,0,0,0
data/neg_hand_only/burst001_f05_rgb.png,data/neg_hand_only/burst001_f05_depth.npy,neg_hand_only,0,0,0,0,0,0,0
data/neg_hand_only/burst001_f06_rgb.png,data/neg_hand_only/burst001_f06_depth.npy,neg_hand_only,0,0,0,0,0,0,0
data/neg_hand_only/burst001_f07_rgb.png,data/neg_hand_only/burst001_f07_depth.npy,neg_hand_only,0,0,0,0,0,0,0
data/neg_hand_only/burst001_f08_rgb.png,data/neg_hand_only/burst001_f08_depth.npy,neg_hand_only,0,0,0,0,0,0,0
data/neg_hand_only/burst001_f09_rgb.png,data/neg_hand_only/burst001_f09_depth.npy,neg_hand_only,0,0,0,0,0,0,0
data/neg_hand_only/burst002_f00_rgb.png,data/neg_hand_only/burst002_f00_depth.npy,neg_hand_only,0,0,0,0,0,0,0
data/neg_hand_only/burst002_f01_rgb.png,data/neg_hand_only/burst002_f01_depth.npy,neg_hand_only,0,0,0,0,0,0,0
data/neg_hand_only/burst002_f02_rgb.png,data/neg_hand_only/burst002_f02_depth.npy,neg_hand_only,0,0,0,0,0,0,0
data/neg_hand_only/burst002_f03_rgb.png,data/neg_hand_only/burst002_f03_depth.npy,neg_hand_only,0,0,0,0,0,0,0
data/neg_hand_only/burst002_f04_rgb.png,data/neg_hand_only/burst002_f04_depth.npy,neg_hand_only,0,0,0,0,0,0,0
data/neg_hand_only/burst002_f05_rgb.png,data/neg_hand_only/burst002_f05_depth.npy,neg_hand_only,0,0,0,0,0,0,0
data/neg_hand_only/burst002_f06_rgb.png,data/neg_hand_only/burst002_f06_depth.npy,neg_hand_only,0,0,0,0,0,0,0
data/neg_hand_only/burst002_f07_rgb.png,data/neg_hand_only/burst002_f07_depth.npy,neg_hand_only,0,0,0,0,0,0,0
data/neg_hand_only/burst002_f08_rgb.png,data/neg_hand_only/burst002_f08_depth.npy,neg_hand_only,0,0,0,0,0,0,0
data/neg_hand_only/burst002_f09_rgb.png,data/neg_hand_only/burst002_f09_depth.npy,neg_hand_only,0,0,0,0,0,0,0
data/neg_hand_only/burst003_f00_rgb.png,data/neg_hand_only/burst003_f00_depth.npy,neg_hand_only,0,0,0,0,0,0,0
data/neg_hand_only/burst003_f01_rgb.png,data/neg_hand_only/burst003_f01_depth.npy,neg_hand_only,0,0,0,0,0,0,0
data/neg_hand_only/burst003_f02_rgb.png,data/neg_hand_only/burst003_f02_depth.npy,neg_hand_only,0,0,0,0,0,0,0
data/neg_hand_only/burst003_f03_rgb.png,data/neg_hand_only/burst003_f03_depth.npy,neg_hand_only,0,0,0,0,0,0,0
data/neg_hand_only/burst003_f04_rgb.png,data/neg_hand_only/burst003_f04_depth.npy,neg_hand_only,0,0,0,0,0,0,0
data/neg_hand_only/burst003_f05_rgb.png,data/neg_hand_only/burst003_f05_depth.npy,neg_hand_only,0,0,0,0,0,0,0
data/neg_hand_only/burst003_f06_rgb.png,data/neg_hand_only/burst003_f06_depth.npy,neg_hand_only,0,0,0,0,0,0,0
data/neg_hand_only/burst003_f07_rgb.png,data/neg_hand_only/burst003_f07_depth.npy,neg_hand_only,0,0,0,0,0,0,0
data/neg_hand_only/burst003_f08_rgb.png,data/neg_hand_only/burst003_f08_depth.npy,neg_hand_only,0,0,0,0,0,0,0
data/neg_hand_only/burst003_f09_rgb.png,data/neg_hand_only/burst003_f09_depth.npy,neg_hand_only,0,0,0,0,0,0,0
data/neg_hand_only/burst004_f00_rgb.png,data/neg_hand_only/burst004_f00_depth.npy,neg_hand_only,0,0,0,0,0,0,0
data/neg_hand_only/burst004_f01_rgb.png,data/neg_hand_only/burst004_f01_depth.npy,neg_hand_only,0,0,0,0,0,0,0
data/neg_hand_only/burst004_f02_rgb.png,data/neg_hand_only/burst004_f02_depth.npy,neg_hand_only,0,0,0,0,0,0,0
data/neg_hand_only/burst004_f03_rgb.png,data/neg_hand_only/burst004_f03_depth.npy,neg_hand_only,0,0,0,0,0,0,0
data/neg_hand_only/burst004_f04_rgb.png,data/neg_hand_only/burst004_f04_depth.npy,neg_hand_only,0,0,0,0,0,0,0
data/neg_hand_only/burst004_f05_rgb.png,data/neg_hand_only/burst004_f05_depth.npy,neg_hand_only,0,0,0,0,0,0,0
data/neg_hand_only/burst004_f06_rgb.png,data/neg_hand_only/burst004_f06_depth.npy,neg_hand_only,0,0,0,0,0,0,0
data/neg_hand_only/burst004_f07_rgb.png,data/neg_hand_only/burst004_f07_depth.npy,neg_hand_only,0,0,0,0,0,0,0
data/neg_hand_only/burst004_f08_rgb.png,data/neg_hand_only/burst004_f08_depth.npy,neg_hand_only,0,0,0,0,0,0,0
data/neg_hand_only/burst004_f09_rgb.png,data/neg_hand_only/burst004_f09_depth.npy,neg_hand_only,0,0,0,0,0,0,0
data/neg_hand_only/burst005_f00_rgb.png,data/neg_hand_only/burst005_f00_depth.npy,neg_hand_only,0,0,0,0,0,0,0
data/neg_hand_only/burst005_f01_rgb.png,data/neg_hand_only/burst005_f01_depth.npy,neg_hand_only,0,0,0,0,0,0,0
data/neg_hand_only/burst005_f02_rgb.png,data/neg_hand_only/burst005_f02_depth.npy,neg_hand_only,0,0,0,0,0,0,0
data/neg_hand_only/burst005_f03_rgb.png,data/neg_hand_only/burst005_f03_depth.npy,neg_hand_only,0,0,0,0,0,0,0
data/neg_hand_only/burst005_f04_rgb.png,data/neg_hand_only/burst005_f04_depth.npy,neg_hand_only,0,0,0,0,0,0,0
data/neg_hand_only/burst005_f05_rgb.png,data/neg_hand_only/burst005_f05_depth.npy,neg_hand_only,0,0,0,0,0,0,0
data/neg_hand_only/burst005_f06_rgb.png,data/neg_hand_only/burst005_f06_depth.npy,neg_hand_only,0,0,0,0,0,0,0
data/neg_hand_only/burst005_f07_rgb.png,data/neg_hand_only/burst005_f07_depth.npy,neg_hand_only,0,0,0,0,0,0,0
data/neg_hand_only/burst005_f08_rgb.png,data/neg_hand_only/burst005_f08_depth.npy,neg_hand_only,0,0,0,0,0,0,0
data/neg_hand_only/burst005_f09_rgb.png,data/neg_hand_only/burst005_f09_depth.npy,neg_hand_only,0,0,0,0,0,0,0
data/neg_hand_only/burst006_f00_rgb.png,data/neg_hand_only/burst006_f00_depth.npy,neg_hand_only,0,0,0,0,0,0,0
data/neg_hand_only/burst006_f01_rgb.png,data/neg_hand_only/burst006_f01_depth.npy,neg_hand_only,0,0,0,0,0,0,0
data/neg_hand_only/burst006_f02_rgb.png,data/neg_hand_only/burst006_f02_depth.npy,neg_hand_only,0,0,0,0,0,0,0
data/neg_hand_only/burst006_f03_rgb.png,data/neg_hand_only/burst006_f03_depth.npy,neg_hand_only,0,0,0,0,0,0,0
data/neg_hand_only/burst006_f04_rgb.png,data/neg_hand_only/burst006_f04_depth.npy,neg_hand_only,0,0,0,0,0,0,0
data/neg_hand_only/burst006_f05_rgb.png,data/neg_hand_only/burst006_f05_depth.npy,neg_hand_only,0,0,0,0,0,0,0
data/neg_hand_only/burst006_f06_rgb.png,data/neg_hand_only/burst006_f06_depth.npy,neg_hand_only,0,0,0,0,0,0,0
data/neg_hand_only/burst006_f07_rgb.png,data/neg_hand_only/burst006_f07_depth.npy,neg_hand_only,0,0,0,0,0,0,0
data/neg_hand_only/burst006_f08_rgb.png,data/neg_hand_only/burst006_f08_depth.npy,neg_hand_only,0,0,0,0,0,0,0
data/neg_hand_only/burst006_f09_rgb.png,data/neg_hand_only/burst006_f09_depth.npy,neg_hand_only,0,0,0,0,0,0,0
data/neg_hand_only/burst007_f00_rgb.png,data/neg_hand_only/burst007_f00_depth.npy,neg_hand_only,0,0,0,0,0,0,0
data/neg_hand_only/burst007_f01_rgb.png,data/neg_hand_only/burst007_f01_depth.npy,neg_hand_only,0,0,0,0,0,0,0
data/neg_hand_only/burst007_f02_rgb.png,data/neg_hand_only/burst007_f02_depth.npy,neg_hand_only,0,0,0,0,0,0,0
data/neg_hand_only/burst007_f03_rgb.png,data/neg_hand_only/burst007_f03_depth.npy,neg_hand_only,0,0,0,0,0,0,0
data/neg_hand_only/burst007_f04_rgb.png,data/neg_hand_only/burst007_f04_depth.npy,neg_hand_only,0,0,0,0,0,0,0
data/neg_hand_only/burst007_f05_rgb.png,data/neg_hand_only/burst007_f05_depth.npy,neg_hand_only,0,0,0,0,0,0,0
data/neg_hand_only/burst007_f06_rgb.png,data/neg_hand_only/burst007_f06_depth.npy,neg_hand_only,0,0,0,0,0,0,0
data/neg_hand_only/burst007_f07_rgb.png,data/neg_hand_only/burst007_f07_depth.npy,neg_hand_only,0,0,0,0,0,0,0
data/neg_hand_only/burst007_f08_rgb.png,data/neg_hand_only/burst007_f08_depth.npy,neg_hand_only,0,0,0,0,0,0,0
data/neg_hand_only/burst007_f09_rgb.png,data/neg_hand_only/burst007_f09_depth.npy,neg_hand_only,0,0,0,0,0,0,0
data/neg_hand_only/burst008_f00_rgb.png,data/neg_hand_only/burst008_f00_depth.npy,neg_hand_only,0,0,0,0,0,0,0
data/neg_hand_only/burst008_f01_rgb.png,data/neg_hand_only/burst008_f01_depth.npy,neg_hand_only,0,0,0,0,0,0,0
data/neg_hand_only/burst008_f02_rgb.png,data/neg_hand_only/burst008_f02_depth.npy,neg_hand_only,0,0,0,0,0,0,0
data/neg_hand_only/burst008_f03_rgb.png,data/neg_hand_only/burst008_f03_depth.npy,neg_hand_only,0,0,0,0,0,0,0
data/neg_hand_only/burst008_f04_rgb.png,data/neg_hand_only/burst008_f04_depth.npy,neg_hand_only,0,0,0,0,0,0,0
data/neg_hand_only/burst008_f05_rgb.png,data/neg_hand_only/burst008_f05_depth.npy,neg_hand_only,0,0,0,0,0,0,0
data/neg_hand_only/burst008_f06_rgb.png,data/neg_hand_only/burst008_f06_depth.npy,neg_hand_only,0,0,0,0,0,0,0
data/neg_hand_only/burst008_f07_rgb.png,data/neg_hand_only/burst008_f07_depth.npy,neg_hand_only,0,0,0,0,0,0,0
data/neg_hand_only/burst008_f08_rgb.png,data/neg_hand_only/burst008_f08_depth.npy,neg_hand_only,0,0,0,0,0,0,0
data/neg_hand_only/burst008_f09_rgb.png,data/neg_hand_only/burst008_f09_depth.npy,neg_hand_only,0,0,0,0,0,0,0
data/neg_hand_only/burst009_f00_rgb.png,data/neg_hand_only/burst009_f00_depth.npy,neg_hand_only,0,0,0,0,0,0,0
data/neg_hand_only/burst009_f01_rgb.png,data/neg_hand_only/burst009_f01_depth.npy,neg_hand_only,0,0,0,0,0,0,0
data/neg_hand_only/burst009_f02_rgb.png,data/neg_hand_only/burst009_f02_depth.npy,neg_hand_only,0,0,0,0,0,0,0
data/neg_hand_only/burst009_f03_rgb.png,data/neg_hand_only/burst009_f03_depth.npy,neg_hand_only,0,0,0,0,0,0,0
data/neg_hand_only/burst009_f04_rgb.png,data/neg_hand_only/burst009_f04_depth.npy,neg_hand_only,0,0,0,0,0,0,0
data/neg_hand_only/burst009_f05_rgb.png,data/neg_hand_only/burst009_f05_depth.npy,neg_hand_only,0,0,0,0,0,0,0
data/neg_hand_only/burst009_f06_rgb.png,data/neg_hand_only/burst009_f06_depth.npy,neg_hand_only,0,0,0,0,0,0,0
data/neg_hand_only/burst009_f07_rgb.png,data/neg_hand_only/burst009_f07_depth.npy,neg_hand_only,0,0,0,0,0,0,0
data/neg_hand_only/burst009_f08_rgb.png,data/neg_hand_only/burst009_f08_depth.npy,neg_hand_only,0,0,0,0,0,0,0
data/neg_hand_only/burst009_f09_rgb.png,data/neg_hand_only/burst009_f09_depth.npy,neg_hand_only,0,0,0,0,0,0,0
data/neg_hand_only/burst010_f00_rgb.png,data/neg_hand_only/burst010_f00_depth.npy,neg_hand_only,0,0,0,0,0,0,0
data/neg_hand_only/burst010_f01_rgb.png,data/neg_hand_only/burst010_f01_depth.npy,neg_hand_only,0,0,0,0,0,0,0
data/neg_hand_only/burst010_f02_rgb.png,data/neg_hand_only/burst010_f02_depth.npy,neg_hand_only,0,0,0,0,0,0,0
data/neg_hand_only/burst010_f03_rgb.png,data/neg_hand_only/burst010_f03_depth.npy,neg_hand_only,0,0,0,0,0,0,0
data/neg_hand_only/burst010_f04_rgb.png,data/neg_hand_only/burst010_f04_depth.npy,neg_hand_only,0,0,0,0,0,0,0
data/neg_hand_only/burst010_f05_rgb.png,data/neg_hand_only/burst010_f05_depth.npy,neg_hand_only,0,0,0,0,0,0,0
data/neg_hand_only/burst010_f06_rgb.png,data/neg_hand_only/burst010_f06_depth.npy,neg_hand_only,0,0,0,0,0,0,0
data/neg_hand_only/burst010_f07_rgb.png,data/neg_hand_only/burst010_f07_depth.npy,neg_hand_only,0,0,0,0,0,0,0
data/neg_hand_only/burst010_f08_rgb.png,data/neg_hand_only/burst010_f08_depth.npy,neg_hand_only,0,0,0,0,0,0,0
data/neg_hand_only/burst010_f09_rgb.png,data/neg_hand_only/burst010_f09_depth.npy,neg_hand_only,0,0,0,0,0,0,0
data/neg_hand_only/burst011_f00_rgb.png,data/neg_hand_only/burst011_f00_depth.npy,neg_hand_only,0,0,0,0,0,0,0
data/neg_hand_only/burst011_f01_rgb.png,data/neg_hand_only/burst011_f01_depth.npy,neg_hand_only,0,0,0,0,0,0,0
data/neg_hand_only/burst011_f02_rgb.png,data/neg_hand_only/burst011_f02_depth.npy,neg_hand_only,0,0,0,0,0,0,0
data/neg_hand_only/burst011_f03_rgb.png,data/neg_hand_only/burst011_f03_depth.npy,neg_hand_only,0,0,0,0,0,0,0
data/neg_hand_only/burst011_f04_rgb.png,data/neg_hand_only/burst011_f04_depth.npy,neg_hand_only,0,0,0,0,0,0,0
data/neg_hand_only/burst011_f05_rgb.png,data/neg_hand_only/burst011_f05_depth.npy,neg_hand_only,0,0,0,0,0,0,0
data/neg_hand_only/burst011_f06_rgb.png,data/neg_hand_only/burst011_f06_depth.npy,neg_hand_only,0,0,0,0,0,0,0
data/neg_hand_only/burst011_f07_rgb.png,data/neg_hand_only/burst011_f07_depth.npy,neg_hand_only,0,0,0,0,0,0,0
data/neg_hand_only/burst011_f08_rgb.png,data/neg_hand_only/burst011_f08_depth.npy,neg_hand_only,0,0,0,0,0,0,0
data/neg_hand_only/burst011_f09_rgb.png,data/neg_hand_only/burst011_f09_depth.npy,neg_hand_only,0,0,0,0,0,0,0
data/neg_hand_only/burst012_f00_rgb.png,data/neg_hand_only/burst012_f00_depth.npy,neg_hand_only,0,0,0,0,0,0,0
data/neg_hand_only/burst012_f01_rgb.png,data/neg_hand_only/burst012_f01_depth.npy,neg_hand_only,0,0,0,0,0,0,0
data/neg_hand_only/burst012_f02_rgb.png,data/neg_hand_only/burst012_f02_depth.npy,neg_hand_only,0,0,0,0,0,0,0
data/neg_hand_only/burst012_f03_rgb.png,data/neg_hand_only/burst012_f03_depth.npy,neg_hand_only,0,0,0,0,0,0,0
data/neg_hand_only/burst012_f04_rgb.png,data/neg_hand_only/burst012_f04_depth.npy,neg_hand_only,0,0,0,0,0,0,0
data/neg_hand_only/burst012_f05_rgb.png,data/neg_hand_only/burst012_f05_depth.npy,neg_hand_only,0,0,0,0,0,0,0
data/neg_hand_only/burst012_f06_rgb.png,data/neg_hand_only/burst012_f06_depth.npy,neg_hand_only,0,0,0,0,0,0,0
data/neg_hand_only/burst012_f07_rgb.png,data/neg_hand_only/burst012_f07_depth.npy,neg_hand_only,0,0,0,0,0,0,0
data/neg_hand_only/burst012_f08_rgb.png,data/neg_hand_only/burst012_f08_depth.npy,neg_hand_only,0,0,0,0,0,0,0
data/neg_hand_only/burst012_f09_rgb.png,data/neg_hand_only/burst012_f09_depth.npy,neg_hand_only,0,0,0,0,0,0,0
data/neg_hand_only/burst013_f00_rgb.png,data/neg_hand_only/burst013_f00_depth.npy,neg_hand_only,0,0,0,0,0,0,0
data/neg_hand_only/burst013_f01_rgb.png,data/neg_hand_only/burst013_f01_depth.npy,neg_hand_only,0,0,0,0,0,0,0
data/neg_hand_only/burst013_f02_rgb.png,data/neg_hand_only/burst013_f02_depth.npy,neg_hand_only,0,0,0,0,0,0,0
data/neg_hand_only/burst013_f03_rgb.png,data/neg_hand_only/burst013_f03_depth.npy,neg_hand_only,0,0,0,0,0,0,0
data/neg_hand_only/burst013_f04_rgb.png,data/neg_hand_only/burst013_f04_depth.npy,neg_hand_only,0,0,0,0,0,0,0
data/neg_hand_only/burst013_f05_rgb.png,data/neg_hand_only/burst013_f05_depth.npy,neg_hand_only,0,0,0,0,0,0,0
data/neg_hand_only/burst013_f06_rgb.png,data/neg_hand_only/burst013_f06_depth.npy,neg_hand_only,0,0,0,0,0,0,0
data/neg_hand_only/burst013_f07_rgb.png,data/neg_hand_only/burst013_f07_depth.npy,neg_hand_only,0,0,0,0,0,0,0
data/neg_hand_only/burst013_f08_rgb.png,data/neg_hand_only/burst013_f08_depth.npy,neg_hand_only,0,0,0,0,0,0,0
data/neg_hand_only/burst013_f09_rgb.png,data/neg_hand_only/burst013_f09_depth.npy,neg_hand_only,0,0,0,0,0,0,0
data/neg_hand_only/burst014_f00_rgb.png,data/neg_hand_only/burst014_f00_depth.npy,neg_hand_only,0,0,0,0,0,0,0
data/neg_hand_only/burst014_f01_rgb.png,data/neg_hand_only/burst014_f01_depth.npy,neg_hand_only,0,0,0,0,0,0,0
data/neg_hand_only/burst014_f02_rgb.png,data/neg_hand_only/burst014_f02_depth.npy,neg_hand_only,0,0,0,0,0,0,0
data/neg_hand_only/burst014_f03_rgb.png,data/neg_hand_only/burst014_f03_depth.npy,neg_hand_only,0,0,0,0,0,0,0
data/neg_hand_only/burst014_f04_rgb.png,data/neg_hand_only/burst014_f04_depth.npy,neg_hand_only,0,0,0,0,0,0,0
data/neg_hand_only/burst014_f05_rgb.png,data/neg_hand_only/burst014_f05_depth.npy,neg_hand_only,0,0,0,0,0,0,0
data/neg_hand_only/burst014_f06_rgb.png,data/neg_hand_only/burst014_f06_depth.npy,neg_hand_only,0,0,0,0,0,0,0
data/neg_hand_only/burst014_f07_rgb.png,data/neg_hand_only/burst014_f07_depth.npy,neg_hand_only,0,0,0,0,0,0,0
data/neg_hand_only/burst014_f08_rgb.png,data/neg_hand_only/burst014_f08_depth.npy,neg_hand_only,0,0,0,0,0,0,0
data/neg_hand_only/burst014_f09_rgb.png,data/neg_hand_only/burst014_f09_depth.npy,neg_hand_only,0,0,0,0,0,0,0
data/neg_hand_only/burst015_f00_rgb.png,data/neg_hand_only/burst015_f00_depth.npy,neg_hand_only,0,0,0,0,0,0,0
data/neg_hand_only/burst015_f01_rgb.png,data/neg_hand_only/burst015_f01_depth.npy,neg_hand_only,0,0,0,0,0,0,0
data/neg_hand_only/burst015_f02_rgb.png,data/neg_hand_only/burst015_f02_depth.npy,neg_hand_only,0,0,0,0,0,0,0
data/neg_hand_only/burst015_f03_rgb.png,data/neg_hand_only/burst015_f03_depth.npy,neg_hand_only,0,0,0,0,0,0,0
data/neg_hand_only/burst015_f04_rgb.png,data/neg_hand_only/burst015_f04_depth.npy,neg_hand_only,0,0,0,0,0,0,0
data/neg_hand_only/burst015_f05_rgb.png,data/neg_hand_only/burst015_f05_depth.npy,neg_hand_only,0,0,0,0,0,0,0
data/neg_hand_only/burst015_f06_rgb.png,data/neg_hand_only/burst015_f06_depth.npy,neg_hand_only,0,0,0,0,0,0,0
data/neg_hand_only/burst015_f07_rgb.png,data/neg_hand_only/burst015_f07_depth.npy,neg_hand_only,0,0,0,0,0,0,0
data/neg_hand_only/burst015_f08_rgb.png,data/neg_hand_only/burst015_f08_depth.npy,neg_hand_only,0,0,0,0,0,0,0
data/neg_hand_only/burst015_f09_rgb.png,data/neg_hand_only/burst015_f09_depth.npy,neg_hand_only,0,0,0,0,0,0,0
data/neg_hand_only/burst016_f00_rgb.png,data/neg_hand_only/burst016_f00_depth.npy,neg_hand_only,0,0,0,0,0,0,0
data/neg_hand_only/burst016_f01_rgb.png,data/neg_hand_only/burst016_f01_depth.npy,neg_hand_only,0,0,0,0,0,0,0
data/neg_hand_only/burst016_f02_rgb.png,data/neg_hand_only/burst016_f02_depth.npy,neg_hand_only,0,0,0,0,0,0,0
data/neg_hand_only/burst016_f03_rgb.png,data/neg_hand_only/burst016_f03_depth.npy,neg_hand_only,0,0,0,0,0,0,0
data/neg_hand_only/burst016_f04_rgb.png,data/neg_hand_only/burst016_f04_depth.npy,neg_hand_only,0,0,0,0,0,0,0
data/neg_hand_only/burst016_f05_rgb.png,data/neg_hand_only/burst016_f05_depth.npy,neg_hand_only,0,0,0,0,0,0,0
data/neg_hand_only/burst016_f06_rgb.png,data/neg_hand_only/burst016_f06_depth.npy,neg_hand_only,0,0,0,0,0,0,0
data/neg_hand_only/burst016_f07_rgb.png,data/neg_hand_only/burst016_f07_depth.npy,neg_hand_only,0,0,0,0,0,0,0
data/neg_hand_only/burst016_f08_rgb.png,data/neg_hand_only/burst016_f08_depth.npy,neg_hand_only,0,0,0,0,0,0,0
data/neg_hand_only/burst016_f09_rgb.png,data/neg_hand_only/burst016_f09_depth.npy,neg_hand_only,0,0,0,0,0,0,0
data/neg_hand_only/burst017_f00_rgb.png,data/neg_hand_only/burst017_f00_depth.npy,neg_hand_only,0,0,0,0,0,0,0
data/neg_hand_only/burst017_f01_rgb.png,data/neg_hand_only/burst017_f01_depth.npy,neg_hand_only,0,0,0,0,0,0,0
data/neg_hand_only/burst017_f02_rgb.png,data/neg_hand_only/burst017_f02_depth.npy,neg_hand_only,0,0,0,0,0,0,0
data/neg_hand_only/burst017_f03_rgb.png,data/neg_hand_only/burst017_f03_depth.npy,neg_hand_only,0,0,0,0,0,0,0
data/neg_hand_only/burst017_f04_rgb.png,data/neg_hand_only/burst017_f04_depth.npy,neg_hand_only,0,0,0,0,0,0,0
data/neg_hand_only/burst017_f05_rgb.png,data/neg_hand_only/burst017_f05_depth.npy,neg_hand_only,0,0,0,0,0,0,0
data/neg_hand_only/burst017_f06_rgb.png,data/neg_hand_only/burst017_f06_depth.npy,neg_hand_only,0,0,0,0,0,0,0
data/neg_hand_only/burst017_f07_rgb.png,data/neg_hand_only/burst017_f07_depth.npy,neg_hand_only,0,0,0,0,0,0,0
data/neg_hand_only/burst017_f08_rgb.png,data/neg_hand_only/burst017_f08_depth.npy,neg_hand_only,0,0,0,0,0,0,0
data/neg_hand_only/burst017_f09_rgb.png,data/neg_hand_only/burst017_f09_depth.npy,neg_hand_only,0,0,0,0,0,0,0
data/neg_hand_only/burst018_f00_rgb.png,data/neg_hand_only/burst018_f00_depth.npy,neg_hand_only,0,0,0,0,0,0,0
data/neg_hand_only/burst018_f01_rgb.png,data/neg_hand_only/burst018_f01_depth.npy,neg_hand_only,0,0,0,0,0,0,0
data/neg_hand_only/burst018_f02_rgb.png,data/neg_hand_only/burst018_f02_depth.npy,neg_hand_only,0,0,0,0,0,0,0
data/neg_hand_only/burst018_f03_rgb.png,data/neg_hand_only/burst018_f03_depth.npy,neg_hand_only,0,0,0,0,0,0,0
data/neg_hand_only/burst018_f04_rgb.png,data/neg_hand_only/burst018_f04_depth.npy,neg_hand_only,0,0,0,0,0,0,0
data/neg_hand_only/burst018_f05_rgb.png,data/neg_hand_only/burst018_f05_depth.npy,neg_hand_only,0,0,0,0,0,0,0
data/neg_hand_only/burst018_f06_rgb.png,data/neg_hand_only/burst018_f06_depth.npy,neg_hand_only,0,0,0,0,0,0,0
data/neg_hand_only/burst018_f07_rgb.png,data/neg_hand_only/burst018_f07_depth.npy,neg_hand_only,0,0,0,0,0,0,0
data/neg_hand_only/burst018_f08_rgb.png,data/neg_hand_only/burst018_f08_depth.npy,neg_hand_only,0,0,0,0,0,0,0
data/neg_hand_only/burst018_f09_rgb.png,data/neg_hand_only/burst018_f09_depth.npy,neg_hand_only,0,0,0,0,0,0,0
data/neg_hand_only/burst019_f00_rgb.png,data/neg_hand_only/burst019_f00_depth.npy,neg_hand_only,0,0,0,0,0,0,0
data/neg_hand_only/burst019_f01_rgb.png,data/neg_hand_only/burst019_f01_depth.npy,neg_hand_only,0,0,0,0,0,0,0
data/neg_hand_only/burst019_f02_rgb.png,data/neg_hand_only/burst019_f02_depth.npy,neg_hand_only,0,0,0,0,0,0,0
data/neg_hand_only/burst019_f03_rgb.png,data/neg_hand_only/burst019_f03_depth.npy,neg_hand_only,0,0,0,0,0,0,0
data/neg_hand_only/burst019_f04_rgb.png,data/neg_hand_only/burst019_f04_depth.npy,neg_hand_only,0,0,0,0,0,0,0
data/neg_hand_only/burst019_f05_rgb.png,data/neg_hand_only/burst019_f05_depth.npy,neg_hand_only,0,0,0,0,0,0,0
data/neg_hand_only/burst019_f06_rgb.png,data/neg_hand_only/burst019_f06_depth.npy,neg_hand_only,0,0,0,0,0,0,0
data/neg_hand_only/burst019_f07_rgb.png,data/neg_hand_only/burst019_f07_depth.npy,neg_hand_only,0,0,0,0,0,0,0
data/neg_hand_only/burst019_f08_rgb.png,data/neg_hand_only/burst019_f08_depth.npy,neg_hand_only,0,0,0,0,0,0,0
data/neg_hand_only/burst019_f09_rgb.png,data/neg_hand_only/burst019_f09_depth.npy,neg_hand_only,0,0,0,0,0,0,0
data/neg_roof_held/burst000_f00_rgb.png,data/neg_roof_held/burst000_f00_depth.npy,neg_roof_held,1,1,1,1,1,1,0
data/neg_roof_held/burst000_f01_rgb.png,data/neg_roof_held/burst000_f01_depth.npy,neg_roof_held,1,1,1,1,1,1,0
data/neg_roof_held/burst000_f02_rgb.png,data/neg_roof_held/burst000_f02_depth.npy,neg_roof_held,1,1,1,1,1,1,0
data/neg_roof_held/burst000_f03_rgb.png,data/neg_roof_held/burst000_f03_depth.npy,neg_roof_held,1,1,1,1,1,1,0
data/neg_roof_held/burst000_f04_rgb.png,data/neg_roof_held/burst000_f04_depth.npy,neg_roof_held,1,1,1,1,1,1,0
data/neg_roof_held/burst000_f05_rgb.png,data/neg_roof_held/burst000_f05_depth.npy,neg_roof_held,1,1,1,1,1,1,0
data/neg_roof_held/burst000_f06_rgb.png,data/neg_roof_held/burst000_f06_depth.npy,neg_roof_held,1,1,1,1,1,1,0
data/neg_roof_held/burst000_f07_rgb.png,data/neg_roof_held/burst000_f07_depth.npy,neg_roof_held,1,1,1,1,1,1,0
data/neg_roof_held/burst000_f08_rgb.png,data/neg_roof_held/burst000_f08_depth.npy,neg_roof_held,1,1,1,1,1,1,0
data/neg_roof_held/burst000_f09_rgb.png,data/neg_roof_held/burst000_f09_depth.npy,neg_roof_held,1,1,1,1,1,1,0
data/neg_roof_held/burst001_f00_rgb.png,data/neg_roof_held/burst001_f00_depth.npy,neg_roof_held,1,1,1,1,1,1,0
data/neg_roof_held/burst001_f01_rgb.png,data/neg_roof_held/burst001_f01_depth.npy,neg_roof_held,1,1,1,1,1,1,0
data/neg_roof_held/burst001_f02_rgb.png,data/neg_roof_held/burst001_f02_depth.npy,neg_roof_held,1,1,1,1,1,1,0
data/neg_roof_held/burst001_f03_rgb.png,data/neg_roof_held/burst001_f03_depth.npy,neg_roof_held,1,1,1,1,1,1,0
data/neg_roof_held/burst001_f04_rgb.png,data/neg_roof_held/burst001_f04_depth.npy,neg_roof_held,1,1,1,1,1,1,0
data/neg_roof_held/burst001_f05_rgb.png,data/neg_roof_held/burst001_f05_depth.npy,neg_roof_held,1,1,1,1,1,1,0
data/neg_roof_held/burst001_f06_rgb.png,data/neg_roof_held/burst001_f06_depth.npy,neg_roof_held,1,1,1,1,1,1,0
data/neg_roof_held/burst001_f07_rgb.png,data/neg_roof_held/burst001_f07_depth.npy,neg_roof_held,1,1,1,1,1,1,0
data/neg_roof_held/burst001_f08_rgb.png,data/neg_roof_held/burst001_f08_depth.npy,neg_roof_held,1,1,1,1,1,1,0
data/neg_roof_held/burst001_f09_rgb.png,data/neg_roof_held/burst001_f09_depth.npy,neg_roof_held,1,1,1,1,1,1,0
data/neg_roof_held/burst002_f00_rgb.png,data/neg_roof_held/burst002_f00_depth.npy,neg_roof_held,1,1,1,1,1,1,0
data/neg_roof_held/burst002_f01_rgb.png,data/neg_roof_held/burst002_f01_depth.npy,neg_roof_held,1,1,1,1,1,1,0
data/neg_roof_held/burst002_f02_rgb.png,data/neg_roof_held/burst002_f02_depth.npy,neg_roof_held,1,1,1,1,1,1,0
data/neg_roof_held/burst002_f03_rgb.png,data/neg_roof_held/burst002_f03_depth.npy,neg_roof_held,1,1,1,1,1,1,0
data/neg_roof_held/burst002_f04_rgb.png,data/neg_roof_held/burst002_f04_depth.npy,neg_roof_held,1,1,1,1,1,1,0
data/neg_roof_held/burst002_f05_rgb.png,data/neg_roof_held/burst002_f05_depth.npy,neg_roof_held,1,1,1,1,1,1,0
data/neg_roof_held/burst002_f06_rgb.png,data/neg_roof_held/burst002_f06_depth.npy,neg_roof_held,1,1,1,1,1,1,0
data/neg_roof_held/burst002_f07_rgb.png,data/neg_roof_held/burst002_f07_depth.npy,neg_roof_held,1,1,1,1,1,1,0
data/neg_roof_held/burst002_f08_rgb.png,data/neg_roof_held/burst002_f08_depth.npy,neg_roof_held,1,1,1,1,1,1,0
data/neg_roof_held/burst002_f09_rgb.png,data/neg_roof_held/burst002_f09_depth.npy,neg_roof_held,1,1,1,1,1,1,0
data/neg_roof_held/burst003_f00_rgb.png,data/neg_roof_held/burst003_f00_depth.npy,neg_roof_held,1,1,1,1,1,1,0
data/neg_roof_held/burst003_f01_rgb.png,data/neg_roof_held/burst003_f01_depth.npy,neg_roof_held,1,1,1,1,1,1,0
data/neg_roof_held/burst003_f02_rgb.png,data/neg_roof_held/burst003_f02_depth.npy,neg_roof_held,1,1,1,1,1,1,0
data/neg_roof_held/burst003_f03_rgb.png,data/neg_roof_held/burst003_f03_depth.npy,neg_roof_held,1,1,1,1,1,1,0
data/neg_roof_held/burst003_f04_rgb.png,data/neg_roof_held/burst003_f04_depth.npy,neg_roof_held,1,1,1,1,1,1,0
data/neg_roof_held/burst003_f05_rgb.png,data/neg_roof_held/burst003_f05_depth.npy,neg_roof_held,1,1,1,1,1,1,0
data/neg_roof_held/burst003_f06_rgb.png,data/neg_roof_held/burst003_f06_depth.npy,neg_roof_held,1,1,1,1,1,1,0
data/neg_roof_held/burst003_f07_rgb.png,data/neg_roof_held/burst003_f07_depth.npy,neg_roof_held,1,1,1,1,1,1,0
data/neg_roof_held/burst003_f08_rgb.png,data/neg_roof_held/burst003_f08_depth.npy,neg_roof_held,1,1,1,1,1,1,0
data/neg_roof_held/burst003_f09_rgb.png,data/neg_roof_held/burst003_f09_depth.npy,neg_roof_held,1,1,1,1,1,1,0
data/neg_roof_held/burst004_f00_rgb.png,data/neg_roof_held/burst004_f00_depth.npy,neg_roof_held,1,1,1,1,1,1,0
data/neg_roof_held/burst004_f01_rgb.png,data/neg_roof_held/burst004_f01_depth.npy,neg_roof_held,1,1,1,1,1,1,0
data/neg_roof_held/burst004_f02_rgb.png,data/neg_roof_held/burst004_f02_depth.npy,neg_roof_held,1,1,1,1,1,1,0
data/neg_roof_held/burst004_f03_rgb.png,data/neg_roof_held/burst004_f03_depth.npy,neg_roof_held,1,1,1,1,1,1,0
data/neg_roof_held/burst004_f04_rgb.png,data/neg_roof_held/burst004_f04_depth.npy,neg_roof_held,1,1,1,1,1,1,0
data/neg_roof_held/burst004_f05_rgb.png,data/neg_roof_held/burst004_f05_depth.npy,neg_roof_held,1,1,1,1,1,1,0
data/neg_roof_held/burst004_f06_rgb.png,data/neg_roof_held/burst004_f06_depth.npy,neg_roof_held,1,1,1,1,1,1,0
data/neg_roof_held/burst004_f07_rgb.png,data/neg_roof_held/burst004_f07_depth.npy,neg_roof_held,1,1,1,1,1,1,0
data/neg_roof_held/burst004_f08_rgb.png,data/neg_roof_held/burst004_f08_depth.npy,neg_roof_held,1,1,1,1,1,1,0
data/neg_roof_held/burst004_f09_rgb.png,data/neg_roof_held/burst004_f09_depth.npy,neg_roof_held,1,1,1,1,1,1,0
data/neg_roof_held/burst005_f00_rgb.png,data/neg_roof_held/burst005_f00_depth.npy,neg_roof_held,1,1,1,1,1,1,0
data/neg_roof_held/burst005_f01_rgb.png,data/neg_roof_held/burst005_f01_depth.npy,neg_roof_held,1,1,1,1,1,1,0
data/neg_roof_held/burst005_f02_rgb.png,data/neg_roof_held/burst005_f02_depth.npy,neg_roof_held,1,1,1,1,1,1,0
data/neg_roof_held/burst005_f03_rgb.png,data/neg_roof_held/burst005_f03_depth.npy,neg_roof_held,1,1,1,1,1,1,0
data/neg_roof_held/burst005_f04_rgb.png,data/neg_roof_held/burst005_f04_depth.npy,neg_roof_held,1,1,1,1,1,1,0
data/neg_roof_held/burst005_f05_rgb.png,data/neg_roof_held/burst005_f05_depth.npy,neg_roof_held,1,1,1,1,1,1,0
data/neg_roof_held/burst005_f06_rgb.png,data/neg_roof_held/burst005_f06_depth.npy,neg_roof_held,1,1,1,1,1,1,0
data/neg_roof_held/burst005_f07_rgb.png,data/neg_roof_held/burst005_f07_depth.npy,neg_roof_held,1,1,1,1,1,1,0
data/neg_roof_held/burst005_f08_rgb.png,data/neg_roof_held/burst005_f08_depth.npy,neg_roof_held,1,1,1,1,1,1,0
data/neg_roof_held/burst005_f09_rgb.png,data/neg_roof_held/burst005_f09_depth.npy,neg_roof_held,1,1,1,1,1,1,0
data/neg_roof_held/burst006_f00_rgb.png,data/neg_roof_held/burst006_f00_depth.npy,neg_roof_held,1,1,1,1,1,1,0
data/neg_roof_held/burst006_f01_rgb.png,data/neg_roof_held/burst006_f01_depth.npy,neg_roof_held,1,1,1,1,1,1,0
data/neg_roof_held/burst006_f02_rgb.png,data/neg_roof_held/burst006_f02_depth.npy,neg_roof_held,1,1,1,1,1,1,0
data/neg_roof_held/burst006_f03_rgb.png,data/neg_roof_held/burst006_f03_depth.npy,neg_roof_held,1,1,1,1,1,1,0
data/neg_roof_held/burst006_f04_rgb.png,data/neg_roof_held/burst006_f04_depth.npy,neg_roof_held,1,1,1,1,1,1,0
data/neg_roof_held/burst006_f05_rgb.png,data/neg_roof_held/burst006_f05_depth.npy,neg_roof_held,1,1,1,1,1,1,0
data/neg_roof_held/burst006_f06_rgb.png,data/neg_roof_held/burst006_f06_depth.npy,neg_roof_held,1,1,1,1,1,1,0
data/neg_roof_held/burst006_f07_rgb.png,data/neg_roof_held/burst006_f07_depth.npy,neg_roof_held,1,1,1,1,1,1,0
data/neg_roof_held/burst006_f08_rgb.png,data/neg_roof_held/burst006_f08_depth.npy,neg_roof_held,1,1,1,1,1,1,0
data/neg_roof_held/burst006_f09_rgb.png,data/neg_roof_held/burst006_f09_depth.npy,neg_roof_held,1,1,1,1,1,1,0
data/neg_roof_held/burst007_f00_rgb.png,data/neg_roof_held/burst007_f00_depth.npy,neg_roof_held,1,1,1,1,1,1,0
data/neg_roof_held/burst007_f01_rgb.png,data/neg_roof_held/burst007_f01_depth.npy,neg_roof_held,1,1,1,1,1,1,0
data/neg_roof_held/burst007_f02_rgb.png,data/neg_roof_held/burst007_f02_depth.npy,neg_roof_held,1,1,1,1,1,1,0
data/neg_roof_held/burst007_f03_rgb.png,data/neg_roof_held/burst007_f03_depth.npy,neg_roof_held,1,1,1,1,1,1,0
data/neg_roof_held/burst007_f04_rgb.png,data/neg_roof_held/burst007_f04_depth.npy,neg_roof_held,1,1,1,1,1,1,0
data/neg_roof_held/burst007_f05_rgb.png,data/neg_roof_held/burst007_f05_depth.npy,neg_roof_held,1,1,1,1,1,1,0
data/neg_roof_held/burst007_f06_rgb.png,data/neg_roof_held/burst007_f06_depth.npy,neg_roof_held,1,1,1,1,1,1,0
data/neg_roof_held/burst007_f07_rgb.png,data/neg_roof_held/burst007_f07_depth.npy,neg_roof_held,1,1,1,1,1,1,0
data/neg_roof_held/burst007_f08_rgb.png,data/neg_roof_held/burst007_f08_depth.npy,neg_roof_held,1,1,1,1,1,1,0
data/neg_roof_held/burst007_f09_rgb.png,data/neg_roof_held/burst007_f09_depth.npy,neg_roof_held,1,1,1,1,1,1,0
data/neg_roof_held/burst008_f00_rgb.png,data/neg_roof_held/burst008_f00_depth.npy,neg_roof_held,1,1,1,1,1,1,0
data/neg_roof_held/burst008_f01_rgb.png,data/neg_roof_held/burst008_f01_depth.npy,neg_roof_held,1,1,1,1,1,1,0
data/neg_roof_held/burst008_f02_rgb.png,data/neg_roof_held/burst008_f02_depth.npy,neg_roof_held,1,1,1,1,1,1,0
data/neg_roof_held/burst008_f03_rgb.png,data/neg_roof_held/burst008_f03_depth.npy,neg_roof_held,1,1,1,1,1,1,0
data/neg_roof_held/burst008_f04_rgb.png,data/neg_roof_held/burst008_f04_depth.npy,neg_roof_held,1,1,1,1,1,1,0
data/neg_roof_held/burst008_f05_rgb.png,data/neg_roof_held/burst008_f05_depth.npy,neg_roof_held,1,1,1,1,1,1,0
data/neg_roof_held/burst008_f06_rgb.png,data/neg_roof_held/burst008_f06_depth.npy,neg_roof_held,1,1,1,1,1,1,0
data/neg_roof_held/burst008_f07_rgb.png,data/neg_roof_held/burst008_f07_depth.npy,neg_roof_held,1,1,1,1,1,1,0
data/neg_roof_held/burst008_f08_rgb.png,data/neg_roof_held/burst008_f08_depth.npy,neg_roof_held,1,1,1,1,1,1,0
data/neg_roof_held/burst008_f09_rgb.png,data/neg_roof_held/burst008_f09_depth.npy,neg_roof_held,1,1,1,1,1,1,0
data/neg_roof_held/burst009_f00_rgb.png,data/neg_roof_held/burst009_f00_depth.npy,neg_roof_held,1,1,1,1,1,1,0
data/neg_roof_held/burst009_f01_rgb.png,data/neg_roof_held/burst009_f01_depth.npy,neg_roof_held,1,1,1,1,1,1,0
data/neg_roof_held/burst009_f02_rgb.png,data/neg_roof_held/burst009_f02_depth.npy,neg_roof_held,1,1,1,1,1,1,0
data/neg_roof_held/burst009_f03_rgb.png,data/neg_roof_held/burst009_f03_depth.npy,neg_roof_held,1,1,1,1,1,1,0
data/neg_roof_held/burst009_f04_rgb.png,data/neg_roof_held/burst009_f04_depth.npy,neg_roof_held,1,1,1,1,1,1,0
data/neg_roof_held/burst009_f05_rgb.png,data/neg_roof_held/burst009_f05_depth.npy,neg_roof_held,1,1,1,1,1,1,0
data/neg_roof_held/burst009_f06_rgb.png,data/neg_roof_held/burst009_f06_depth.npy,neg_roof_held,1,1,1,1,1,1,0
data/neg_roof_held/burst009_f07_rgb.png,data/neg_roof_held/burst009_f07_depth.npy,neg_roof_held,1,1,1,1,1,1,0
data/neg_roof_held/burst009_f08_rgb.png,data/neg_roof_held/burst009_f08_depth.npy,neg_roof_held,1,1,1,1,1,1,0
data/neg_roof_held/burst009_f09_rgb.png,data/neg_roof_held/burst009_f09_depth.npy,neg_roof_held,1,1,1,1,1,1,0
data/neg_roof_held/burst010_f00_rgb.png,data/neg_roof_held/burst010_f00_depth.npy,neg_roof_held,1,1,1,1,1,1,0
data/neg_roof_held/burst010_f01_rgb.png,data/neg_roof_held/burst010_f01_depth.npy,neg_roof_held,1,1,1,1,1,1,0
data/neg_roof_held/burst010_f02_rgb.png,data/neg_roof_held/burst010_f02_depth.npy,neg_roof_held,1,1,1,1,1,1,0
data/neg_roof_held/burst010_f03_rgb.png,data/neg_roof_held/burst010_f03_depth.npy,neg_roof_held,1,1,1,1,1,1,0
data/neg_roof_held/burst010_f04_rgb.png,data/neg_roof_held/burst010_f04_depth.npy,neg_roof_held,1,1,1,1,1,1,0
data/neg_roof_held/burst010_f05_rgb.png,data/neg_roof_held/burst010_f05_depth.npy,neg_roof_held,1,1,1,1,1,1,0
data/neg_roof_held/burst010_f06_rgb.png,data/neg_roof_held/burst010_f06_depth.npy,neg_roof_held,1,1,1,1,1,1,0
data/neg_roof_held/burst010_f07_rgb.png,data/neg_roof_held/burst010_f07_depth.npy,neg_roof_held,1,1,1,1,1,1,0
data/neg_roof_held/burst010_f08_rgb.png,data/neg_roof_held/burst010_f08_depth.npy,neg_roof_held,1,1,1,1,1,1,0
data/neg_roof_held/burst010_f09_rgb.png,data/neg_roof_held/burst010_f09_depth.npy,neg_roof_held,1,1,1,1,1,1,0
data/neg_roof_held/burst011_f00_rgb.png,data/neg_roof_held/burst011_f00_depth.npy,neg_roof_held,1,1,1,1,1,1,0
data/neg_roof_held/burst011_f01_rgb.png,data/neg_roof_held/burst011_f01_depth.npy,neg_roof_held,1,1,1,1,1,1,0
data/neg_roof_held/burst011_f02_rgb.png,data/neg_roof_held/burst011_f02_depth.npy,neg_roof_held,1,1,1,1,1,1,0
data/neg_roof_held/burst011_f03_rgb.png,data/neg_roof_held/burst011_f03_depth.npy,neg_roof_held,1,1,1,1,1,1,0
data/neg_roof_held/burst011_f04_rgb.png,data/neg_roof_held/burst011_f04_depth.npy,neg_roof_held,1,1,1,1,1,1,0
data/neg_roof_held/burst011_f05_rgb.png,data/neg_roof_held/burst011_f05_depth.npy,neg_roof_held,1,1,1,1,1,1,0
data/neg_roof_held/burst011_f06_rgb.png,data/neg_roof_held/burst011_f06_depth.npy,neg_roof_held,1,1,1,1,1,1,0
data/neg_roof_held/burst011_f07_rgb.png,data/neg_roof_held/burst011_f07_depth.npy,neg_roof_held,1,1,1,1,1,1,0
data/neg_roof_held/burst011_f08_rgb.png,data/neg_roof_held/burst011_f08_depth.npy,neg_roof_held,1,1,1,1,1,1,0
data/neg_roof_held/burst011_f09_rgb.png,data/neg_roof_held/burst011_f09_depth.npy,neg_roof_held,1,1,1,1,1,1,0
data/neg_roof_held/burst012_f00_rgb.png,data/neg_roof_held/burst012_f00_depth.npy,neg_roof_held,1,1,1,1,1,1,0
data/neg_roof_held/burst012_f01_rgb.png,data/neg_roof_held/burst012_f01_depth.npy,neg_roof_held,1,1,1,1,1,1,0
data/neg_roof_held/burst012_f02_rgb.png,data/neg_roof_held/burst012_f02_depth.npy,neg_roof_held,1,1,1,1,1,1,0
data/neg_roof_held/burst012_f03_rgb.png,data/neg_roof_held/burst012_f03_depth.npy,neg_roof_held,1,1,1,1,1,1,0
data/neg_roof_held/burst012_f04_rgb.png,data/neg_roof_held/burst012_f04_depth.npy,neg_roof_held,1,1,1,1,1,1,0
data/neg_roof_held/burst012_f05_rgb.png,data/neg_roof_held/burst012_f05_depth.npy,neg_roof_held,1,1,1,1,1,1,0
data/neg_roof_held/burst012_f06_rgb.png,data/neg_roof_held/burst012_f06_depth.npy,neg_roof_held,1,1,1,1,1,1,0
data/neg_roof_held/burst012_f07_rgb.png,data/neg_roof_held/burst012_f07_depth.npy,neg_roof_held,1,1,1,1,1,1,0
data/neg_roof_held/burst012_f08_rgb.png,data/neg_roof_held/burst012_f08_depth.npy,neg_roof_held,1,1,1,1,1,1,0
data/neg_roof_held/burst012_f09_rgb.png,data/neg_roof_held/burst012_f09_depth.npy,neg_roof_held,1,1,1,1,1,1,0
data/neg_roof_held/burst013_f00_rgb.png,data/neg_roof_held/burst013_f00_depth.npy,neg_roof_held,1,1,1,1,1,1,0
data/neg_roof_held/burst013_f01_rgb.png,data/neg_roof_held/burst013_f01_depth.npy,neg_roof_held,1,1,1,1,1,1,0
data/neg_roof_held/burst013_f02_rgb.png,data/neg_roof_held/burst013_f02_depth.npy,neg_roof_held,1,1,1,1,1,1,0
data/neg_roof_held/burst013_f03_rgb.png,data/neg_roof_held/burst013_f03_depth.npy,neg_roof_held,1,1,1,1,1,1,0
data/neg_roof_held/burst013_f04_rgb.png,data/neg_roof_held/burst013_f04_depth.npy,neg_roof_held,1,1,1,1,1,1,0
data/neg_roof_held/burst013_f05_rgb.png,data/neg_roof_held/burst013_f05_depth.npy,neg_roof_held,1,1,1,1,1,1,0
data/neg_roof_held/burst013_f06_rgb.png,data/neg_roof_held/burst013_f06_depth.npy,neg_roof_held,1,1,1,1,1,1,0
data/neg_roof_held/burst013_f07_rgb.png,data/neg_roof_held/burst013_f07_depth.npy,neg_roof_held,1,1,1,1,1,1,0
data/neg_roof_held/burst013_f08_rgb.png,data/neg_roof_held/burst013_f08_depth.npy,neg_roof_held,1,1,1,1,1,1,0
data/neg_roof_held/burst013_f09_rgb.png,data/neg_roof_held/burst013_f09_depth.npy,neg_roof_held,1,1,1,1,1,1,0
data/neg_roof_held/burst014_f00_rgb.png,data/neg_roof_held/burst014_f00_depth.npy,neg_roof_held,1,1,1,1,1,1,0
data/neg_roof_held/burst014_f01_rgb.png,data/neg_roof_held/burst014_f01_depth.npy,neg_roof_held,1,1,1,1,1,1,0
data/neg_roof_held/burst014_f02_rgb.png,data/neg_roof_held/burst014_f02_depth.npy,neg_roof_held,1,1,1,1,1,1,0
data/neg_roof_held/burst014_f03_rgb.png,data/neg_roof_held/burst014_f03_depth.npy,neg_roof_held,1,1,1,1,1,1,0
data/neg_roof_held/burst014_f04_rgb.png,data/neg_roof_held/burst014_f04_depth.npy,neg_roof_held,1,1,1,1,1,1,0
data/neg_roof_held/burst014_f05_rgb.png,data/neg_roof_held/burst014_f05_depth.npy,neg_roof_held,1,1,1,1,1,1,0
data/neg_roof_held/burst014_f06_rgb.png,data/neg_roof_held/burst014_f06_depth.npy,neg_roof_held,1,1,1,1,1,1,0
data/neg_roof_held/burst014_f07_rgb.png,data/neg_roof_held/burst014_f07_depth.npy,neg_roof_held,1,1,1,1,1,1,0
data/neg_roof_held/burst014_f08_rgb.png,data/neg_roof_held/burst014_f08_depth.npy,neg_roof_held,1,1,1,1,1,1,0
data/neg_roof_held/burst014_f09_rgb.png,data/neg_roof_held/burst014_f09_depth.npy,neg_roof_held,1,1,1,1,1,1,0
data/neg_roof_held/burst015_f00_rgb.png,data/neg_roof_held/burst015_f00_depth.npy,neg_roof_held,1,1,1,1,1,1,0
data/neg_roof_held/burst015_f01_rgb.png,data/neg_roof_held/burst015_f01_depth.npy,neg_roof_held,1,1,1,1,1,1,0
data/neg_roof_held/burst015_f02_rgb.png,data/neg_roof_held/burst015_f02_depth.npy,neg_roof_held,1,1,1,1,1,1,0
data/neg_roof_held/burst015_f03_rgb.png,data/neg_roof_held/burst015_f03_depth.npy,neg_roof_held,1,1,1,1,1,1,0
data/neg_roof_held/burst015_f04_rgb.png,data/neg_roof_held/burst015_f04_depth.npy,neg_roof_held,1,1,1,1,1,1,0
data/neg_roof_held/burst015_f05_rgb.png,data/neg_roof_held/burst015_f05_depth.npy,neg_roof_held,1,1,1,1,1,1,0
data/neg_roof_held/burst015_f06_rgb.png,data/neg_roof_held/burst015_f06_depth.npy,neg_roof_held,1,1,1,1,1,1,0
data/neg_roof_held/burst015_f07_rgb.png,data/neg_roof_held/burst015_f07_depth.npy,neg_roof_held,1,1,1,1,1,1,0
data/neg_roof_held/burst015_f08_rgb.png,data/neg_roof_held/burst015_f08_depth.npy,neg_roof_held,1,1,1,1,1,1,0
data/neg_roof_held/burst015_f09_rgb.png,data/neg_roof_held/burst015_f09_depth.npy,neg_roof_held,1,1,1,1,1,1,0
data/neg_roof_held/burst016_f00_rgb.png,data/neg_roof_held/burst016_f00_depth.npy,neg_roof_held,1,1,1,1,1,1,0
data/neg_roof_held/burst016_f01_rgb.png,data/neg_roof_held/burst016_f01_depth.npy,neg_roof_held,1,1,1,1,1,1,0
data/neg_roof_held/burst016_f02_rgb.png,data/neg_roof_held/burst016_f02_depth.npy,neg_roof_held,1,1,1,1,1,1,0
data/neg_roof_held/burst016_f03_rgb.png,data/neg_roof_held/burst016_f03_depth.npy,neg_roof_held,1,1,1,1,1,1,0
data/neg_roof_held/burst016_f04_rgb.png,data/neg_roof_held/burst016_f04_depth.npy,neg_roof_held,1,1,1,1,1,1,0
data/neg_roof_held/burst016_f05_rgb.png,data/neg_roof_held/burst016_f05_depth.npy,neg_roof_held,1,1,1,1,1,1,0
data/neg_roof_held/burst016_f06_rgb.png,data/neg_roof_held/burst016_f06_depth.npy,neg_roof_held,1,1,1,1,1,1,0
data/neg_roof_held/burst016_f07_rgb.png,data/neg_roof_held/burst016_f07_depth.npy,neg_roof_held,1,1,1,1,1,1,0
data/neg_roof_held/burst016_f08_rgb.png,data/neg_roof_held/burst016_f08_depth.npy,neg_roof_held,1,1,1,1,1,1,0
data/neg_roof_held/burst016_f09_rgb.png,data/neg_roof_held/burst016_f09_depth.npy,neg_roof_held,1,1,1,1,1,1,0
data/neg_roof_held/burst017_f00_rgb.png,data/neg_roof_held/burst017_f00_depth.npy,neg_roof_held,1,1,1,1,1,1,0
data/neg_roof_held/burst017_f01_rgb.png,data/neg_roof_held/burst017_f01_depth.npy,neg_roof_held,1,1,1,1,1,1,0
data/neg_roof_held/burst017_f02_rgb.png,data/neg_roof_held/burst017_f02_depth.npy,neg_roof_held,1,1,1,1,1,1,0
data/neg_roof_held/burst017_f03_rgb.png,data/neg_roof_held/burst017_f03_depth.npy,neg_roof_held,1,1,1,1,1,1,0
data/neg_roof_held/burst017_f04_rgb.png,data/neg_roof_held/burst017_f04_depth.npy,neg_roof_held,1,1,1,1,1,1,0
data/neg_roof_held/burst017_f05_rgb.png,data/neg_roof_held/burst017_f05_depth.npy,neg_roof_held,1,1,1,1,1,1,0
data/neg_roof_held/burst017_f06_rgb.png,data/neg_roof_held/burst017_f06_depth.npy,neg_roof_held,1,1,1,1,1,1,0
data/neg_roof_held/burst017_f07_rgb.png,data/neg_roof_held/burst017_f07_depth.npy,neg_roof_held,1,1,1,1,1,1,0
data/neg_roof_held/burst017_f08_rgb.png,data/neg_roof_held/burst017_f08_depth.npy,neg_roof_held,1,1,1,1,1,1,0
data/neg_roof_held/burst017_f09_rgb.png,data/neg_roof_held/burst017_f09_depth.npy,neg_roof_held,1,1,1,1,1,1,0
data/neg_roof_held/burst018_f00_rgb.png,data/neg_roof_held/burst018_f00_depth.npy,neg_roof_held,1,1,1,1,1,1,0
data/neg_roof_held/burst018_f01_rgb.png,data/neg_roof_held/burst018_f01_depth.npy,neg_roof_held,1,1,1,1,1,1,0
data/neg_roof_held/burst018_f02_rgb.png,data/neg_roof_held/burst018_f02_depth.npy,neg_roof_held,1,1,1,1,1,1,0
data/neg_roof_held/burst018_f03_rgb.png,data/neg_roof_held/burst018_f03_depth.npy,neg_roof_held,1,1,1,1,1,1,0
data/neg_roof_held/burst018_f04_rgb.png,data/neg_roof_held/burst018_f04_depth.npy,neg_roof_held,1,1,1,1,1,1,0
data/neg_roof_held/burst018_f05_rgb.png,data/neg_roof_held/burst018_f05_depth.npy,neg_roof_held,1,1,1,1,1,1,0
data/neg_roof_held/burst018_f06_rgb.png,data/neg_roof_held/burst018_f06_depth.npy,neg_roof_held,1,1,1,1,1,1,0
data/neg_roof_held/burst018_f07_rgb.png,data/neg_roof_held/burst018_f07_depth.npy,neg_roof_held,1,1,1,1,1,1,0
data/neg_roof_held/burst018_f08_rgb.png,data/neg_roof_held/burst018_f08_depth.npy,neg_roof_held,1,1,1,1,1,1,0
data/neg_roof_held/burst018_f09_rgb.png,data/neg_roof_held/burst018_f09_depth.npy,neg_roof_held,1,1,1,1,1,1,0
data/neg_roof_held/burst019_f00_rgb.png,data/neg_roof_held/burst019_f00_depth.npy,neg_roof_held,1,1,1,1,1,1,0
data/neg_roof_held/burst019_f01_rgb.png,data/neg_roof_held/burst019_f01_depth.npy,neg_roof_held,1,1,1,1,1,1,0
data/neg_roof_held/burst019_f02_rgb.png,data/neg_roof_held/burst019_f02_depth.npy,neg_roof_held,1,1,1,1,1,1,0
data/neg_roof_held/burst019_f03_rgb.png,data/neg_roof_held/burst019_f03_depth.npy,neg_roof_held,1,1,1,1,1,1,0
data/neg_roof_held/burst019_f04_rgb.png,data/neg_roof_held/burst019_f04_depth.npy,neg_roof_held,1,1,1,1,1,1,0
data/neg_roof_held/burst019_f05_rgb.png,data/neg_roof_held/burst019_f05_depth.npy,neg_roof_held,1,1,1,1,1,1,0
data/neg_roof_held/burst019_f06_rgb.png,data/neg_roof_held/burst019_f06_depth.npy,neg_roof_held,1,1,1,1,1,1,0
data/neg_roof_held/burst019_f07_rgb.png,data/neg_roof_held/burst019_f07_depth.npy,neg_roof_held,1,1,1,1,1,1,0
data/neg_roof_held/burst019_f08_rgb.png,data/neg_roof_held/burst019_f08_depth.npy,neg_roof_held,1,1,1,1,1,1,0
data/neg_roof_held/burst019_f09_rgb.png,data/neg_roof_held/burst019_f09_depth.npy,neg_roof_held,1,1,1,1,1,1,0
data/neg_roof_held/burst020_f00_rgb.png,data/neg_roof_held/burst020_f00_depth.npy,neg_roof_held,1,1,1,1,1,1,0
data/neg_roof_held/burst020_f01_rgb.png,data/neg_roof_held/burst020_f01_depth.npy,neg_roof_held,1,1,1,1,1,1,0
data/neg_roof_held/burst020_f02_rgb.png,data/neg_roof_held/burst020_f02_depth.npy,neg_roof_held,1,1,1,1,1,1,0
data/neg_roof_held/burst020_f03_rgb.png,data/neg_roof_held/burst020_f03_depth.npy,neg_roof_held,1,1,1,1,1,1,0
data/neg_roof_held/burst020_f04_rgb.png,data/neg_roof_held/burst020_f04_depth.npy,neg_roof_held,1,1,1,1,1,1,0
data/neg_roof_held/burst020_f05_rgb.png,data/neg_roof_held/burst020_f05_depth.npy,neg_roof_held,1,1,1,1,1,1,0
data/neg_roof_held/burst020_f06_rgb.png,data/neg_roof_held/burst020_f06_depth.npy,neg_roof_held,1,1,1,1,1,1,0
data/neg_roof_held/burst020_f07_rgb.png,data/neg_roof_held/burst020_f07_depth.npy,neg_roof_held,1,1,1,1,1,1,0
data/neg_roof_held/burst020_f08_rgb.png,data/neg_roof_held/burst020_f08_depth.npy,neg_roof_held,1,1,1,1,1,1,0
data/neg_roof_held/burst020_f09_rgb.png,data/neg_roof_held/burst020_f09_depth.npy,neg_roof_held,1,1,1,1,1,1,0
data/neg_roof_held/burst021_f00_rgb.png,data/neg_roof_held/burst021_f00_depth.npy,neg_roof_held,1,1,1,1,1,1,0
data/neg_roof_held/burst021_f01_rgb.png,data/neg_roof_held/burst021_f01_depth.npy,neg_roof_held,1,1,1,1,1,1,0
data/neg_roof_held/burst021_f02_rgb.png,data/neg_roof_held/burst021_f02_depth.npy,neg_roof_held,1,1,1,1,1,1,0
data/neg_roof_held/burst021_f03_rgb.png,data/neg_roof_held/burst021_f03_depth.npy,neg_roof_held,1,1,1,1,1,1,0
data/neg_roof_held/burst021_f04_rgb.png,data/neg_roof_held/burst021_f04_depth.npy,neg_roof_held,1,1,1,1,1,1,0
data/neg_roof_held/burst021_f05_rgb.png,data/neg_roof_held/burst021_f05_depth.npy,neg_roof_held,1,1,1,1,1,1,0
data/neg_roof_held/burst021_f06_rgb.png,data/neg_roof_held/burst021_f06_depth.npy,neg_roof_held,1,1,1,1,1,1,0
data/neg_roof_held/burst021_f07_rgb.png,data/neg_roof_held/burst021_f07_depth.npy,neg_roof_held,1,1,1,1,1,1,0
data/neg_roof_held/burst021_f08_rgb.png,data/neg_roof_held/burst021_f08_depth.npy,neg_roof_held,1,1,1,1,1,1,0
data/neg_roof_held/burst021_f09_rgb.png,data/neg_roof_held/burst021_f09_depth.npy,neg_roof_held,1,1,1,1,1,1,0
data/neg_roof_near/burst000_f00_rgb.png,data/neg_roof_near/burst000_f00_depth.npy,neg_roof_near,1,1,1,1,1,1,0
data/neg_roof_near/burst000_f01_rgb.png,data/neg_roof_near/burst000_f01_depth.npy,neg_roof_near,1,1,1,1,1,1,0
data/neg_roof_near/burst000_f02_rgb.png,data/neg_roof_near/burst000_f02_depth.npy,neg_roof_near,1,1,1,1,1,1,0
data/neg_roof_near/burst000_f03_rgb.png,data/neg_roof_near/burst000_f03_depth.npy,neg_roof_near,1,1,1,1,1,1,0
data/neg_roof_near/burst000_f04_rgb.png,data/neg_roof_near/burst000_f04_depth.npy,neg_roof_near,1,1,1,1,1,1,0
data/neg_roof_near/burst000_f05_rgb.png,data/neg_roof_near/burst000_f05_depth.npy,neg_roof_near,1,1,1,1,1,1,0
data/neg_roof_near/burst000_f06_rgb.png,data/neg_roof_near/burst000_f06_depth.npy,neg_roof_near,1,1,1,1,1,1,0
data/neg_roof_near/burst000_f07_rgb.png,data/neg_roof_near/burst000_f07_depth.npy,neg_roof_near,1,1,1,1,1,1,0
data/neg_roof_near/burst000_f08_rgb.png,data/neg_roof_near/burst000_f08_depth.npy,neg_roof_near,1,1,1,1,1,1,0
data/neg_roof_near/burst000_f09_rgb.png,data/neg_roof_near/burst000_f09_depth.npy,neg_roof_near,1,1,1,1,1,1,0
data/neg_roof_near/burst001_f00_rgb.png,data/neg_roof_near/burst001_f00_depth.npy,neg_roof_near,1,1,1,1,1,1,0
data/neg_roof_near/burst001_f01_rgb.png,data/neg_roof_near/burst001_f01_depth.npy,neg_roof_near,1,1,1,1,1,1,0
data/neg_roof_near/burst001_f02_rgb.png,data/neg_roof_near/burst001_f02_depth.npy,neg_roof_near,1,1,1,1,1,1,0
data/neg_roof_near/burst001_f03_rgb.png,data/neg_roof_near/burst001_f03_depth.npy,neg_roof_near,1,1,1,1,1,1,0
data/neg_roof_near/burst001_f04_rgb.png,data/neg_roof_near/burst001_f04_depth.npy,neg_roof_near,1,1,1,1,1,1,0
data/neg_roof_near/burst001_f05_rgb.png,data/neg_roof_near/burst001_f05_depth.npy,neg_roof_near,1,1,1,1,1,1,0
data/neg_roof_near/burst001_f06_rgb.png,data/neg_roof_near/burst001_f06_depth.npy,neg_roof_near,1,1,1,1,1,1,0
data/neg_roof_near/burst001_f07_rgb.png,data/neg_roof_near/burst001_f07_depth.npy,neg_roof_near,1,1,1,1,1,1,0
data/neg_roof_near/burst001_f08_rgb.png,data/neg_roof_near/burst001_f08_depth.npy,neg_roof_near,1,1,1,1,1,1,0
data/neg_roof_near/burst001_f09_rgb.png,data/neg_roof_near/burst001_f09_depth.npy,neg_roof_near,1,1,1,1,1,1,0
data/neg_roof_near/burst002_f00_rgb.png,data/neg_roof_near/burst002_f00_depth.npy,neg_roof_near,1,1,1,1,1,1,0
data/neg_roof_near/burst002_f01_rgb.png,data/neg_roof_near/burst002_f01_depth.npy,neg_roof_near,1,1,1,1,1,1,0
data/neg_roof_near/burst002_f02_rgb.png,data/neg_roof_near/burst002_f02_depth.npy,neg_roof_near,1,1,1,1,1,1,0
data/neg_roof_near/burst002_f03_rgb.png,data/neg_roof_near/burst002_f03_depth.npy,neg_roof_near,1,1,1,1,1,1,0
data/neg_roof_near/burst002_f04_rgb.png,data/neg_roof_near/burst002_f04_depth.npy,neg_roof_near,1,1,1,1,1,1,0
data/neg_roof_near/burst002_f05_rgb.png,data/neg_roof_near/burst002_f05_depth.npy,neg_roof_near,1,1,1,1,1,1,0
data/neg_roof_near/burst002_f06_rgb.png,data/neg_roof_near/burst002_f06_depth.npy,neg_roof_near,1,1,1,1,1,1,0
data/neg_roof_near/burst002_f07_rgb.png,data/neg_roof_near/burst002_f07_depth.npy,neg_roof_near,1,1,1,1,1,1,0
data/neg_roof_near/burst002_f08_rgb.png,data/neg_roof_near/burst002_f08_depth.npy,neg_roof_near,1,1,1,1,1,1,0
data/neg_roof_near/burst002_f09_rgb.png,data/neg_roof_near/burst002_f09_depth.npy,neg_roof_near,1,1,1,1,1,1,0
data/neg_roof_near/burst003_f00_rgb.png,data/neg_roof_near/burst003_f00_depth.npy,neg_roof_near,1,1,1,1,1,1,0
data/neg_roof_near/burst003_f01_rgb.png,data/neg_roof_near/burst003_f01_depth.npy,neg_roof_near,1,1,1,1,1,1,0
data/neg_roof_near/burst003_f02_rgb.png,data/neg_roof_near/burst003_f02_depth.npy,neg_roof_near,1,1,1,1,1,1,0
data/neg_roof_near/burst003_f03_rgb.png,data/neg_roof_near/burst003_f03_depth.npy,neg_roof_near,1,1,1,1,1,1,0
data/neg_roof_near/burst003_f04_rgb.png,data/neg_roof_near/burst003_f04_depth.npy,neg_roof_near,1,1,1,1,1,1,0
data/neg_roof_near/burst003_f05_rgb.png,data/neg_roof_near/burst003_f05_depth.npy,neg_roof_near,1,1,1,1,1,1,0
data/neg_roof_near/burst003_f06_rgb.png,data/neg_roof_near/burst003_f06_depth.npy,neg_roof_near,1,1,1,1,1,1,0
data/neg_roof_near/burst003_f07_rgb.png,data/neg_roof_near/burst003_f07_depth.npy,neg_roof_near,1,1,1,1,1,1,0
data/neg_roof_near/burst003_f08_rgb.png,data/neg_roof_near/burst003_f08_depth.npy,neg_roof_near,1,1,1,1,1,1,0
data/neg_roof_near/burst003_f09_rgb.png,data/neg_roof_near/burst003_f09_depth.npy,neg_roof_near,1,1,1,1,1,1,0
data/neg_roof_near/burst004_f00_rgb.png,data/neg_roof_near/burst004_f00_depth.npy,neg_roof_near,1,1,1,1,1,1,0
data/neg_roof_near/burst004_f01_rgb.png,data/neg_roof_near/burst004_f01_depth.npy,neg_roof_near,1,1,1,1,1,1,0
data/neg_roof_near/burst004_f02_rgb.png,data/neg_roof_near/burst004_f02_depth.npy,neg_roof_near,1,1,1,1,1,1,0
data/neg_roof_near/burst004_f03_rgb.png,data/neg_roof_near/burst004_f03_depth.npy,neg_roof_near,1,1,1,1,1,1,0
data/neg_roof_near/burst004_f04_rgb.png,data/neg_roof_near/burst004_f04_depth.npy,neg_roof_near,1,1,1,1,1,1,0
data/neg_roof_near/burst004_f05_rgb.png,data/neg_roof_near/burst004_f05_depth.npy,neg_roof_near,1,1,1,1,1,1,0
data/neg_roof_near/burst004_f06_rgb.png,data/neg_roof_near/burst004_f06_depth.npy,neg_roof_near,1,1,1,1,1,1,0
data/neg_roof_near/burst004_f07_rgb.png,data/neg_roof_near/burst004_f07_depth.npy,neg_roof_near,1,1,1,1,1,1,0
data/neg_roof_near/burst004_f08_rgb.png,data/neg_roof_near/burst004_f08_depth.npy,neg_roof_near,1,1,1,1,1,1,0
data/neg_roof_near/burst004_f09_rgb.png,data/neg_roof_near/burst004_f09_depth.npy,neg_roof_near,1,1,1,1,1,1,0
data/neg_roof_near/burst005_f00_rgb.png,data/neg_roof_near/burst005_f00_depth.npy,neg_roof_near,1,1,1,1,1,1,0
data/neg_roof_near/burst005_f01_rgb.png,data/neg_roof_near/burst005_f01_depth.npy,neg_roof_near,1,1,1,1,1,1,0
data/neg_roof_near/burst005_f02_rgb.png,data/neg_roof_near/burst005_f02_depth.npy,neg_roof_near,1,1,1,1,1,1,0
data/neg_roof_near/burst005_f03_rgb.png,data/neg_roof_near/burst005_f03_depth.npy,neg_roof_near,1,1,1,1,1,1,0
data/neg_roof_near/burst005_f04_rgb.png,data/neg_roof_near/burst005_f04_depth.npy,neg_roof_near,1,1,1,1,1,1,0
data/neg_roof_near/burst005_f05_rgb.png,data/neg_roof_near/burst005_f05_depth.npy,neg_roof_near,1,1,1,1,1,1,0
data/neg_roof_near/burst005_f06_rgb.png,data/neg_roof_near/burst005_f06_depth.npy,neg_roof_near,1,1,1,1,1,1,0
data/neg_roof_near/burst005_f07_rgb.png,data/neg_roof_near/burst005_f07_depth.npy,neg_roof_near,1,1,1,1,1,1,0
data/neg_roof_near/burst005_f08_rgb.png,data/neg_roof_near/burst005_f08_depth.npy,neg_roof_near,1,1,1,1,1,1,0
data/neg_roof_near/burst005_f09_rgb.png,data/neg_roof_near/burst005_f09_depth.npy,neg_roof_near,1,1,1,1,1,1,0
data/neg_roof_near/burst006_f00_rgb.png,data/neg_roof_near/burst006_f00_depth.npy,neg_roof_near,1,1,1,1,1,1,0
data/neg_roof_near/burst006_f01_rgb.png,data/neg_roof_near/burst006_f01_depth.npy,neg_roof_near,1,1,1,1,1,1,0
data/neg_roof_near/burst006_f02_rgb.png,data/neg_roof_near/burst006_f02_depth.npy,neg_roof_near,1,1,1,1,1,1,0
data/neg_roof_near/burst006_f03_rgb.png,data/neg_roof_near/burst006_f03_depth.npy,neg_roof_near,1,1,1,1,1,1,0
data/neg_roof_near/burst006_f04_rgb.png,data/neg_roof_near/burst006_f04_depth.npy,neg_roof_near,1,1,1,1,1,1,0
data/neg_roof_near/burst006_f05_rgb.png,data/neg_roof_near/burst006_f05_depth.npy,neg_roof_near,1,1,1,1,1,1,0
data/neg_roof_near/burst006_f06_rgb.png,data/neg_roof_near/burst006_f06_depth.npy,neg_roof_near,1,1,1,1,1,1,0
data/neg_roof_near/burst006_f07_rgb.png,data/neg_roof_near/burst006_f07_depth.npy,neg_roof_near,1,1,1,1,1,1,0
data/neg_roof_near/burst006_f08_rgb.png,data/neg_roof_near/burst006_f08_depth.npy,neg_roof_near,1,1,1,1,1,1,0
data/neg_roof_near/burst006_f09_rgb.png,data/neg_roof_near/burst006_f09_depth.npy,neg_roof_near,1,1,1,1,1,1,0
data/neg_roof_near/burst007_f00_rgb.png,data/neg_roof_near/burst007_f00_depth.npy,neg_roof_near,1,1,1,1,1,1,0
data/neg_roof_near/burst007_f01_rgb.png,data/neg_roof_near/burst007_f01_depth.npy,neg_roof_near,1,1,1,1,1,1,0
data/neg_roof_near/burst007_f02_rgb.png,data/neg_roof_near/burst007_f02_depth.npy,neg_roof_near,1,1,1,1,1,1,0
data/neg_roof_near/burst007_f03_rgb.png,data/neg_roof_near/burst007_f03_depth.npy,neg_roof_near,1,1,1,1,1,1,0
data/neg_roof_near/burst007_f04_rgb.png,data/neg_roof_near/burst007_f04_depth.npy,neg_roof_near,1,1,1,1,1,1,0
data/neg_roof_near/burst007_f05_rgb.png,data/neg_roof_near/burst007_f05_depth.npy,neg_roof_near,1,1,1,1,1,1,0
data/neg_roof_near/burst007_f06_rgb.png,data/neg_roof_near/burst007_f06_depth.npy,neg_roof_near,1,1,1,1,1,1,0
data/neg_roof_near/burst007_f07_rgb.png,data/neg_roof_near/burst007_f07_depth.npy,neg_roof_near,1,1,1,1,1,1,0
data/neg_roof_near/burst007_f08_rgb.png,data/neg_roof_near/burst007_f08_depth.npy,neg_roof_near,1,1,1,1,1,1,0
data/neg_roof_near/burst007_f09_rgb.png,data/neg_roof_near/burst007_f09_depth.npy,neg_roof_near,1,1,1,1,1,1,0
data/neg_roof_near/burst008_f00_rgb.png,data/neg_roof_near/burst008_f00_depth.npy,neg_roof_near,1,1,1,1,1,1,0
data/neg_roof_near/burst008_f01_rgb.png,data/neg_roof_near/burst008_f01_depth.npy,neg_roof_near,1,1,1,1,1,1,0
data/neg_roof_near/burst008_f02_rgb.png,data/neg_roof_near/burst008_f02_depth.npy,neg_roof_near,1,1,1,1,1,1,0
data/neg_roof_near/burst008_f03_rgb.png,data/neg_roof_near/burst008_f03_depth.npy,neg_roof_near,1,1,1,1,1,1,0
data/neg_roof_near/burst008_f04_rgb.png,data/neg_roof_near/burst008_f04_depth.npy,neg_roof_near,1,1,1,1,1,1,0
data/neg_roof_near/burst008_f05_rgb.png,data/neg_roof_near/burst008_f05_depth.npy,neg_roof_near,1,1,1,1,1,1,0
data/neg_roof_near/burst008_f06_rgb.png,data/neg_roof_near/burst008_f06_depth.npy,neg_roof_near,1,1,1,1,1,1,0
data/neg_roof_near/burst008_f07_rgb.png,data/neg_roof_near/burst008_f07_depth.npy,neg_roof_near,1,1,1,1,1,1,0
data/neg_roof_near/burst008_f08_rgb.png,data/neg_roof_near/burst008_f08_depth.npy,neg_roof_near,1,1,1,1,1,1,0
data/neg_roof_near/burst008_f09_rgb.png,data/neg_roof_near/burst008_f09_depth.npy,neg_roof_near,1,1,1,1,1,1,0
data/neg_roof_near/burst009_f00_rgb.png,data/neg_roof_near/burst009_f00_depth.npy,neg_roof_near,1,1,1,1,1,1,0
data/neg_roof_near/burst009_f01_rgb.png,data/neg_roof_near/burst009_f01_depth.npy,neg_roof_near,1,1,1,1,1,1,0
data/neg_roof_near/burst009_f02_rgb.png,data/neg_roof_near/burst009_f02_depth.npy,neg_roof_near,1,1,1,1,1,1,0
data/neg_roof_near/burst009_f03_rgb.png,data/neg_roof_near/burst009_f03_depth.npy,neg_roof_near,1,1,1,1,1,1,0
data/neg_roof_near/burst009_f04_rgb.png,data/neg_roof_near/burst009_f04_depth.npy,neg_roof_near,1,1,1,1,1,1,0
data/neg_roof_near/burst009_f05_rgb.png,data/neg_roof_near/burst009_f05_depth.npy,neg_roof_near,1,1,1,1,1,1,0
data/neg_roof_near/burst009_f06_rgb.png,data/neg_roof_near/burst009_f06_depth.npy,neg_roof_near,1,1,1,1,1,1,0
data/neg_roof_near/burst009_f07_rgb.png,data/neg_roof_near/burst009_f07_depth.npy,neg_roof_near,1,1,1,1,1,1,0
data/neg_roof_near/burst009_f08_rgb.png,data/neg_roof_near/burst009_f08_depth.npy,neg_roof_near,1,1,1,1,1,1,0
data/neg_roof_near/burst009_f09_rgb.png,data/neg_roof_near/burst009_f09_depth.npy,neg_roof_near,1,1,1,1,1,1,0
data/neg_roof_near/burst010_f00_rgb.png,data/neg_roof_near/burst010_f00_depth.npy,neg_roof_near,1,1,1,1,1,1,0
data/neg_roof_near/burst010_f01_rgb.png,data/neg_roof_near/burst010_f01_depth.npy,neg_roof_near,1,1,1,1,1,1,0
data/neg_roof_near/burst010_f02_rgb.png,data/neg_roof_near/burst010_f02_depth.npy,neg_roof_near,1,1,1,1,1,1,0
data/neg_roof_near/burst010_f03_rgb.png,data/neg_roof_near/burst010_f03_depth.npy,neg_roof_near,1,1,1,1,1,1,0
data/neg_roof_near/burst010_f04_rgb.png,data/neg_roof_near/burst010_f04_depth.npy,neg_roof_near,1,1,1,1,1,1,0
data/neg_roof_near/burst010_f05_rgb.png,data/neg_roof_near/burst010_f05_depth.npy,neg_roof_near,1,1,1,1,1,1,0
data/neg_roof_near/burst010_f06_rgb.png,data/neg_roof_near/burst010_f06_depth.npy,neg_roof_near,1,1,1,1,1,1,0
data/neg_roof_near/burst010_f07_rgb.png,data/neg_roof_near/burst010_f07_depth.npy,neg_roof_near,1,1,1,1,1,1,0
data/neg_roof_near/burst010_f08_rgb.png,data/neg_roof_near/burst010_f08_depth.npy,neg_roof_near,1,1,1,1,1,1,0
data/neg_roof_near/burst010_f09_rgb.png,data/neg_roof_near/burst010_f09_depth.npy,neg_roof_near,1,1,1,1,1,1,0
data/neg_roof_near/burst011_f00_rgb.png,data/neg_roof_near/burst011_f00_depth.npy,neg_roof_near,1,1,1,1,1,1,0
data/neg_roof_near/burst011_f01_rgb.png,data/neg_roof_near/burst011_f01_depth.npy,neg_roof_near,1,1,1,1,1,1,0
data/neg_roof_near/burst011_f02_rgb.png,data/neg_roof_near/burst011_f02_depth.npy,neg_roof_near,1,1,1,1,1,1,0
data/neg_roof_near/burst011_f03_rgb.png,data/neg_roof_near/burst011_f03_depth.npy,neg_roof_near,1,1,1,1,1,1,0
data/neg_roof_near/burst011_f04_rgb.png,data/neg_roof_near/burst011_f04_depth.npy,neg_roof_near,1,1,1,1,1,1,0
data/neg_roof_near/burst011_f05_rgb.png,data/neg_roof_near/burst011_f05_depth.npy,neg_roof_near,1,1,1,1,1,1,0
data/neg_roof_near/burst011_f06_rgb.png,data/neg_roof_near/burst011_f06_depth.npy,neg_roof_near,1,1,1,1,1,1,0
data/neg_roof_near/burst011_f07_rgb.png,data/neg_roof_near/burst011_f07_depth.npy,neg_roof_near,1,1,1,1,1,1,0
data/neg_roof_near/burst011_f08_rgb.png,data/neg_roof_near/burst011_f08_depth.npy,neg_roof_near,1,1,1,1,1,1,0
data/neg_roof_near/burst011_f09_rgb.png,data/neg_roof_near/burst011_f09_depth.npy,neg_roof_near,1,1,1,1,1,1,0
data/neg_roof_near/burst012_f00_rgb.png,data/neg_roof_near/burst012_f00_depth.npy,neg_roof_near,1,1,1,1,1,1,0
data/neg_roof_near/burst012_f01_rgb.png,data/neg_roof_near/burst012_f01_depth.npy,neg_roof_near,1,1,1,1,1,1,0
data/neg_roof_near/burst012_f02_rgb.png,data/neg_roof_near/burst012_f02_depth.npy,neg_roof_near,1,1,1,1,1,1,0
data/neg_roof_near/burst012_f03_rgb.png,data/neg_roof_near/burst012_f03_depth.npy,neg_roof_near,1,1,1,1,1,1,0
data/neg_roof_near/burst012_f04_rgb.png,data/neg_roof_near/burst012_f04_depth.npy,neg_roof_near,1,1,1,1,1,1,0
data/neg_roof_near/burst012_f05_rgb.png,data/neg_roof_near/burst012_f05_depth.npy,neg_roof_near,1,1,1,1,1,1,0
data/neg_roof_near/burst012_f06_rgb.png,data/neg_roof_near/burst012_f06_depth.npy,neg_roof_near,1,1,1,1,1,1,0
data/neg_roof_near/burst012_f07_rgb.png,data/neg_roof_near/burst012_f07_depth.npy,neg_roof_near,1,1,1,1,1,1,0
data/neg_roof_near/burst012_f08_rgb.png,data/neg_roof_near/burst012_f08_depth.npy,neg_roof_near,1,1,1,1,1,1,0
data/neg_roof_near/burst012_f09_rgb.png,data/neg_roof_near/burst012_f09_depth.npy,neg_roof_near,1,1,1,1,1,1,0
data/neg_roof_near/burst013_f00_rgb.png,data/neg_roof_near/burst013_f00_depth.npy,neg_roof_near,1,1,1,1,1,1,0
data/neg_roof_near/burst013_f01_rgb.png,data/neg_roof_near/burst013_f01_depth.npy,neg_roof_near,1,1,1,1,1,1,0
data/neg_roof_near/burst013_f02_rgb.png,data/neg_roof_near/burst013_f02_depth.npy,neg_roof_near,1,1,1,1,1,1,0
data/neg_roof_near/burst013_f03_rgb.png,data/neg_roof_near/burst013_f03_depth.npy,neg_roof_near,1,1,1,1,1,1,0
data/neg_roof_near/burst013_f04_rgb.png,data/neg_roof_near/burst013_f04_depth.npy,neg_roof_near,1,1,1,1,1,1,0
data/neg_roof_near/burst013_f05_rgb.png,data/neg_roof_near/burst013_f05_depth.npy,neg_roof_near,1,1,1,1,1,1,0
data/neg_roof_near/burst013_f06_rgb.png,data/neg_roof_near/burst013_f06_depth.npy,neg_roof_near,1,1,1,1,1,1,0
data/neg_roof_near/burst013_f07_rgb.png,data/neg_roof_near/burst013_f07_depth.npy,neg_roof_near,1,1,1,1,1,1,0
data/neg_roof_near/burst013_f08_rgb.png,data/neg_roof_near/burst013_f08_depth.npy,neg_roof_near,1,1,1,1,1,1,0
data/neg_roof_near/burst013_f09_rgb.png,data/neg_roof_near/burst013_f09_depth.npy,neg_roof_near,1,1,1,1,1,1,0
data/neg_roof_near/burst014_f00_rgb.png,data/neg_roof_near/burst014_f00_depth.npy,neg_roof_near,1,1,1,1,1,1,0
data/neg_roof_near/burst014_f01_rgb.png,data/neg_roof_near/burst014_f01_depth.npy,neg_roof_near,1,1,1,1,1,1,0
data/neg_roof_near/burst014_f02_rgb.png,data/neg_roof_near/burst014_f02_depth.npy,neg_roof_near,1,1,1,1,1,1,0
data/neg_roof_near/burst014_f03_rgb.png,data/neg_roof_near/burst014_f03_depth.npy,neg_roof_near,1,1,1,1,1,1,0
data/neg_roof_near/burst014_f04_rgb.png,data/neg_roof_near/burst014_f04_depth.npy,neg_roof_near,1,1,1,1,1,1,0
data/neg_roof_near/burst014_f05_rgb.png,data/neg_roof_near/burst014_f05_depth.npy,neg_roof_near,1,1,1,1,1,1,0
data/neg_roof_near/burst014_f06_rgb.png,data/neg_roof_near/burst014_f06_depth.npy,neg_roof_near,1,1,1,1,1,1,0
data/neg_roof_near/burst014_f07_rgb.png,data/neg_roof_near/burst014_f07_depth.npy,neg_roof_near,1,1,1,1,1,1,0
data/neg_roof_near/burst014_f08_rgb.png,data/neg_roof_near/burst014_f08_depth.npy,neg_roof_near,1,1,1,1,1,1,0
data/neg_roof_near/burst014_f09_rgb.png,data/neg_roof_near/burst014_f09_depth.npy,neg_roof_near,1,1,1,1,1,1,0
data/neg_roof_near/burst015_f00_rgb.png,data/neg_roof_near/burst015_f00_depth.npy,neg_roof_near,1,1,1,1,1,1,0
data/neg_roof_near/burst015_f01_rgb.png,data/neg_roof_near/burst015_f01_depth.npy,neg_roof_near,1,1,1,1,1,1,0
data/neg_roof_near/burst015_f02_rgb.png,data/neg_roof_near/burst015_f02_depth.npy,neg_roof_near,1,1,1,1,1,1,0
data/neg_roof_near/burst015_f03_rgb.png,data/neg_roof_near/burst015_f03_depth.npy,neg_roof_near,1,1,1,1,1,1,0
data/neg_roof_near/burst015_f04_rgb.png,data/neg_roof_near/burst015_f04_depth.npy,neg_roof_near,1,1,1,1,1,1,0
data/neg_roof_near/burst015_f05_rgb.png,data/neg_roof_near/burst015_f05_depth.npy,neg_roof_near,1,1,1,1,1,1,0
data/neg_roof_near/burst015_f06_rgb.png,data/neg_roof_near/burst015_f06_depth.npy,neg_roof_near,1,1,1,1,1,1,0
data/neg_roof_near/burst015_f07_rgb.png,data/neg_roof_near/burst015_f07_depth.npy,neg_roof_near,1,1,1,1,1,1,0
data/neg_roof_near/burst015_f08_rgb.png,data/neg_roof_near/burst015_f08_depth.npy,neg_roof_near,1,1,1,1,1,1,0
data/neg_roof_near/burst015_f09_rgb.png,data/neg_roof_near/burst015_f09_depth.npy,neg_roof_near,1,1,1,1,1,1,0
data/neg_roof_near/burst016_f00_rgb.png,data/neg_roof_near/burst016_f00_depth.npy,neg_roof_near,1,1,1,1,1,1,0
data/neg_roof_near/burst016_f01_rgb.png,data/neg_roof_near/burst016_f01_depth.npy,neg_roof_near,1,1,1,1,1,1,0
data/neg_roof_near/burst016_f02_rgb.png,data/neg_roof_near/burst016_f02_depth.npy,neg_roof_near,1,1,1,1,1,1,0
data/neg_roof_near/burst016_f03_rgb.png,data/neg_roof_near/burst016_f03_depth.npy,neg_roof_near,1,1,1,1,1,1,0
data/neg_roof_near/burst016_f04_rgb.png,data/neg_roof_near/burst016_f04_depth.npy,neg_roof_near,1,1,1,1,1,1,0
data/neg_roof_near/burst016_f05_rgb.png,data/neg_roof_near/burst016_f05_depth.npy,neg_roof_near,1,1,1,1,1,1,0
data/neg_roof_near/burst016_f06_rgb.png,data/neg_roof_near/burst016_f06_depth.npy,neg_roof_near,1,1,1,1,1,1,0
data/neg_roof_near/burst016_f07_rgb.png,data/neg_roof_near/burst016_f07_depth.npy,neg_roof_near,1,1,1,1,1,1,0
data/neg_roof_near/burst016_f08_rgb.png,data/neg_roof_near/burst016_f08_depth.npy,neg_roof_near,1,1,1,1,1,1,0
data/neg_roof_near/burst016_f09_rgb.png,data/neg_roof_near/burst016_f09_depth.npy,neg_roof_near,1,1,1,1,1,1,0
data/neg_roof_near/burst017_f00_rgb.png,data/neg_roof_near/burst017_f00_depth.npy,neg_roof_near,1,1,1,1,1,1,0
data/neg_roof_near/burst017_f01_rgb.png,data/neg_roof_near/burst017_f01_depth.npy,neg_roof_near,1,1,1,1,1,1,0
data/neg_roof_near/burst017_f02_rgb.png,data/neg_roof_near/burst017_f02_depth.npy,neg_roof_near,1,1,1,1,1,1,0
data/neg_roof_near/burst017_f03_rgb.png,data/neg_roof_near/burst017_f03_depth.npy,neg_roof_near,1,1,1,1,1,1,0
data/neg_roof_near/burst017_f04_rgb.png,data/neg_roof_near/burst017_f04_depth.npy,neg_roof_near,1,1,1,1,1,1,0
data/neg_roof_near/burst017_f05_rgb.png,data/neg_roof_near/burst017_f05_depth.npy,neg_roof_near,1,1,1,1,1,1,0
data/neg_roof_near/burst017_f06_rgb.png,data/neg_roof_near/burst017_f06_depth.npy,neg_roof_near,1,1,1,1,1,1,0
data/neg_roof_near/burst017_f07_rgb.png,data/neg_roof_near/burst017_f07_depth.npy,neg_roof_near,1,1,1,1,1,1,0
data/neg_roof_near/burst017_f08_rgb.png,data/neg_roof_near/burst017_f08_depth.npy,neg_roof_near,1,1,1,1,1,1,0
data/neg_roof_near/burst017_f09_rgb.png,data/neg_roof_near/burst017_f09_depth.npy,neg_roof_near,1,1,1,1,1,1,0
data/neg_roof_near/burst018_f00_rgb.png,data/neg_roof_near/burst018_f00_depth.npy,neg_roof_near,1,1,1,1,1,1,0
data/neg_roof_near/burst018_f01_rgb.png,data/neg_roof_near/burst018_f01_depth.npy,neg_roof_near,1,1,1,1,1,1,0
data/neg_roof_near/burst018_f02_rgb.png,data/neg_roof_near/burst018_f02_depth.npy,neg_roof_near,1,1,1,1,1,1,0
data/neg_roof_near/burst018_f03_rgb.png,data/neg_roof_near/burst018_f03_depth.npy,neg_roof_near,1,1,1,1,1,1,0
data/neg_roof_near/burst018_f04_rgb.png,data/neg_roof_near/burst018_f04_depth.npy,neg_roof_near,1,1,1,1,1,1,0
data/neg_roof_near/burst018_f05_rgb.png,data/neg_roof_near/burst018_f05_depth.npy,neg_roof_near,1,1,1,1,1,1,0
data/neg_roof_near/burst018_f06_rgb.png,data/neg_roof_near/burst018_f06_depth.npy,neg_roof_near,1,1,1,1,1,1,0
data/neg_roof_near/burst018_f07_rgb.png,data/neg_roof_near/burst018_f07_depth.npy,neg_roof_near,1,1,1,1,1,1,0
data/neg_roof_near/burst018_f08_rgb.png,data/neg_roof_near/burst018_f08_depth.npy,neg_roof_near,1,1,1,1,1,1,0
data/neg_roof_near/burst018_f09_rgb.png,data/neg_roof_near/burst018_f09_depth.npy,neg_roof_near,1,1,1,1,1,1,0
data/neg_roof_near/burst019_f00_rgb.png,data/neg_roof_near/burst019_f00_depth.npy,neg_roof_near,1,1,1,1,1,1,0
data/neg_roof_near/burst019_f01_rgb.png,data/neg_roof_near/burst019_f01_depth.npy,neg_roof_near,1,1,1,1,1,1,0
data/neg_roof_near/burst019_f02_rgb.png,data/neg_roof_near/burst019_f02_depth.npy,neg_roof_near,1,1,1,1,1,1,0
data/neg_roof_near/burst019_f03_rgb.png,data/neg_roof_near/burst019_f03_depth.npy,neg_roof_near,1,1,1,1,1,1,0
data/neg_roof_near/burst019_f04_rgb.png,data/neg_roof_near/burst019_f04_depth.npy,neg_roof_near,1,1,1,1,1,1,0
data/neg_roof_near/burst019_f05_rgb.png,data/neg_roof_near/burst019_f05_depth.npy,neg_roof_near,1,1,1,1,1,1,0
data/neg_roof_near/burst019_f06_rgb.png,data/neg_roof_near/burst019_f06_depth.npy,neg_roof_near,1,1,1,1,1,1,0
data/neg_roof_near/burst019_f07_rgb.png,data/neg_roof_near/burst019_f07_depth.npy,neg_roof_near,1,1,1,1,1,1,0
data/neg_roof_near/burst019_f08_rgb.png,data/neg_roof_near/burst019_f08_depth.npy,neg_roof_near,1,1,1,1,1,1,0
data/neg_roof_near/burst019_f09_rgb.png,data/neg_roof_near/burst019_f09_depth.npy,neg_roof_near,1,1,1,1,1,1,0
data/neg_wheel_held/burst000_f00_rgb.png,data/neg_wheel_held/burst000_f00_depth.npy,neg_wheel_held,1,0,0,0,0,0,0
data/neg_wheel_held/burst000_f01_rgb.png,data/neg_wheel_held/burst000_f01_depth.npy,neg_wheel_held,1,0,0,0,0,0,0
data/neg_wheel_held/burst000_f02_rgb.png,data/neg_wheel_held/burst000_f02_depth.npy,neg_wheel_held,1,0,0,0,0,0,0
data/neg_wheel_held/burst000_f03_rgb.png,data/neg_wheel_held/burst000_f03_depth.npy,neg_wheel_held,1,0,0,0,0,0,0
data/neg_wheel_held/burst000_f04_rgb.png,data/neg_wheel_held/burst000_f04_depth.npy,neg_wheel_held,1,0,0,0,0,0,0
data/neg_wheel_held/burst000_f05_rgb.png,data/neg_wheel_held/burst000_f05_depth.npy,neg_wheel_held,1,0,0,0,0,0,0
data/neg_wheel_held/burst000_f06_rgb.png,data/neg_wheel_held/burst000_f06_depth.npy,neg_wheel_held,1,0,0,0,0,0,0
data/neg_wheel_held/burst000_f07_rgb.png,data/neg_wheel_held/burst000_f07_depth.npy,neg_wheel_held,1,0,0,0,0,0,0
data/neg_wheel_held/burst000_f08_rgb.png,data/neg_wheel_held/burst000_f08_depth.npy,neg_wheel_held,1,0,0,0,0,0,0
data/neg_wheel_held/burst000_f09_rgb.png,data/neg_wheel_held/burst000_f09_depth.npy,neg_wheel_held,1,0,0,0,0,0,0
data/neg_wheel_held/burst001_f00_rgb.png,data/neg_wheel_held/burst001_f00_depth.npy,neg_wheel_held,1,0,0,0,0,0,0
data/neg_wheel_held/burst001_f01_rgb.png,data/neg_wheel_held/burst001_f01_depth.npy,neg_wheel_held,1,0,0,0,0,0,0
data/neg_wheel_held/burst001_f02_rgb.png,data/neg_wheel_held/burst001_f02_depth.npy,neg_wheel_held,1,0,0,0,0,0,0
data/neg_wheel_held/burst001_f03_rgb.png,data/neg_wheel_held/burst001_f03_depth.npy,neg_wheel_held,1,0,0,0,0,0,0
data/neg_wheel_held/burst001_f04_rgb.png,data/neg_wheel_held/burst001_f04_depth.npy,neg_wheel_held,1,0,0,0,0,0,0
data/neg_wheel_held/burst001_f05_rgb.png,data/neg_wheel_held/burst001_f05_depth.npy,neg_wheel_held,1,0,0,0,0,0,0
data/neg_wheel_held/burst001_f06_rgb.png,data/neg_wheel_held/burst001_f06_depth.npy,neg_wheel_held,1,0,0,0,0,0,0
data/neg_wheel_held/burst001_f07_rgb.png,data/neg_wheel_held/burst001_f07_depth.npy,neg_wheel_held,1,0,0,0,0,0,0
data/neg_wheel_held/burst001_f08_rgb.png,data/neg_wheel_held/burst001_f08_depth.npy,neg_wheel_held,1,0,0,0,0,0,0
data/neg_wheel_held/burst001_f09_rgb.png,data/neg_wheel_held/burst001_f09_depth.npy,neg_wheel_held,1,0,0,0,0,0,0
data/neg_wheel_held/burst002_f00_rgb.png,data/neg_wheel_held/burst002_f00_depth.npy,neg_wheel_held,1,0,0,0,0,0,0
data/neg_wheel_held/burst002_f01_rgb.png,data/neg_wheel_held/burst002_f01_depth.npy,neg_wheel_held,1,0,0,0,0,0,0
data/neg_wheel_held/burst002_f02_rgb.png,data/neg_wheel_held/burst002_f02_depth.npy,neg_wheel_held,1,0,0,0,0,0,0
data/neg_wheel_held/burst002_f03_rgb.png,data/neg_wheel_held/burst002_f03_depth.npy,neg_wheel_held,1,0,0,0,0,0,0
data/neg_wheel_held/burst002_f04_rgb.png,data/neg_wheel_held/burst002_f04_depth.npy,neg_wheel_held,1,0,0,0,0,0,0
data/neg_wheel_held/burst002_f05_rgb.png,data/neg_wheel_held/burst002_f05_depth.npy,neg_wheel_held,1,0,0,0,0,0,0
data/neg_wheel_held/burst002_f06_rgb.png,data/neg_wheel_held/burst002_f06_depth.npy,neg_wheel_held,1,0,0,0,0,0,0
data/neg_wheel_held/burst002_f07_rgb.png,data/neg_wheel_held/burst002_f07_depth.npy,neg_wheel_held,1,0,0,0,0,0,0
data/neg_wheel_held/burst002_f08_rgb.png,data/neg_wheel_held/burst002_f08_depth.npy,neg_wheel_held,1,0,0,0,0,0,0
data/neg_wheel_held/burst002_f09_rgb.png,data/neg_wheel_held/burst002_f09_depth.npy,neg_wheel_held,1,0,0,0,0,0,0
data/neg_wheel_held/burst003_f00_rgb.png,data/neg_wheel_held/burst003_f00_depth.npy,neg_wheel_held,1,0,0,0,0,0,0
data/neg_wheel_held/burst003_f01_rgb.png,data/neg_wheel_held/burst003_f01_depth.npy,neg_wheel_held,1,0,0,0,0,0,0
data/neg_wheel_held/burst003_f02_rgb.png,data/neg_wheel_held/burst003_f02_depth.npy,neg_wheel_held,1,0,0,0,0,0,0
data/neg_wheel_held/burst003_f03_rgb.png,data/neg_wheel_held/burst003_f03_depth.npy,neg_wheel_held,1,0,0,0,0,0,0
data/neg_wheel_held/burst003_f04_rgb.png,data/neg_wheel_held/burst003_f04_depth.npy,neg_wheel_held,1,0,0,0,0,0,0
data/neg_wheel_held/burst003_f05_rgb.png,data/neg_wheel_held/burst003_f05_depth.npy,neg_wheel_held,1,0,0,0,0,0,0
data/neg_wheel_held/burst003_f06_rgb.png,data/neg_wheel_held/burst003_f06_depth.npy,neg_wheel_held,1,0,0,0,0,0,0
data/neg_wheel_held/burst003_f07_rgb.png,data/neg_wheel_held/burst003_f07_depth.npy,neg_wheel_held,1,0,0,0,0,0,0
data/neg_wheel_held/burst003_f08_rgb.png,data/neg_wheel_held/burst003_f08_depth.npy,neg_wheel_held,1,0,0,0,0,0,0
data/neg_wheel_held/burst003_f09_rgb.png,data/neg_wheel_held/burst003_f09_depth.npy,neg_wheel_held,1,0,0,0,0,0,0
data/neg_wheel_held/burst004_f00_rgb.png,data/neg_wheel_held/burst004_f00_depth.npy,neg_wheel_held,1,0,0,0,0,0,0
data/neg_wheel_held/burst004_f01_rgb.png,data/neg_wheel_held/burst004_f01_depth.npy,neg_wheel_held,1,0,0,0,0,0,0
data/neg_wheel_held/burst004_f02_rgb.png,data/neg_wheel_held/burst004_f02_depth.npy,neg_wheel_held,1,0,0,0,0,0,0
data/neg_wheel_held/burst004_f03_rgb.png,data/neg_wheel_held/burst004_f03_depth.npy,neg_wheel_held,1,0,0,0,0,0,0
data/neg_wheel_held/burst004_f04_rgb.png,data/neg_wheel_held/burst004_f04_depth.npy,neg_wheel_held,1,0,0,0,0,0,0
data/neg_wheel_held/burst004_f05_rgb.png,data/neg_wheel_held/burst004_f05_depth.npy,neg_wheel_held,1,0,0,0,0,0,0
data/neg_wheel_held/burst004_f06_rgb.png,data/neg_wheel_held/burst004_f06_depth.npy,neg_wheel_held,1,0,0,0,0,0,0
data/neg_wheel_held/burst004_f07_rgb.png,data/neg_wheel_held/burst004_f07_depth.npy,neg_wheel_held,1,0,0,0,0,0,0
data/neg_wheel_held/burst004_f08_rgb.png,data/neg_wheel_held/burst004_f08_depth.npy,neg_wheel_held,1,0,0,0,0,0,0
data/neg_wheel_held/burst004_f09_rgb.png,data/neg_wheel_held/burst004_f09_depth.npy,neg_wheel_held,1,0,0,0,0,0,0
data/neg_wheel_held/burst005_f00_rgb.png,data/neg_wheel_held/burst005_f00_depth.npy,neg_wheel_held,1,0,0,0,0,0,0
data/neg_wheel_held/burst005_f01_rgb.png,data/neg_wheel_held/burst005_f01_depth.npy,neg_wheel_held,1,0,0,0,0,0,0
data/neg_wheel_held/burst005_f02_rgb.png,data/neg_wheel_held/burst005_f02_depth.npy,neg_wheel_held,1,0,0,0,0,0,0
data/neg_wheel_held/burst005_f03_rgb.png,data/neg_wheel_held/burst005_f03_depth.npy,neg_wheel_held,1,0,0,0,0,0,0
data/neg_wheel_held/burst005_f04_rgb.png,data/neg_wheel_held/burst005_f04_depth.npy,neg_wheel_held,1,0,0,0,0,0,0
data/neg_wheel_held/burst005_f05_rgb.png,data/neg_wheel_held/burst005_f05_depth.npy,neg_wheel_held,1,0,0,0,0,0,0
data/neg_wheel_held/burst005_f06_rgb.png,data/neg_wheel_held/burst005_f06_depth.npy,neg_wheel_held,1,0,0,0,0,0,0
data/neg_wheel_held/burst005_f07_rgb.png,data/neg_wheel_held/burst005_f07_depth.npy,neg_wheel_held,1,0,0,0,0,0,0
data/neg_wheel_held/burst005_f08_rgb.png,data/neg_wheel_held/burst005_f08_depth.npy,neg_wheel_held,1,0,0,0,0,0,0
data/neg_wheel_held/burst005_f09_rgb.png,data/neg_wheel_held/burst005_f09_depth.npy,neg_wheel_held,1,0,0,0,0,0,0
data/neg_wheel_held/burst006_f00_rgb.png,data/neg_wheel_held/burst006_f00_depth.npy,neg_wheel_held,1,0,0,0,0,0,0
data/neg_wheel_held/burst006_f01_rgb.png,data/neg_wheel_held/burst006_f01_depth.npy,neg_wheel_held,1,0,0,0,0,0,0
data/neg_wheel_held/burst006_f02_rgb.png,data/neg_wheel_held/burst006_f02_depth.npy,neg_wheel_held,1,0,0,0,0,0,0
data/neg_wheel_held/burst006_f03_rgb.png,data/neg_wheel_held/burst006_f03_depth.npy,neg_wheel_held,1,0,0,0,0,0,0
data/neg_wheel_held/burst006_f04_rgb.png,data/neg_wheel_held/burst006_f04_depth.npy,neg_wheel_held,1,0,0,0,0,0,0
data/neg_wheel_held/burst006_f05_rgb.png,data/neg_wheel_held/burst006_f05_depth.npy,neg_wheel_held,1,0,0,0,0,0,0
data/neg_wheel_held/burst006_f06_rgb.png,data/neg_wheel_held/burst006_f06_depth.npy,neg_wheel_held,1,0,0,0,0,0,0
data/neg_wheel_held/burst006_f07_rgb.png,data/neg_wheel_held/burst006_f07_depth.npy,neg_wheel_held,1,0,0,0,0,0,0
data/neg_wheel_held/burst006_f08_rgb.png,data/neg_wheel_held/burst006_f08_depth.npy,neg_wheel_held,1,0,0,0,0,0,0
data/neg_wheel_held/burst006_f09_rgb.png,data/neg_wheel_held/burst006_f09_depth.npy,neg_wheel_held,1,0,0,0,0,0,0
data/neg_wheel_held/burst007_f00_rgb.png,data/neg_wheel_held/burst007_f00_depth.npy,neg_wheel_held,1,0,0,0,0,0,0
data/neg_wheel_held/burst007_f01_rgb.png,data/neg_wheel_held/burst007_f01_depth.npy,neg_wheel_held,1,0,0,0,0,0,0
data/neg_wheel_held/burst007_f02_rgb.png,data/neg_wheel_held/burst007_f02_depth.npy,neg_wheel_held,1,0,0,0,0,0,0
data/neg_wheel_held/burst007_f03_rgb.png,data/neg_wheel_held/burst007_f03_depth.npy,neg_wheel_held,1,0,0,0,0,0,0
data/neg_wheel_held/burst007_f04_rgb.png,data/neg_wheel_held/burst007_f04_depth.npy,neg_wheel_held,1,0,0,0,0,0,0
data/neg_wheel_held/burst007_f05_rgb.png,data/neg_wheel_held/burst007_f05_depth.npy,neg_wheel_held,1,0,0,0,0,0,0
data/neg_wheel_held/burst007_f06_rgb.png,data/neg_wheel_held/burst007_f06_depth.npy,neg_wheel_held,1,0,0,0,0,0,0
data/neg_wheel_held/burst007_f07_rgb.png,data/neg_wheel_held/burst007_f07_depth.npy,neg_wheel_held,1,0,0,0,0,0,0
data/neg_wheel_held/burst007_f08_rgb.png,data/neg_wheel_held/burst007_f08_depth.npy,neg_wheel_held,1,0,0,0,0,0,0
data/neg_wheel_held/burst007_f09_rgb.png,data/neg_wheel_held/burst007_f09_depth.npy,neg_wheel_held,1,0,0,0,0,0,0
data/neg_wheel_held/burst008_f00_rgb.png,data/neg_wheel_held/burst008_f00_depth.npy,neg_wheel_held,1,0,0,0,0,0,0
data/neg_wheel_held/burst008_f01_rgb.png,data/neg_wheel_held/burst008_f01_depth.npy,neg_wheel_held,1,0,0,0,0,0,0
data/neg_wheel_held/burst008_f02_rgb.png,data/neg_wheel_held/burst008_f02_depth.npy,neg_wheel_held,1,0,0,0,0,0,0
data/neg_wheel_held/burst008_f03_rgb.png,data/neg_wheel_held/burst008_f03_depth.npy,neg_wheel_held,1,0,0,0,0,0,0
data/neg_wheel_held/burst008_f04_rgb.png,data/neg_wheel_held/burst008_f04_depth.npy,neg_wheel_held,1,0,0,0,0,0,0
data/neg_wheel_held/burst008_f05_rgb.png,data/neg_wheel_held/burst008_f05_depth.npy,neg_wheel_held,1,0,0,0,0,0,0
data/neg_wheel_held/burst008_f06_rgb.png,data/neg_wheel_held/burst008_f06_depth.npy,neg_wheel_held,1,0,0,0,0,0,0
data/neg_wheel_held/burst008_f07_rgb.png,data/neg_wheel_held/burst008_f07_depth.npy,neg_wheel_held,1,0,0,0,0,0,0
data/neg_wheel_held/burst008_f08_rgb.png,data/neg_wheel_held/burst008_f08_depth.npy,neg_wheel_held,1,0,0,0,0,0,0
data/neg_wheel_held/burst008_f09_rgb.png,data/neg_wheel_held/burst008_f09_depth.npy,neg_wheel_held,1,0,0,0,0,0,0
data/neg_wheel_held/burst009_f00_rgb.png,data/neg_wheel_held/burst009_f00_depth.npy,neg_wheel_held,1,0,0,0,0,0,0
data/neg_wheel_held/burst009_f01_rgb.png,data/neg_wheel_held/burst009_f01_depth.npy,neg_wheel_held,1,0,0,0,0,0,0
data/neg_wheel_held/burst009_f02_rgb.png,data/neg_wheel_held/burst009_f02_depth.npy,neg_wheel_held,1,0,0,0,0,0,0
data/neg_wheel_held/burst009_f03_rgb.png,data/neg_wheel_held/burst009_f03_depth.npy,neg_wheel_held,1,0,0,0,0,0,0
data/neg_wheel_held/burst009_f04_rgb.png,data/neg_wheel_held/burst009_f04_depth.npy,neg_wheel_held,1,0,0,0,0,0,0
data/neg_wheel_held/burst009_f05_rgb.png,data/neg_wheel_held/burst009_f05_depth.npy,neg_wheel_held,1,0,0,0,0,0,0
data/neg_wheel_held/burst009_f06_rgb.png,data/neg_wheel_held/burst009_f06_depth.npy,neg_wheel_held,1,0,0,0,0,0,0
data/neg_wheel_held/burst009_f07_rgb.png,data/neg_wheel_held/burst009_f07_depth.npy,neg_wheel_held,1,0,0,0,0,0,0
data/neg_wheel_held/burst009_f08_rgb.png,data/neg_wheel_held/burst009_f08_depth.npy,neg_wheel_held,1,0,0,0,0,0,0
data/neg_wheel_held/burst009_f09_rgb.png,data/neg_wheel_held/burst009_f09_depth.npy,neg_wheel_held,1,0,0,0,0,0,0
data/neg_wheel_held/burst010_f00_rgb.png,data/neg_wheel_held/burst010_f00_depth.npy,neg_wheel_held,1,0,0,0,0,0,0
data/neg_wheel_held/burst010_f01_rgb.png,data/neg_wheel_held/burst010_f01_depth.npy,neg_wheel_held,1,0,0,0,0,0,0
data/neg_wheel_held/burst010_f02_rgb.png,data/neg_wheel_held/burst010_f02_depth.npy,neg_wheel_held,1,0,0,0,0,0,0
data/neg_wheel_held/burst010_f03_rgb.png,data/neg_wheel_held/burst010_f03_depth.npy,neg_wheel_held,1,0,0,0,0,0,0
data/neg_wheel_held/burst010_f04_rgb.png,data/neg_wheel_held/burst010_f04_depth.npy,neg_wheel_held,1,0,0,0,0,0,0
data/neg_wheel_held/burst010_f05_rgb.png,data/neg_wheel_held/burst010_f05_depth.npy,neg_wheel_held,1,0,0,0,0,0,0
data/neg_wheel_held/burst010_f06_rgb.png,data/neg_wheel_held/burst010_f06_depth.npy,neg_wheel_held,1,0,0,0,0,0,0
data/neg_wheel_held/burst010_f07_rgb.png,data/neg_wheel_held/burst010_f07_depth.npy,neg_wheel_held,1,0,0,0,0,0,0
data/neg_wheel_held/burst010_f08_rgb.png,data/neg_wheel_held/burst010_f08_depth.npy,neg_wheel_held,1,0,0,0,0,0,0
data/neg_wheel_held/burst010_f09_rgb.png,data/neg_wheel_held/burst010_f09_depth.npy,neg_wheel_held,1,0,0,0,0,0,0
data/neg_wheel_held/burst011_f00_rgb.png,data/neg_wheel_held/burst011_f00_depth.npy,neg_wheel_held,1,0,0,0,0,0,0
data/neg_wheel_held/burst011_f01_rgb.png,data/neg_wheel_held/burst011_f01_depth.npy,neg_wheel_held,1,0,0,0,0,0,0
data/neg_wheel_held/burst011_f02_rgb.png,data/neg_wheel_held/burst011_f02_depth.npy,neg_wheel_held,1,0,0,0,0,0,0
data/neg_wheel_held/burst011_f03_rgb.png,data/neg_wheel_held/burst011_f03_depth.npy,neg_wheel_held,1,0,0,0,0,0,0
data/neg_wheel_held/burst011_f04_rgb.png,data/neg_wheel_held/burst011_f04_depth.npy,neg_wheel_held,1,0,0,0,0,0,0
data/neg_wheel_held/burst011_f05_rgb.png,data/neg_wheel_held/burst011_f05_depth.npy,neg_wheel_held,1,0,0,0,0,0,0
data/neg_wheel_held/burst011_f06_rgb.png,data/neg_wheel_held/burst011_f06_depth.npy,neg_wheel_held,1,0,0,0,0,0,0
data/neg_wheel_held/burst011_f07_rgb.png,data/neg_wheel_held/burst011_f07_depth.npy,neg_wheel_held,1,0,0,0,0,0,0
data/neg_wheel_held/burst011_f08_rgb.png,data/neg_wheel_held/burst011_f08_depth.npy,neg_wheel_held,1,0,0,0,0,0,0
data/neg_wheel_held/burst011_f09_rgb.png,data/neg_wheel_held/burst011_f09_depth.npy,neg_wheel_held,1,0,0,0,0,0,0
data/neg_wheel_held/burst012_f00_rgb.png,data/neg_wheel_held/burst012_f00_depth.npy,neg_wheel_held,1,0,0,0,0,0,0
data/neg_wheel_held/burst012_f01_rgb.png,data/neg_wheel_held/burst012_f01_depth.npy,neg_wheel_held,1,0,0,0,0,0,0
data/neg_wheel_held/burst012_f02_rgb.png,data/neg_wheel_held/burst012_f02_depth.npy,neg_wheel_held,1,0,0,0,0,0,0
data/neg_wheel_held/burst012_f03_rgb.png,data/neg_wheel_held/burst012_f03_depth.npy,neg_wheel_held,1,0,0,0,0,0,0
data/neg_wheel_held/burst012_f04_rgb.png,data/neg_wheel_held/burst012_f04_depth.npy,neg_wheel_held,1,0,0,0,0,0,0
data/neg_wheel_held/burst012_f05_rgb.png,data/neg_wheel_held/burst012_f05_depth.npy,neg_wheel_held,1,0,0,0,0,0,0
data/neg_wheel_held/burst012_f06_rgb.png,data/neg_wheel_held/burst012_f06_depth.npy,neg_wheel_held,1,0,0,0,0,0,0
data/neg_wheel_held/burst012_f07_rgb.png,data/neg_wheel_held/burst012_f07_depth.npy,neg_wheel_held,1,0,0,0,0,0,0
data/neg_wheel_held/burst012_f08_rgb.png,data/neg_wheel_held/burst012_f08_depth.npy,neg_wheel_held,1,0,0,0,0,0,0
data/neg_wheel_held/burst012_f09_rgb.png,data/neg_wheel_held/burst012_f09_depth.npy,neg_wheel_held,1,0,0,0,0,0,0
data/neg_wheel_held/burst013_f00_rgb.png,data/neg_wheel_held/burst013_f00_depth.npy,neg_wheel_held,1,0,0,0,0,0,0
data/neg_wheel_held/burst013_f01_rgb.png,data/neg_wheel_held/burst013_f01_depth.npy,neg_wheel_held,1,0,0,0,0,0,0
data/neg_wheel_held/burst013_f02_rgb.png,data/neg_wheel_held/burst013_f02_depth.npy,neg_wheel_held,1,0,0,0,0,0,0
data/neg_wheel_held/burst013_f03_rgb.png,data/neg_wheel_held/burst013_f03_depth.npy,neg_wheel_held,1,0,0,0,0,0,0
data/neg_wheel_held/burst013_f04_rgb.png,data/neg_wheel_held/burst013_f04_depth.npy,neg_wheel_held,1,0,0,0,0,0,0
data/neg_wheel_held/burst013_f05_rgb.png,data/neg_wheel_held/burst013_f05_depth.npy,neg_wheel_held,1,0,0,0,0,0,0
data/neg_wheel_held/burst013_f06_rgb.png,data/neg_wheel_held/burst013_f06_depth.npy,neg_wheel_held,1,0,0,0,0,0,0
data/neg_wheel_held/burst013_f07_rgb.png,data/neg_wheel_held/burst013_f07_depth.npy,neg_wheel_held,1,0,0,0,0,0,0
data/neg_wheel_held/burst013_f08_rgb.png,data/neg_wheel_held/burst013_f08_depth.npy,neg_wheel_held,1,0,0,0,0,0,0
data/neg_wheel_held/burst013_f09_rgb.png,data/neg_wheel_held/burst013_f09_depth.npy,neg_wheel_held,1,0,0,0,0,0,0
data/neg_wheel_held/burst014_f00_rgb.png,data/neg_wheel_held/burst014_f00_depth.npy,neg_wheel_held,1,0,0,0,0,0,0
data/neg_wheel_held/burst014_f01_rgb.png,data/neg_wheel_held/burst014_f01_depth.npy,neg_wheel_held,1,0,0,0,0,0,0
data/neg_wheel_held/burst014_f02_rgb.png,data/neg_wheel_held/burst014_f02_depth.npy,neg_wheel_held,1,0,0,0,0,0,0
data/neg_wheel_held/burst014_f03_rgb.png,data/neg_wheel_held/burst014_f03_depth.npy,neg_wheel_held,1,0,0,0,0,0,0
data/neg_wheel_held/burst014_f04_rgb.png,data/neg_wheel_held/burst014_f04_depth.npy,neg_wheel_held,1,0,0,0,0,0,0
data/neg_wheel_held/burst014_f05_rgb.png,data/neg_wheel_held/burst014_f05_depth.npy,neg_wheel_held,1,0,0,0,0,0,0
data/neg_wheel_held/burst014_f06_rgb.png,data/neg_wheel_held/burst014_f06_depth.npy,neg_wheel_held,1,0,0,0,0,0,0
data/neg_wheel_held/burst014_f07_rgb.png,data/neg_wheel_held/burst014_f07_depth.npy,neg_wheel_held,1,0,0,0,0,0,0
data/neg_wheel_held/burst014_f08_rgb.png,data/neg_wheel_held/burst014_f08_depth.npy,neg_wheel_held,1,0,0,0,0,0,0
data/neg_wheel_held/burst014_f09_rgb.png,data/neg_wheel_held/burst014_f09_depth.npy,neg_wheel_held,1,0,0,0,0,0,0
data/neg_wheel_held/burst015_f00_rgb.png,data/neg_wheel_held/burst015_f00_depth.npy,neg_wheel_held,1,0,0,0,0,0,0
data/neg_wheel_held/burst015_f01_rgb.png,data/neg_wheel_held/burst015_f01_depth.npy,neg_wheel_held,1,0,0,0,0,0,0
data/neg_wheel_held/burst015_f02_rgb.png,data/neg_wheel_held/burst015_f02_depth.npy,neg_wheel_held,1,0,0,0,0,0,0
data/neg_wheel_held/burst015_f03_rgb.png,data/neg_wheel_held/burst015_f03_depth.npy,neg_wheel_held,1,0,0,0,0,0,0
data/neg_wheel_held/burst015_f04_rgb.png,data/neg_wheel_held/burst015_f04_depth.npy,neg_wheel_held,1,0,0,0,0,0,0
data/neg_wheel_held/burst015_f05_rgb.png,data/neg_wheel_held/burst015_f05_depth.npy,neg_wheel_held,1,0,0,0,0,0,0
data/neg_wheel_held/burst015_f06_rgb.png,data/neg_wheel_held/burst015_f06_depth.npy,neg_wheel_held,1,0,0,0,0,0,0
data/neg_wheel_held/burst015_f07_rgb.png,data/neg_wheel_held/burst015_f07_depth.npy,neg_wheel_held,1,0,0,0,0,0,0
data/neg_wheel_held/burst015_f08_rgb.png,data/neg_wheel_held/burst015_f08_depth.npy,neg_wheel_held,1,0,0,0,0,0,0
data/neg_wheel_held/burst015_f09_rgb.png,data/neg_wheel_held/burst015_f09_depth.npy,neg_wheel_held,1,0,0,0,0,0,0
data/neg_wheel_held/burst016_f00_rgb.png,data/neg_wheel_held/burst016_f00_depth.npy,neg_wheel_held,1,0,0,0,0,0,0
data/neg_wheel_held/burst016_f01_rgb.png,data/neg_wheel_held/burst016_f01_depth.npy,neg_wheel_held,1,0,0,0,0,0,0
data/neg_wheel_held/burst016_f02_rgb.png,data/neg_wheel_held/burst016_f02_depth.npy,neg_wheel_held,1,0,0,0,0,0,0
data/neg_wheel_held/burst016_f03_rgb.png,data/neg_wheel_held/burst016_f03_depth.npy,neg_wheel_held,1,0,0,0,0,0,0
data/neg_wheel_held/burst016_f04_rgb.png,data/neg_wheel_held/burst016_f04_depth.npy,neg_wheel_held,1,0,0,0,0,0,0
data/neg_wheel_held/burst016_f05_rgb.png,data/neg_wheel_held/burst016_f05_depth.npy,neg_wheel_held,1,0,0,0,0,0,0
data/neg_wheel_held/burst016_f06_rgb.png,data/neg_wheel_held/burst016_f06_depth.npy,neg_wheel_held,1,0,0,0,0,0,0
data/neg_wheel_held/burst016_f07_rgb.png,data/neg_wheel_held/burst016_f07_depth.npy,neg_wheel_held,1,0,0,0,0,0,0
data/neg_wheel_held/burst016_f08_rgb.png,data/neg_wheel_held/burst016_f08_depth.npy,neg_wheel_held,1,0,0,0,0,0,0
data/neg_wheel_held/burst016_f09_rgb.png,data/neg_wheel_held/burst016_f09_depth.npy,neg_wheel_held,1,0,0,0,0,0,0
data/neg_wheel_held/burst017_f00_rgb.png,data/neg_wheel_held/burst017_f00_depth.npy,neg_wheel_held,1,0,0,0,0,0,0
data/neg_wheel_held/burst017_f01_rgb.png,data/neg_wheel_held/burst017_f01_depth.npy,neg_wheel_held,1,0,0,0,0,0,0
data/neg_wheel_held/burst017_f02_rgb.png,data/neg_wheel_held/burst017_f02_depth.npy,neg_wheel_held,1,0,0,0,0,0,0
data/neg_wheel_held/burst017_f03_rgb.png,data/neg_wheel_held/burst017_f03_depth.npy,neg_wheel_held,1,0,0,0,0,0,0
data/neg_wheel_held/burst017_f04_rgb.png,data/neg_wheel_held/burst017_f04_depth.npy,neg_wheel_held,1,0,0,0,0,0,0
data/neg_wheel_held/burst017_f05_rgb.png,data/neg_wheel_held/burst017_f05_depth.npy,neg_wheel_held,1,0,0,0,0,0,0
data/neg_wheel_held/burst017_f06_rgb.png,data/neg_wheel_held/burst017_f06_depth.npy,neg_wheel_held,1,0,0,0,0,0,0
data/neg_wheel_held/burst017_f07_rgb.png,data/neg_wheel_held/burst017_f07_depth.npy,neg_wheel_held,1,0,0,0,0,0,0
data/neg_wheel_held/burst017_f08_rgb.png,data/neg_wheel_held/burst017_f08_depth.npy,neg_wheel_held,1,0,0,0,0,0,0
data/neg_wheel_held/burst017_f09_rgb.png,data/neg_wheel_held/burst017_f09_depth.npy,neg_wheel_held,1,0,0,0,0,0,0
data/neg_wheel_held/burst018_f00_rgb.png,data/neg_wheel_held/burst018_f00_depth.npy,neg_wheel_held,1,0,0,0,0,0,0
data/neg_wheel_held/burst018_f01_rgb.png,data/neg_wheel_held/burst018_f01_depth.npy,neg_wheel_held,1,0,0,0,0,0,0
data/neg_wheel_held/burst018_f02_rgb.png,data/neg_wheel_held/burst018_f02_depth.npy,neg_wheel_held,1,0,0,0,0,0,0
data/neg_wheel_held/burst018_f03_rgb.png,data/neg_wheel_held/burst018_f03_depth.npy,neg_wheel_held,1,0,0,0,0,0,0
data/neg_wheel_held/burst018_f04_rgb.png,data/neg_wheel_held/burst018_f04_depth.npy,neg_wheel_held,1,0,0,0,0,0,0
data/neg_wheel_held/burst018_f05_rgb.png,data/neg_wheel_held/burst018_f05_depth.npy,neg_wheel_held,1,0,0,0,0,0,0
data/neg_wheel_held/burst018_f06_rgb.png,data/neg_wheel_held/burst018_f06_depth.npy,neg_wheel_held,1,0,0,0,0,0,0
data/neg_wheel_held/burst018_f07_rgb.png,data/neg_wheel_held/burst018_f07_depth.npy,neg_wheel_held,1,0,0,0,0,0,0
data/neg_wheel_held/burst018_f08_rgb.png,data/neg_wheel_held/burst018_f08_depth.npy,neg_wheel_held,1,0,0,0,0,0,0
data/neg_wheel_held/burst018_f09_rgb.png,data/neg_wheel_held/burst018_f09_depth.npy,neg_wheel_held,1,0,0,0,0,0,0
data/neg_wheel_held/burst019_f00_rgb.png,data/neg_wheel_held/burst019_f00_depth.npy,neg_wheel_held,1,0,0,0,0,0,0
data/neg_wheel_held/burst019_f01_rgb.png,data/neg_wheel_held/burst019_f01_depth.npy,neg_wheel_held,1,0,0,0,0,0,0
data/neg_wheel_held/burst019_f02_rgb.png,data/neg_wheel_held/burst019_f02_depth.npy,neg_wheel_held,1,0,0,0,0,0,0
data/neg_wheel_held/burst019_f03_rgb.png,data/neg_wheel_held/burst019_f03_depth.npy,neg_wheel_held,1,0,0,0,0,0,0
data/neg_wheel_held/burst019_f04_rgb.png,data/neg_wheel_held/burst019_f04_depth.npy,neg_wheel_held,1,0,0,0,0,0,0
data/neg_wheel_held/burst019_f05_rgb.png,data/neg_wheel_held/burst019_f05_depth.npy,neg_wheel_held,1,0,0,0,0,0,0
data/neg_wheel_held/burst019_f06_rgb.png,data/neg_wheel_held/burst019_f06_depth.npy,neg_wheel_held,1,0,0,0,0,0,0
data/neg_wheel_held/burst019_f07_rgb.png,data/neg_wheel_held/burst019_f07_depth.npy,neg_wheel_held,1,0,0,0,0,0,0
data/neg_wheel_held/burst019_f08_rgb.png,data/neg_wheel_held/burst019_f08_depth.npy,neg_wheel_held,1,0,0,0,0,0,0
data/neg_wheel_held/burst019_f09_rgb.png,data/neg_wheel_held/burst019_f09_depth.npy,neg_wheel_held,1,0,0,0,0,0,0
data/neg_wheel_held/burst020_f00_rgb.png,data/neg_wheel_held/burst020_f00_depth.npy,neg_wheel_held,1,0,0,0,0,0,0
data/neg_wheel_held/burst020_f01_rgb.png,data/neg_wheel_held/burst020_f01_depth.npy,neg_wheel_held,1,0,0,0,0,0,0
data/neg_wheel_held/burst020_f02_rgb.png,data/neg_wheel_held/burst020_f02_depth.npy,neg_wheel_held,1,0,0,0,0,0,0
data/neg_wheel_held/burst020_f03_rgb.png,data/neg_wheel_held/burst020_f03_depth.npy,neg_wheel_held,1,0,0,0,0,0,0
data/neg_wheel_held/burst020_f04_rgb.png,data/neg_wheel_held/burst020_f04_depth.npy,neg_wheel_held,1,0,0,0,0,0,0
data/neg_wheel_held/burst020_f05_rgb.png,data/neg_wheel_held/burst020_f05_depth.npy,neg_wheel_held,1,0,0,0,0,0,0
data/neg_wheel_held/burst020_f06_rgb.png,data/neg_wheel_held/burst020_f06_depth.npy,neg_wheel_held,1,0,0,0,0,0,0
data/neg_wheel_held/burst020_f07_rgb.png,data/neg_wheel_held/burst020_f07_depth.npy,neg_wheel_held,1,0,0,0,0,0,0
data/neg_wheel_held/burst020_f08_rgb.png,data/neg_wheel_held/burst020_f08_depth.npy,neg_wheel_held,1,0,0,0,0,0,0
data/neg_wheel_held/burst020_f09_rgb.png,data/neg_wheel_held/burst020_f09_depth.npy,neg_wheel_held,1,0,0,0,0,0,0
data/neg_wheel_held/burst021_f00_rgb.png,data/neg_wheel_held/burst021_f00_depth.npy,neg_wheel_held,1,0,0,0,0,0,0
data/neg_wheel_held/burst021_f01_rgb.png,data/neg_wheel_held/burst021_f01_depth.npy,neg_wheel_held,1,0,0,0,0,0,0
data/neg_wheel_held/burst021_f02_rgb.png,data/neg_wheel_held/burst021_f02_depth.npy,neg_wheel_held,1,0,0,0,0,0,0
data/neg_wheel_held/burst021_f03_rgb.png,data/neg_wheel_held/burst021_f03_depth.npy,neg_wheel_held,1,0,0,0,0,0,0
data/neg_wheel_held/burst021_f04_rgb.png,data/neg_wheel_held/burst021_f04_depth.npy,neg_wheel_held,1,0,0,0,0,0,0
data/neg_wheel_held/burst021_f05_rgb.png,data/neg_wheel_held/burst021_f05_depth.npy,neg_wheel_held,1,0,0,0,0,0,0
data/neg_wheel_held/burst021_f06_rgb.png,data/neg_wheel_held/burst021_f06_depth.npy,neg_wheel_held,1,0,0,0,0,0,0
data/neg_wheel_held/burst021_f07_rgb.png,data/neg_wheel_held/burst021_f07_depth.npy,neg_wheel_held,1,0,0,0,0,0,0
data/neg_wheel_held/burst021_f08_rgb.png,data/neg_wheel_held/burst021_f08_depth.npy,neg_wheel_held,1,0,0,0,0,0,0
data/neg_wheel_held/burst021_f09_rgb.png,data/neg_wheel_held/burst021_f09_depth.npy,neg_wheel_held,1,0,0,0,0,0,0
data/neg_wheel_near/burst000_f00_rgb.png,data/neg_wheel_near/burst000_f00_depth.npy,neg_wheel_near,1,0,0,0,0,0,0
data/neg_wheel_near/burst000_f01_rgb.png,data/neg_wheel_near/burst000_f01_depth.npy,neg_wheel_near,1,0,0,0,0,0,0
data/neg_wheel_near/burst000_f02_rgb.png,data/neg_wheel_near/burst000_f02_depth.npy,neg_wheel_near,1,0,0,0,0,0,0
data/neg_wheel_near/burst000_f03_rgb.png,data/neg_wheel_near/burst000_f03_depth.npy,neg_wheel_near,1,0,0,0,0,0,0
data/neg_wheel_near/burst000_f04_rgb.png,data/neg_wheel_near/burst000_f04_depth.npy,neg_wheel_near,1,0,0,0,0,0,0
data/neg_wheel_near/burst000_f05_rgb.png,data/neg_wheel_near/burst000_f05_depth.npy,neg_wheel_near,1,0,0,0,0,0,0
data/neg_wheel_near/burst000_f06_rgb.png,data/neg_wheel_near/burst000_f06_depth.npy,neg_wheel_near,1,0,0,0,0,0,0
data/neg_wheel_near/burst000_f07_rgb.png,data/neg_wheel_near/burst000_f07_depth.npy,neg_wheel_near,1,0,0,0,0,0,0
data/neg_wheel_near/burst000_f08_rgb.png,data/neg_wheel_near/burst000_f08_depth.npy,neg_wheel_near,1,0,0,0,0,0,0
data/neg_wheel_near/burst000_f09_rgb.png,data/neg_wheel_near/burst000_f09_depth.npy,neg_wheel_near,1,0,0,0,0,0,0
data/neg_wheel_near/burst001_f00_rgb.png,data/neg_wheel_near/burst001_f00_depth.npy,neg_wheel_near,1,0,0,0,0,0,0
data/neg_wheel_near/burst001_f01_rgb.png,data/neg_wheel_near/burst001_f01_depth.npy,neg_wheel_near,1,0,0,0,0,0,0
data/neg_wheel_near/burst001_f02_rgb.png,data/neg_wheel_near/burst001_f02_depth.npy,neg_wheel_near,1,0,0,0,0,0,0
data/neg_wheel_near/burst001_f03_rgb.png,data/neg_wheel_near/burst001_f03_depth.npy,neg_wheel_near,1,0,0,0,0,0,0
data/neg_wheel_near/burst001_f04_rgb.png,data/neg_wheel_near/burst001_f04_depth.npy,neg_wheel_near,1,0,0,0,0,0,0
data/neg_wheel_near/burst001_f05_rgb.png,data/neg_wheel_near/burst001_f05_depth.npy,neg_wheel_near,1,0,0,0,0,0,0
data/neg_wheel_near/burst001_f06_rgb.png,data/neg_wheel_near/burst001_f06_depth.npy,neg_wheel_near,1,0,0,0,0,0,0
data/neg_wheel_near/burst001_f07_rgb.png,data/neg_wheel_near/burst001_f07_depth.npy,neg_wheel_near,1,0,0,0,0,0,0
data/neg_wheel_near/burst001_f08_rgb.png,data/neg_wheel_near/burst001_f08_depth.npy,neg_wheel_near,1,0,0,0,0,0,0
data/neg_wheel_near/burst001_f09_rgb.png,data/neg_wheel_near/burst001_f09_depth.npy,neg_wheel_near,1,0,0,0,0,0,0
data/neg_wheel_near/burst002_f00_rgb.png,data/neg_wheel_near/burst002_f00_depth.npy,neg_wheel_near,1,0,0,0,0,0,0
data/neg_wheel_near/burst002_f01_rgb.png,data/neg_wheel_near/burst002_f01_depth.npy,neg_wheel_near,1,0,0,0,0,0,0
data/neg_wheel_near/burst002_f02_rgb.png,data/neg_wheel_near/burst002_f02_depth.npy,neg_wheel_near,1,0,0,0,0,0,0
data/neg_wheel_near/burst002_f03_rgb.png,data/neg_wheel_near/burst002_f03_depth.npy,neg_wheel_near,1,0,0,0,0,0,0
data/neg_wheel_near/burst002_f04_rgb.png,data/neg_wheel_near/burst002_f04_depth.npy,neg_wheel_near,1,0,0,0,0,0,0
data/neg_wheel_near/burst002_f05_rgb.png,data/neg_wheel_near/burst002_f05_depth.npy,neg_wheel_near,1,0,0,0,0,0,0
data/neg_wheel_near/burst002_f06_rgb.png,data/neg_wheel_near/burst002_f06_depth.npy,neg_wheel_near,1,0,0,0,0,0,0
data/neg_wheel_near/burst002_f07_rgb.png,data/neg_wheel_near/burst002_f07_depth.npy,neg_wheel_near,1,0,0,0,0,0,0
data/neg_wheel_near/burst002_f08_rgb.png,data/neg_wheel_near/burst002_f08_depth.npy,neg_wheel_near,1,0,0,0,0,0,0
data/neg_wheel_near/burst002_f09_rgb.png,data/neg_wheel_near/burst002_f09_depth.npy,neg_wheel_near,1,0,0,0,0,0,0
data/neg_wheel_near/burst003_f00_rgb.png,data/neg_wheel_near/burst003_f00_depth.npy,neg_wheel_near,1,0,0,0,0,0,0
data/neg_wheel_near/burst003_f01_rgb.png,data/neg_wheel_near/burst003_f01_depth.npy,neg_wheel_near,1,0,0,0,0,0,0
data/neg_wheel_near/burst003_f02_rgb.png,data/neg_wheel_near/burst003_f02_depth.npy,neg_wheel_near,1,0,0,0,0,0,0
data/neg_wheel_near/burst003_f03_rgb.png,data/neg_wheel_near/burst003_f03_depth.npy,neg_wheel_near,1,0,0,0,0,0,0
data/neg_wheel_near/burst003_f04_rgb.png,data/neg_wheel_near/burst003_f04_depth.npy,neg_wheel_near,1,0,0,0,0,0,0
data/neg_wheel_near/burst003_f05_rgb.png,data/neg_wheel_near/burst003_f05_depth.npy,neg_wheel_near,1,0,0,0,0,0,0
data/neg_wheel_near/burst003_f06_rgb.png,data/neg_wheel_near/burst003_f06_depth.npy,neg_wheel_near,1,0,0,0,0,0,0
data/neg_wheel_near/burst003_f07_rgb.png,data/neg_wheel_near/burst003_f07_depth.npy,neg_wheel_near,1,0,0,0,0,0,0
data/neg_wheel_near/burst003_f08_rgb.png,data/neg_wheel_near/burst003_f08_depth.npy,neg_wheel_near,1,0,0,0,0,0,0
data/neg_wheel_near/burst003_f09_rgb.png,data/neg_wheel_near/burst003_f09_depth.npy,neg_wheel_near,1,0,0,0,0,0,0
data/neg_wheel_near/burst004_f00_rgb.png,data/neg_wheel_near/burst004_f00_depth.npy,neg_wheel_near,1,0,0,0,0,0,0
data/neg_wheel_near/burst004_f01_rgb.png,data/neg_wheel_near/burst004_f01_depth.npy,neg_wheel_near,1,0,0,0,0,0,0
data/neg_wheel_near/burst004_f02_rgb.png,data/neg_wheel_near/burst004_f02_depth.npy,neg_wheel_near,1,0,0,0,0,0,0
data/neg_wheel_near/burst004_f03_rgb.png,data/neg_wheel_near/burst004_f03_depth.npy,neg_wheel_near,1,0,0,0,0,0,0
data/neg_wheel_near/burst004_f04_rgb.png,data/neg_wheel_near/burst004_f04_depth.npy,neg_wheel_near,1,0,0,0,0,0,0
data/neg_wheel_near/burst004_f05_rgb.png,data/neg_wheel_near/burst004_f05_depth.npy,neg_wheel_near,1,0,0,0,0,0,0
data/neg_wheel_near/burst004_f06_rgb.png,data/neg_wheel_near/burst004_f06_depth.npy,neg_wheel_near,1,0,0,0,0,0,0
data/neg_wheel_near/burst004_f07_rgb.png,data/neg_wheel_near/burst004_f07_depth.npy,neg_wheel_near,1,0,0,0,0,0,0
data/neg_wheel_near/burst004_f08_rgb.png,data/neg_wheel_near/burst004_f08_depth.npy,neg_wheel_near,1,0,0,0,0,0,0
data/neg_wheel_near/burst004_f09_rgb.png,data/neg_wheel_near/burst004_f09_depth.npy,neg_wheel_near,1,0,0,0,0,0,0
data/neg_wheel_near/burst005_f00_rgb.png,data/neg_wheel_near/burst005_f00_depth.npy,neg_wheel_near,1,0,0,0,0,0,0
data/neg_wheel_near/burst005_f01_rgb.png,data/neg_wheel_near/burst005_f01_depth.npy,neg_wheel_near,1,0,0,0,0,0,0
data/neg_wheel_near/burst005_f02_rgb.png,data/neg_wheel_near/burst005_f02_depth.npy,neg_wheel_near,1,0,0,0,0,0,0
data/neg_wheel_near/burst005_f03_rgb.png,data/neg_wheel_near/burst005_f03_depth.npy,neg_wheel_near,1,0,0,0,0,0,0
data/neg_wheel_near/burst005_f04_rgb.png,data/neg_wheel_near/burst005_f04_depth.npy,neg_wheel_near,1,0,0,0,0,0,0
data/neg_wheel_near/burst005_f05_rgb.png,data/neg_wheel_near/burst005_f05_depth.npy,neg_wheel_near,1,0,0,0,0,0,0
data/neg_wheel_near/burst005_f06_rgb.png,data/neg_wheel_near/burst005_f06_depth.npy,neg_wheel_near,1,0,0,0,0,0,0
data/neg_wheel_near/burst005_f07_rgb.png,data/neg_wheel_near/burst005_f07_depth.npy,neg_wheel_near,1,0,0,0,0,0,0
data/neg_wheel_near/burst005_f08_rgb.png,data/neg_wheel_near/burst005_f08_depth.npy,neg_wheel_near,1,0,0,0,0,0,0
data/neg_wheel_near/burst005_f09_rgb.png,data/neg_wheel_near/burst005_f09_depth.npy,neg_wheel_near,1,0,0,0,0,0,0
data/neg_wheel_near/burst006_f00_rgb.png,data/neg_wheel_near/burst006_f00_depth.npy,neg_wheel_near,1,0,0,0,0,0,0
data/neg_wheel_near/burst006_f01_rgb.png,data/neg_wheel_near/burst006_f01_depth.npy,neg_wheel_near,1,0,0,0,0,0,0
data/neg_wheel_near/burst006_f02_rgb.png,data/neg_wheel_near/burst006_f02_depth.npy,neg_wheel_near,1,0,0,0,0,0,0
data/neg_wheel_near/burst006_f03_rgb.png,data/neg_wheel_near/burst006_f03_depth.npy,neg_wheel_near,1,0,0,0,0,0,0
data/neg_wheel_near/burst006_f04_rgb.png,data/neg_wheel_near/burst006_f04_depth.npy,neg_wheel_near,1,0,0,0,0,0,0
data/neg_wheel_near/burst006_f05_rgb.png,data/neg_wheel_near/burst006_f05_depth.npy,neg_wheel_near,1,0,0,0,0,0,0
data/neg_wheel_near/burst006_f06_rgb.png,data/neg_wheel_near/burst006_f06_depth.npy,neg_wheel_near,1,0,0,0,0,0,0
data/neg_wheel_near/burst006_f07_rgb.png,data/neg_wheel_near/burst006_f07_depth.npy,neg_wheel_near,1,0,0,0,0,0,0
data/neg_wheel_near/burst006_f08_rgb.png,data/neg_wheel_near/burst006_f08_depth.npy,neg_wheel_near,1,0,0,0,0,0,0
data/neg_wheel_near/burst006_f09_rgb.png,data/neg_wheel_near/burst006_f09_depth.npy,neg_wheel_near,1,0,0,0,0,0,0
data/neg_wheel_near/burst007_f00_rgb.png,data/neg_wheel_near/burst007_f00_depth.npy,neg_wheel_near,1,0,0,0,0,0,0
data/neg_wheel_near/burst007_f01_rgb.png,data/neg_wheel_near/burst007_f01_depth.npy,neg_wheel_near,1,0,0,0,0,0,0
data/neg_wheel_near/burst007_f02_rgb.png,data/neg_wheel_near/burst007_f02_depth.npy,neg_wheel_near,1,0,0,0,0,0,0
data/neg_wheel_near/burst007_f03_rgb.png,data/neg_wheel_near/burst007_f03_depth.npy,neg_wheel_near,1,0,0,0,0,0,0
data/neg_wheel_near/burst007_f04_rgb.png,data/neg_wheel_near/burst007_f04_depth.npy,neg_wheel_near,1,0,0,0,0,0,0
data/neg_wheel_near/burst007_f05_rgb.png,data/neg_wheel_near/burst007_f05_depth.npy,neg_wheel_near,1,0,0,0,0,0,0
data/neg_wheel_near/burst007_f06_rgb.png,data/neg_wheel_near/burst007_f06_depth.npy,neg_wheel_near,1,0,0,0,0,0,0
data/neg_wheel_near/burst007_f07_rgb.png,data/neg_wheel_near/burst007_f07_depth.npy,neg_wheel_near,1,0,0,0,0,0,0
data/neg_wheel_near/burst007_f08_rgb.png,data/neg_wheel_near/burst007_f08_depth.npy,neg_wheel_near,1,0,0,0,0,0,0
data/neg_wheel_near/burst007_f09_rgb.png,data/neg_wheel_near/burst007_f09_depth.npy,neg_wheel_near,1,0,0,0,0,0,0
data/neg_wheel_near/burst008_f00_rgb.png,data/neg_wheel_near/burst008_f00_depth.npy,neg_wheel_near,1,0,0,0,0,0,0
data/neg_wheel_near/burst008_f01_rgb.png,data/neg_wheel_near/burst008_f01_depth.npy,neg_wheel_near,1,0,0,0,0,0,0
data/neg_wheel_near/burst008_f02_rgb.png,data/neg_wheel_near/burst008_f02_depth.npy,neg_wheel_near,1,0,0,0,0,0,0
data/neg_wheel_near/burst008_f03_rgb.png,data/neg_wheel_near/burst008_f03_depth.npy,neg_wheel_near,1,0,0,0,0,0,0
data/neg_wheel_near/burst008_f04_rgb.png,data/neg_wheel_near/burst008_f04_depth.npy,neg_wheel_near,1,0,0,0,0,0,0
data/neg_wheel_near/burst008_f05_rgb.png,data/neg_wheel_near/burst008_f05_depth.npy,neg_wheel_near,1,0,0,0,0,0,0
data/neg_wheel_near/burst008_f06_rgb.png,data/neg_wheel_near/burst008_f06_depth.npy,neg_wheel_near,1,0,0,0,0,0,0
data/neg_wheel_near/burst008_f07_rgb.png,data/neg_wheel_near/burst008_f07_depth.npy,neg_wheel_near,1,0,0,0,0,0,0
data/neg_wheel_near/burst008_f08_rgb.png,data/neg_wheel_near/burst008_f08_depth.npy,neg_wheel_near,1,0,0,0,0,0,0
data/neg_wheel_near/burst008_f09_rgb.png,data/neg_wheel_near/burst008_f09_depth.npy,neg_wheel_near,1,0,0,0,0,0,0
data/neg_wheel_near/burst009_f00_rgb.png,data/neg_wheel_near/burst009_f00_depth.npy,neg_wheel_near,1,0,0,0,0,0,0
data/neg_wheel_near/burst009_f01_rgb.png,data/neg_wheel_near/burst009_f01_depth.npy,neg_wheel_near,1,0,0,0,0,0,0
data/neg_wheel_near/burst009_f02_rgb.png,data/neg_wheel_near/burst009_f02_depth.npy,neg_wheel_near,1,0,0,0,0,0,0
data/neg_wheel_near/burst009_f03_rgb.png,data/neg_wheel_near/burst009_f03_depth.npy,neg_wheel_near,1,0,0,0,0,0,0
data/neg_wheel_near/burst009_f04_rgb.png,data/neg_wheel_near/burst009_f04_depth.npy,neg_wheel_near,1,0,0,0,0,0,0
data/neg_wheel_near/burst009_f05_rgb.png,data/neg_wheel_near/burst009_f05_depth.npy,neg_wheel_near,1,0,0,0,0,0,0
data/neg_wheel_near/burst009_f06_rgb.png,data/neg_wheel_near/burst009_f06_depth.npy,neg_wheel_near,1,0,0,0,0,0,0
data/neg_wheel_near/burst009_f07_rgb.png,data/neg_wheel_near/burst009_f07_depth.npy,neg_wheel_near,1,0,0,0,0,0,0
data/neg_wheel_near/burst009_f08_rgb.png,data/neg_wheel_near/burst009_f08_depth.npy,neg_wheel_near,1,0,0,0,0,0,0
data/neg_wheel_near/burst009_f09_rgb.png,data/neg_wheel_near/burst009_f09_depth.npy,neg_wheel_near,1,0,0,0,0,0,0
data/neg_wheel_near/burst010_f00_rgb.png,data/neg_wheel_near/burst010_f00_depth.npy,neg_wheel_near,1,0,0,0,0,0,0
data/neg_wheel_near/burst010_f01_rgb.png,data/neg_wheel_near/burst010_f01_depth.npy,neg_wheel_near,1,0,0,0,0,0,0
data/neg_wheel_near/burst010_f02_rgb.png,data/neg_wheel_near/burst010_f02_depth.npy,neg_wheel_near,1,0,0,0,0,0,0
data/neg_wheel_near/burst010_f03_rgb.png,data/neg_wheel_near/burst010_f03_depth.npy,neg_wheel_near,1,0,0,0,0,0,0
data/neg_wheel_near/burst010_f04_rgb.png,data/neg_wheel_near/burst010_f04_depth.npy,neg_wheel_near,1,0,0,0,0,0,0
data/neg_wheel_near/burst010_f05_rgb.png,data/neg_wheel_near/burst010_f05_depth.npy,neg_wheel_near,1,0,0,0,0,0,0
data/neg_wheel_near/burst010_f06_rgb.png,data/neg_wheel_near/burst010_f06_depth.npy,neg_wheel_near,1,0,0,0,0,0,0
data/neg_wheel_near/burst010_f07_rgb.png,data/neg_wheel_near/burst010_f07_depth.npy,neg_wheel_near,1,0,0,0,0,0,0
data/neg_wheel_near/burst010_f08_rgb.png,data/neg_wheel_near/burst010_f08_depth.npy,neg_wheel_near,1,0,0,0,0,0,0
data/neg_wheel_near/burst010_f09_rgb.png,data/neg_wheel_near/burst010_f09_depth.npy,neg_wheel_near,1,0,0,0,0,0,0
data/neg_wheel_near/burst011_f00_rgb.png,data/neg_wheel_near/burst011_f00_depth.npy,neg_wheel_near,1,0,0,0,0,0,0
data/neg_wheel_near/burst011_f01_rgb.png,data/neg_wheel_near/burst011_f01_depth.npy,neg_wheel_near,1,0,0,0,0,0,0
data/neg_wheel_near/burst011_f02_rgb.png,data/neg_wheel_near/burst011_f02_depth.npy,neg_wheel_near,1,0,0,0,0,0,0
data/neg_wheel_near/burst011_f03_rgb.png,data/neg_wheel_near/burst011_f03_depth.npy,neg_wheel_near,1,0,0,0,0,0,0
data/neg_wheel_near/burst011_f04_rgb.png,data/neg_wheel_near/burst011_f04_depth.npy,neg_wheel_near,1,0,0,0,0,0,0
data/neg_wheel_near/burst011_f05_rgb.png,data/neg_wheel_near/burst011_f05_depth.npy,neg_wheel_near,1,0,0,0,0,0,0
data/neg_wheel_near/burst011_f06_rgb.png,data/neg_wheel_near/burst011_f06_depth.npy,neg_wheel_near,1,0,0,0,0,0,0
data/neg_wheel_near/burst011_f07_rgb.png,data/neg_wheel_near/burst011_f07_depth.npy,neg_wheel_near,1,0,0,0,0,0,0
data/neg_wheel_near/burst011_f08_rgb.png,data/neg_wheel_near/burst011_f08_depth.npy,neg_wheel_near,1,0,0,0,0,0,0
data/neg_wheel_near/burst011_f09_rgb.png,data/neg_wheel_near/burst011_f09_depth.npy,neg_wheel_near,1,0,0,0,0,0,0
data/neg_wheel_near/burst012_f00_rgb.png,data/neg_wheel_near/burst012_f00_depth.npy,neg_wheel_near,1,0,0,0,0,0,0
data/neg_wheel_near/burst012_f01_rgb.png,data/neg_wheel_near/burst012_f01_depth.npy,neg_wheel_near,1,0,0,0,0,0,0
data/neg_wheel_near/burst012_f02_rgb.png,data/neg_wheel_near/burst012_f02_depth.npy,neg_wheel_near,1,0,0,0,0,0,0
data/neg_wheel_near/burst012_f03_rgb.png,data/neg_wheel_near/burst012_f03_depth.npy,neg_wheel_near,1,0,0,0,0,0,0
data/neg_wheel_near/burst012_f04_rgb.png,data/neg_wheel_near/burst012_f04_depth.npy,neg_wheel_near,1,0,0,0,0,0,0
data/neg_wheel_near/burst012_f05_rgb.png,data/neg_wheel_near/burst012_f05_depth.npy,neg_wheel_near,1,0,0,0,0,0,0
data/neg_wheel_near/burst012_f06_rgb.png,data/neg_wheel_near/burst012_f06_depth.npy,neg_wheel_near,1,0,0,0,0,0,0
data/neg_wheel_near/burst012_f07_rgb.png,data/neg_wheel_near/burst012_f07_depth.npy,neg_wheel_near,1,0,0,0,0,0,0
data/neg_wheel_near/burst012_f08_rgb.png,data/neg_wheel_near/burst012_f08_depth.npy,neg_wheel_near,1,0,0,0,0,0,0
data/neg_wheel_near/burst012_f09_rgb.png,data/neg_wheel_near/burst012_f09_depth.npy,neg_wheel_near,1,0,0,0,0,0,0
data/neg_wheel_near/burst013_f00_rgb.png,data/neg_wheel_near/burst013_f00_depth.npy,neg_wheel_near,1,0,0,0,0,0,0
data/neg_wheel_near/burst013_f01_rgb.png,data/neg_wheel_near/burst013_f01_depth.npy,neg_wheel_near,1,0,0,0,0,0,0
data/neg_wheel_near/burst013_f02_rgb.png,data/neg_wheel_near/burst013_f02_depth.npy,neg_wheel_near,1,0,0,0,0,0,0
data/neg_wheel_near/burst013_f03_rgb.png,data/neg_wheel_near/burst013_f03_depth.npy,neg_wheel_near,1,0,0,0,0,0,0
data/neg_wheel_near/burst013_f04_rgb.png,data/neg_wheel_near/burst013_f04_depth.npy,neg_wheel_near,1,0,0,0,0,0,0
data/neg_wheel_near/burst013_f05_rgb.png,data/neg_wheel_near/burst013_f05_depth.npy,neg_wheel_near,1,0,0,0,0,0,0
data/neg_wheel_near/burst013_f06_rgb.png,data/neg_wheel_near/burst013_f06_depth.npy,neg_wheel_near,1,0,0,0,0,0,0
data/neg_wheel_near/burst013_f07_rgb.png,data/neg_wheel_near/burst013_f07_depth.npy,neg_wheel_near,1,0,0,0,0,0,0
data/neg_wheel_near/burst013_f08_rgb.png,data/neg_wheel_near/burst013_f08_depth.npy,neg_wheel_near,1,0,0,0,0,0,0
data/neg_wheel_near/burst013_f09_rgb.png,data/neg_wheel_near/burst013_f09_depth.npy,neg_wheel_near,1,0,0,0,0,0,0
data/neg_wheel_near/burst014_f00_rgb.png,data/neg_wheel_near/burst014_f00_depth.npy,neg_wheel_near,1,0,0,0,0,0,0
data/neg_wheel_near/burst014_f01_rgb.png,data/neg_wheel_near/burst014_f01_depth.npy,neg_wheel_near,1,0,0,0,0,0,0
data/neg_wheel_near/burst014_f02_rgb.png,data/neg_wheel_near/burst014_f02_depth.npy,neg_wheel_near,1,0,0,0,0,0,0
data/neg_wheel_near/burst014_f03_rgb.png,data/neg_wheel_near/burst014_f03_depth.npy,neg_wheel_near,1,0,0,0,0,0,0
data/neg_wheel_near/burst014_f04_rgb.png,data/neg_wheel_near/burst014_f04_depth.npy,neg_wheel_near,1,0,0,0,0,0,0
data/neg_wheel_near/burst014_f05_rgb.png,data/neg_wheel_near/burst014_f05_depth.npy,neg_wheel_near,1,0,0,0,0,0,0
data/neg_wheel_near/burst014_f06_rgb.png,data/neg_wheel_near/burst014_f06_depth.npy,neg_wheel_near,1,0,0,0,0,0,0
data/neg_wheel_near/burst014_f07_rgb.png,data/neg_wheel_near/burst014_f07_depth.npy,neg_wheel_near,1,0,0,0,0,0,0
data/neg_wheel_near/burst014_f08_rgb.png,data/neg_wheel_near/burst014_f08_depth.npy,neg_wheel_near,1,0,0,0,0,0,0
data/neg_wheel_near/burst014_f09_rgb.png,data/neg_wheel_near/burst014_f09_depth.npy,neg_wheel_near,1,0,0,0,0,0,0
data/neg_wheel_near/burst015_f00_rgb.png,data/neg_wheel_near/burst015_f00_depth.npy,neg_wheel_near,1,0,0,0,0,0,0
data/neg_wheel_near/burst015_f01_rgb.png,data/neg_wheel_near/burst015_f01_depth.npy,neg_wheel_near,1,0,0,0,0,0,0
data/neg_wheel_near/burst015_f02_rgb.png,data/neg_wheel_near/burst015_f02_depth.npy,neg_wheel_near,1,0,0,0,0,0,0
data/neg_wheel_near/burst015_f03_rgb.png,data/neg_wheel_near/burst015_f03_depth.npy,neg_wheel_near,1,0,0,0,0,0,0
data/neg_wheel_near/burst015_f04_rgb.png,data/neg_wheel_near/burst015_f04_depth.npy,neg_wheel_near,1,0,0,0,0,0,0
data/neg_wheel_near/burst015_f05_rgb.png,data/neg_wheel_near/burst015_f05_depth.npy,neg_wheel_near,1,0,0,0,0,0,0
data/neg_wheel_near/burst015_f06_rgb.png,data/neg_wheel_near/burst015_f06_depth.npy,neg_wheel_near,1,0,0,0,0,0,0
data/neg_wheel_near/burst015_f07_rgb.png,data/neg_wheel_near/burst015_f07_depth.npy,neg_wheel_near,1,0,0,0,0,0,0
data/neg_wheel_near/burst015_f08_rgb.png,data/neg_wheel_near/burst015_f08_depth.npy,neg_wheel_near,1,0,0,0,0,0,0
data/neg_wheel_near/burst015_f09_rgb.png,data/neg_wheel_near/burst015_f09_depth.npy,neg_wheel_near,1,0,0,0,0,0,0
data/neg_wheel_near/burst016_f00_rgb.png,data/neg_wheel_near/burst016_f00_depth.npy,neg_wheel_near,1,0,0,0,0,0,0
data/neg_wheel_near/burst016_f01_rgb.png,data/neg_wheel_near/burst016_f01_depth.npy,neg_wheel_near,1,0,0,0,0,0,0
data/neg_wheel_near/burst016_f02_rgb.png,data/neg_wheel_near/burst016_f02_depth.npy,neg_wheel_near,1,0,0,0,0,0,0
data/neg_wheel_near/burst016_f03_rgb.png,data/neg_wheel_near/burst016_f03_depth.npy,neg_wheel_near,1,0,0,0,0,0,0
data/neg_wheel_near/burst016_f04_rgb.png,data/neg_wheel_near/burst016_f04_depth.npy,neg_wheel_near,1,0,0,0,0,0,0
data/neg_wheel_near/burst016_f05_rgb.png,data/neg_wheel_near/burst016_f05_depth.npy,neg_wheel_near,1,0,0,0,0,0,0
data/neg_wheel_near/burst016_f06_rgb.png,data/neg_wheel_near/burst016_f06_depth.npy,neg_wheel_near,1,0,0,0,0,0,0
data/neg_wheel_near/burst016_f07_rgb.png,data/neg_wheel_near/burst016_f07_depth.npy,neg_wheel_near,1,0,0,0,0,0,0
data/neg_wheel_near/burst016_f08_rgb.png,data/neg_wheel_near/burst016_f08_depth.npy,neg_wheel_near,1,0,0,0,0,0,0
data/neg_wheel_near/burst016_f09_rgb.png,data/neg_wheel_near/burst016_f09_depth.npy,neg_wheel_near,1,0,0,0,0,0,0
data/neg_wheel_near/burst017_f00_rgb.png,data/neg_wheel_near/burst017_f00_depth.npy,neg_wheel_near,1,0,0,0,0,0,0
data/neg_wheel_near/burst017_f01_rgb.png,data/neg_wheel_near/burst017_f01_depth.npy,neg_wheel_near,1,0,0,0,0,0,0
data/neg_wheel_near/burst017_f02_rgb.png,data/neg_wheel_near/burst017_f02_depth.npy,neg_wheel_near,1,0,0,0,0,0,0
data/neg_wheel_near/burst017_f03_rgb.png,data/neg_wheel_near/burst017_f03_depth.npy,neg_wheel_near,1,0,0,0,0,0,0
data/neg_wheel_near/burst017_f04_rgb.png,data/neg_wheel_near/burst017_f04_depth.npy,neg_wheel_near,1,0,0,0,0,0,0
data/neg_wheel_near/burst017_f05_rgb.png,data/neg_wheel_near/burst017_f05_depth.npy,neg_wheel_near,1,0,0,0,0,0,0
data/neg_wheel_near/burst017_f06_rgb.png,data/neg_wheel_near/burst017_f06_depth.npy,neg_wheel_near,1,0,0,0,0,0,0
data/neg_wheel_near/burst017_f07_rgb.png,data/neg_wheel_near/burst017_f07_depth.npy,neg_wheel_near,1,0,0,0,0,0,0
data/neg_wheel_near/burst017_f08_rgb.png,data/neg_wheel_near/burst017_f08_depth.npy,neg_wheel_near,1,0,0,0,0,0,0
data/neg_wheel_near/burst017_f09_rgb.png,data/neg_wheel_near/burst017_f09_depth.npy,neg_wheel_near,1,0,0,0,0,0,0
data/neg_wheel_near/burst018_f00_rgb.png,data/neg_wheel_near/burst018_f00_depth.npy,neg_wheel_near,1,0,0,0,0,0,0
data/neg_wheel_near/burst018_f01_rgb.png,data/neg_wheel_near/burst018_f01_depth.npy,neg_wheel_near,1,0,0,0,0,0,0
data/neg_wheel_near/burst018_f02_rgb.png,data/neg_wheel_near/burst018_f02_depth.npy,neg_wheel_near,1,0,0,0,0,0,0
data/neg_wheel_near/burst018_f03_rgb.png,data/neg_wheel_near/burst018_f03_depth.npy,neg_wheel_near,1,0,0,0,0,0,0
data/neg_wheel_near/burst018_f04_rgb.png,data/neg_wheel_near/burst018_f04_depth.npy,neg_wheel_near,1,0,0,0,0,0,0
data/neg_wheel_near/burst018_f05_rgb.png,data/neg_wheel_near/burst018_f05_depth.npy,neg_wheel_near,1,0,0,0,0,0,0
data/neg_wheel_near/burst018_f06_rgb.png,data/neg_wheel_near/burst018_f06_depth.npy,neg_wheel_near,1,0,0,0,0,0,0
data/neg_wheel_near/burst018_f07_rgb.png,data/neg_wheel_near/burst018_f07_depth.npy,neg_wheel_near,1,0,0,0,0,0,0
data/neg_wheel_near/burst018_f08_rgb.png,data/neg_wheel_near/burst018_f08_depth.npy,neg_wheel_near,1,0,0,0,0,0,0
data/neg_wheel_near/burst018_f09_rgb.png,data/neg_wheel_near/burst018_f09_depth.npy,neg_wheel_near,1,0,0,0,0,0,0
data/neg_wheel_near/burst019_f00_rgb.png,data/neg_wheel_near/burst019_f00_depth.npy,neg_wheel_near,1,0,0,0,0,0,0
data/neg_wheel_near/burst019_f01_rgb.png,data/neg_wheel_near/burst019_f01_depth.npy,neg_wheel_near,1,0,0,0,0,0,0
data/neg_wheel_near/burst019_f02_rgb.png,data/neg_wheel_near/burst019_f02_depth.npy,neg_wheel_near,1,0,0,0,0,0,0
data/neg_wheel_near/burst019_f03_rgb.png,data/neg_wheel_near/burst019_f03_depth.npy,neg_wheel_near,1,0,0,0,0,0,0
data/neg_wheel_near/burst019_f04_rgb.png,data/neg_wheel_near/burst019_f04_depth.npy,neg_wheel_near,1,0,0,0,0,0,0
data/neg_wheel_near/burst019_f05_rgb.png,data/neg_wheel_near/burst019_f05_depth.npy,neg_wheel_near,1,0,0,0,0,0,0
data/neg_wheel_near/burst019_f06_rgb.png,data/neg_wheel_near/burst019_f06_depth.npy,neg_wheel_near,1,0,0,0,0,0,0
data/neg_wheel_near/burst019_f07_rgb.png,data/neg_wheel_near/burst019_f07_depth.npy,neg_wheel_near,1,0,0,0,0,0,0
data/neg_wheel_near/burst019_f08_rgb.png,data/neg_wheel_near/burst019_f08_depth.npy,neg_wheel_near,1,0,0,0,0,0,0
data/neg_wheel_near/burst019_f09_rgb.png,data/neg_wheel_near/burst019_f09_depth.npy,neg_wheel_near,1,0,0,0,0,0,0
data/neg_windshield_held/burst000_f00_rgb.png,data/neg_windshield_held/burst000_f00_depth.npy,neg_windshield_held,1,1,1,1,1,0,0
data/neg_windshield_held/burst000_f01_rgb.png,data/neg_windshield_held/burst000_f01_depth.npy,neg_windshield_held,1,1,1,1,1,0,0
data/neg_windshield_held/burst000_f02_rgb.png,data/neg_windshield_held/burst000_f02_depth.npy,neg_windshield_held,1,1,1,1,1,0,0
data/neg_windshield_held/burst000_f03_rgb.png,data/neg_windshield_held/burst000_f03_depth.npy,neg_windshield_held,1,1,1,1,1,0,0
data/neg_windshield_held/burst000_f04_rgb.png,data/neg_windshield_held/burst000_f04_depth.npy,neg_windshield_held,1,1,1,1,1,0,0
data/neg_windshield_held/burst000_f05_rgb.png,data/neg_windshield_held/burst000_f05_depth.npy,neg_windshield_held,1,1,1,1,1,0,0
data/neg_windshield_held/burst000_f06_rgb.png,data/neg_windshield_held/burst000_f06_depth.npy,neg_windshield_held,1,1,1,1,1,0,0
data/neg_windshield_held/burst000_f07_rgb.png,data/neg_windshield_held/burst000_f07_depth.npy,neg_windshield_held,1,1,1,1,1,0,0
data/neg_windshield_held/burst000_f08_rgb.png,data/neg_windshield_held/burst000_f08_depth.npy,neg_windshield_held,1,1,1,1,1,0,0
data/neg_windshield_held/burst000_f09_rgb.png,data/neg_windshield_held/burst000_f09_depth.npy,neg_windshield_held,1,1,1,1,1,0,0
data/neg_windshield_held/burst001_f00_rgb.png,data/neg_windshield_held/burst001_f00_depth.npy,neg_windshield_held,1,1,1,1,1,0,0
data/neg_windshield_held/burst001_f01_rgb.png,data/neg_windshield_held/burst001_f01_depth.npy,neg_windshield_held,1,1,1,1,1,0,0
data/neg_windshield_held/burst001_f02_rgb.png,data/neg_windshield_held/burst001_f02_depth.npy,neg_windshield_held,1,1,1,1,1,0,0
data/neg_windshield_held/burst001_f03_rgb.png,data/neg_windshield_held/burst001_f03_depth.npy,neg_windshield_held,1,1,1,1,1,0,0
data/neg_windshield_held/burst001_f04_rgb.png,data/neg_windshield_held/burst001_f04_depth.npy,neg_windshield_held,1,1,1,1,1,0,0
data/neg_windshield_held/burst001_f05_rgb.png,data/neg_windshield_held/burst001_f05_depth.npy,neg_windshield_held,1,1,1,1,1,0,0
data/neg_windshield_held/burst001_f06_rgb.png,data/neg_windshield_held/burst001_f06_depth.npy,neg_windshield_held,1,1,1,1,1,0,0
data/neg_windshield_held/burst001_f07_rgb.png,data/neg_windshield_held/burst001_f07_depth.npy,neg_windshield_held,1,1,1,1,1,0,0
data/neg_windshield_held/burst001_f08_rgb.png,data/neg_windshield_held/burst001_f08_depth.npy,neg_windshield_held,1,1,1,1,1,0,0
data/neg_windshield_held/burst001_f09_rgb.png,data/neg_windshield_held/burst001_f09_depth.npy,neg_windshield_held,1,1,1,1,1,0,0
data/neg_windshield_held/burst002_f00_rgb.png,data/neg_windshield_held/burst002_f00_depth.npy,neg_windshield_held,1,1,1,1,1,0,0
data/neg_windshield_held/burst002_f01_rgb.png,data/neg_windshield_held/burst002_f01_depth.npy,neg_windshield_held,1,1,1,1,1,0,0
data/neg_windshield_held/burst002_f02_rgb.png,data/neg_windshield_held/burst002_f02_depth.npy,neg_windshield_held,1,1,1,1,1,0,0
data/neg_windshield_held/burst002_f03_rgb.png,data/neg_windshield_held/burst002_f03_depth.npy,neg_windshield_held,1,1,1,1,1,0,0
data/neg_windshield_held/burst002_f04_rgb.png,data/neg_windshield_held/burst002_f04_depth.npy,neg_windshield_held,1,1,1,1,1,0,0
data/neg_windshield_held/burst002_f05_rgb.png,data/neg_windshield_held/burst002_f05_depth.npy,neg_windshield_held,1,1,1,1,1,0,0
data/neg_windshield_held/burst002_f06_rgb.png,data/neg_windshield_held/burst002_f06_depth.npy,neg_windshield_held,1,1,1,1,1,0,0
data/neg_windshield_held/burst002_f07_rgb.png,data/neg_windshield_held/burst002_f07_depth.npy,neg_windshield_held,1,1,1,1,1,0,0
data/neg_windshield_held/burst002_f08_rgb.png,data/neg_windshield_held/burst002_f08_depth.npy,neg_windshield_held,1,1,1,1,1,0,0
data/neg_windshield_held/burst002_f09_rgb.png,data/neg_windshield_held/burst002_f09_depth.npy,neg_windshield_held,1,1,1,1,1,0,0
data/neg_windshield_held/burst003_f00_rgb.png,data/neg_windshield_held/burst003_f00_depth.npy,neg_windshield_held,1,1,1,1,1,0,0
data/neg_windshield_held/burst003_f01_rgb.png,data/neg_windshield_held/burst003_f01_depth.npy,neg_windshield_held,1,1,1,1,1,0,0
data/neg_windshield_held/burst003_f02_rgb.png,data/neg_windshield_held/burst003_f02_depth.npy,neg_windshield_held,1,1,1,1,1,0,0
data/neg_windshield_held/burst003_f03_rgb.png,data/neg_windshield_held/burst003_f03_depth.npy,neg_windshield_held,1,1,1,1,1,0,0
data/neg_windshield_held/burst003_f04_rgb.png,data/neg_windshield_held/burst003_f04_depth.npy,neg_windshield_held,1,1,1,1,1,0,0
data/neg_windshield_held/burst003_f05_rgb.png,data/neg_windshield_held/burst003_f05_depth.npy,neg_windshield_held,1,1,1,1,1,0,0
data/neg_windshield_held/burst003_f06_rgb.png,data/neg_windshield_held/burst003_f06_depth.npy,neg_windshield_held,1,1,1,1,1,0,0
data/neg_windshield_held/burst003_f07_rgb.png,data/neg_windshield_held/burst003_f07_depth.npy,neg_windshield_held,1,1,1,1,1,0,0
data/neg_windshield_held/burst003_f08_rgb.png,data/neg_windshield_held/burst003_f08_depth.npy,neg_windshield_held,1,1,1,1,1,0,0
data/neg_windshield_held/burst003_f09_rgb.png,data/neg_windshield_held/burst003_f09_depth.npy,neg_windshield_held,1,1,1,1,1,0,0
data/neg_windshield_held/burst004_f00_rgb.png,data/neg_windshield_held/burst004_f00_depth.npy,neg_windshield_held,1,1,1,1,1,0,0
data/neg_windshield_held/burst004_f01_rgb.png,data/neg_windshield_held/burst004_f01_depth.npy,neg_windshield_held,1,1,1,1,1,0,0
data/neg_windshield_held/burst004_f02_rgb.png,data/neg_windshield_held/burst004_f02_depth.npy,neg_windshield_held,1,1,1,1,1,0,0
data/neg_windshield_held/burst004_f03_rgb.png,data/neg_windshield_held/burst004_f03_depth.npy,neg_windshield_held,1,1,1,1,1,0,0
data/neg_windshield_held/burst004_f04_rgb.png,data/neg_windshield_held/burst004_f04_depth.npy,neg_windshield_held,1,1,1,1,1,0,0
data/neg_windshield_held/burst004_f05_rgb.png,data/neg_windshield_held/burst004_f05_depth.npy,neg_windshield_held,1,1,1,1,1,0,0
data/neg_windshield_held/burst004_f06_rgb.png,data/neg_windshield_held/burst004_f06_depth.npy,neg_windshield_held,1,1,1,1,1,0,0
data/neg_windshield_held/burst004_f07_rgb.png,data/neg_windshield_held/burst004_f07_depth.npy,neg_windshield_held,1,1,1,1,1,0,0
data/neg_windshield_held/burst004_f08_rgb.png,data/neg_windshield_held/burst004_f08_depth.npy,neg_windshield_held,1,1,1,1,1,0,0
data/neg_windshield_held/burst004_f09_rgb.png,data/neg_windshield_held/burst004_f09_depth.npy,neg_windshield_held,1,1,1,1,1,0,0
data/neg_windshield_held/burst005_f00_rgb.png,data/neg_windshield_held/burst005_f00_depth.npy,neg_windshield_held,1,1,1,1,1,0,0
data/neg_windshield_held/burst005_f01_rgb.png,data/neg_windshield_held/burst005_f01_depth.npy,neg_windshield_held,1,1,1,1,1,0,0
data/neg_windshield_held/burst005_f02_rgb.png,data/neg_windshield_held/burst005_f02_depth.npy,neg_windshield_held,1,1,1,1,1,0,0
data/neg_windshield_held/burst005_f03_rgb.png,data/neg_windshield_held/burst005_f03_depth.npy,neg_windshield_held,1,1,1,1,1,0,0
data/neg_windshield_held/burst005_f04_rgb.png,data/neg_windshield_held/burst005_f04_depth.npy,neg_windshield_held,1,1,1,1,1,0,0
data/neg_windshield_held/burst005_f05_rgb.png,data/neg_windshield_held/burst005_f05_depth.npy,neg_windshield_held,1,1,1,1,1,0,0
data/neg_windshield_held/burst005_f06_rgb.png,data/neg_windshield_held/burst005_f06_depth.npy,neg_windshield_held,1,1,1,1,1,0,0
data/neg_windshield_held/burst005_f07_rgb.png,data/neg_windshield_held/burst005_f07_depth.npy,neg_windshield_held,1,1,1,1,1,0,0
data/neg_windshield_held/burst005_f08_rgb.png,data/neg_windshield_held/burst005_f08_depth.npy,neg_windshield_held,1,1,1,1,1,0,0
data/neg_windshield_held/burst005_f09_rgb.png,data/neg_windshield_held/burst005_f09_depth.npy,neg_windshield_held,1,1,1,1,1,0,0
data/neg_windshield_held/burst006_f00_rgb.png,data/neg_windshield_held/burst006_f00_depth.npy,neg_windshield_held,1,1,1,1,1,0,0
data/neg_windshield_held/burst006_f01_rgb.png,data/neg_windshield_held/burst006_f01_depth.npy,neg_windshield_held,1,1,1,1,1,0,0
data/neg_windshield_held/burst006_f02_rgb.png,data/neg_windshield_held/burst006_f02_depth.npy,neg_windshield_held,1,1,1,1,1,0,0
data/neg_windshield_held/burst006_f03_rgb.png,data/neg_windshield_held/burst006_f03_depth.npy,neg_windshield_held,1,1,1,1,1,0,0
data/neg_windshield_held/burst006_f04_rgb.png,data/neg_windshield_held/burst006_f04_depth.npy,neg_windshield_held,1,1,1,1,1,0,0
data/neg_windshield_held/burst006_f05_rgb.png,data/neg_windshield_held/burst006_f05_depth.npy,neg_windshield_held,1,1,1,1,1,0,0
data/neg_windshield_held/burst006_f06_rgb.png,data/neg_windshield_held/burst006_f06_depth.npy,neg_windshield_held,1,1,1,1,1,0,0
data/neg_windshield_held/burst006_f07_rgb.png,data/neg_windshield_held/burst006_f07_depth.npy,neg_windshield_held,1,1,1,1,1,0,0
data/neg_windshield_held/burst006_f08_rgb.png,data/neg_windshield_held/burst006_f08_depth.npy,neg_windshield_held,1,1,1,1,1,0,0
data/neg_windshield_held/burst006_f09_rgb.png,data/neg_windshield_held/burst006_f09_depth.npy,neg_windshield_held,1,1,1,1,1,0,0
data/neg_windshield_held/burst007_f00_rgb.png,data/neg_windshield_held/burst007_f00_depth.npy,neg_windshield_held,1,1,1,1,1,0,0
data/neg_windshield_held/burst007_f01_rgb.png,data/neg_windshield_held/burst007_f01_depth.npy,neg_windshield_held,1,1,1,1,1,0,0
data/neg_windshield_held/burst007_f02_rgb.png,data/neg_windshield_held/burst007_f02_depth.npy,neg_windshield_held,1,1,1,1,1,0,0
data/neg_windshield_held/burst007_f03_rgb.png,data/neg_windshield_held/burst007_f03_depth.npy,neg_windshield_held,1,1,1,1,1,0,0
data/neg_windshield_held/burst007_f04_rgb.png,data/neg_windshield_held/burst007_f04_depth.npy,neg_windshield_held,1,1,1,1,1,0,0
data/neg_windshield_held/burst007_f05_rgb.png,data/neg_windshield_held/burst007_f05_depth.npy,neg_windshield_held,1,1,1,1,1,0,0
data/neg_windshield_held/burst007_f06_rgb.png,data/neg_windshield_held/burst007_f06_depth.npy,neg_windshield_held,1,1,1,1,1,0,0
data/neg_windshield_held/burst007_f07_rgb.png,data/neg_windshield_held/burst007_f07_depth.npy,neg_windshield_held,1,1,1,1,1,0,0
data/neg_windshield_held/burst007_f08_rgb.png,data/neg_windshield_held/burst007_f08_depth.npy,neg_windshield_held,1,1,1,1,1,0,0
data/neg_windshield_held/burst007_f09_rgb.png,data/neg_windshield_held/burst007_f09_depth.npy,neg_windshield_held,1,1,1,1,1,0,0
data/neg_windshield_held/burst008_f00_rgb.png,data/neg_windshield_held/burst008_f00_depth.npy,neg_windshield_held,1,1,1,1,1,0,0
data/neg_windshield_held/burst008_f01_rgb.png,data/neg_windshield_held/burst008_f01_depth.npy,neg_windshield_held,1,1,1,1,1,0,0
data/neg_windshield_held/burst008_f02_rgb.png,data/neg_windshield_held/burst008_f02_depth.npy,neg_windshield_held,1,1,1,1,1,0,0
data/neg_windshield_held/burst008_f03_rgb.png,data/neg_windshield_held/burst008_f03_depth.npy,neg_windshield_held,1,1,1,1,1,0,0
data/neg_windshield_held/burst008_f04_rgb.png,data/neg_windshield_held/burst008_f04_depth.npy,neg_windshield_held,1,1,1,1,1,0,0
data/neg_windshield_held/burst008_f05_rgb.png,data/neg_windshield_held/burst008_f05_depth.npy,neg_windshield_held,1,1,1,1,1,0,0
data/neg_windshield_held/burst008_f06_rgb.png,data/neg_windshield_held/burst008_f06_depth.npy,neg_windshield_held,1,1,1,1,1,0,0
data/neg_windshield_held/burst008_f07_rgb.png,data/neg_windshield_held/burst008_f07_depth.npy,neg_windshield_held,1,1,1,1,1,0,0
data/neg_windshield_held/burst008_f08_rgb.png,data/neg_windshield_held/burst008_f08_depth.npy,neg_windshield_held,1,1,1,1,1,0,0
data/neg_windshield_held/burst008_f09_rgb.png,data/neg_windshield_held/burst008_f09_depth.npy,neg_windshield_held,1,1,1,1,1,0,0
data/neg_windshield_held/burst009_f00_rgb.png,data/neg_windshield_held/burst009_f00_depth.npy,neg_windshield_held,1,1,1,1,1,0,0
data/neg_windshield_held/burst009_f01_rgb.png,data/neg_windshield_held/burst009_f01_depth.npy,neg_windshield_held,1,1,1,1,1,0,0
data/neg_windshield_held/burst009_f02_rgb.png,data/neg_windshield_held/burst009_f02_depth.npy,neg_windshield_held,1,1,1,1,1,0,0
data/neg_windshield_held/burst009_f03_rgb.png,data/neg_windshield_held/burst009_f03_depth.npy,neg_windshield_held,1,1,1,1,1,0,0
data/neg_windshield_held/burst009_f04_rgb.png,data/neg_windshield_held/burst009_f04_depth.npy,neg_windshield_held,1,1,1,1,1,0,0
data/neg_windshield_held/burst009_f05_rgb.png,data/neg_windshield_held/burst009_f05_depth.npy,neg_windshield_held,1,1,1,1,1,0,0
data/neg_windshield_held/burst009_f06_rgb.png,data/neg_windshield_held/burst009_f06_depth.npy,neg_windshield_held,1,1,1,1,1,0,0
data/neg_windshield_held/burst009_f07_rgb.png,data/neg_windshield_held/burst009_f07_depth.npy,neg_windshield_held,1,1,1,1,1,0,0
data/neg_windshield_held/burst009_f08_rgb.png,data/neg_windshield_held/burst009_f08_depth.npy,neg_windshield_held,1,1,1,1,1,0,0
data/neg_windshield_held/burst009_f09_rgb.png,data/neg_windshield_held/burst009_f09_depth.npy,neg_windshield_held,1,1,1,1,1,0,0
data/neg_windshield_held/burst010_f00_rgb.png,data/neg_windshield_held/burst010_f00_depth.npy,neg_windshield_held,1,1,1,1,1,0,0
data/neg_windshield_held/burst010_f01_rgb.png,data/neg_windshield_held/burst010_f01_depth.npy,neg_windshield_held,1,1,1,1,1,0,0
data/neg_windshield_held/burst010_f02_rgb.png,data/neg_windshield_held/burst010_f02_depth.npy,neg_windshield_held,1,1,1,1,1,0,0
data/neg_windshield_held/burst010_f03_rgb.png,data/neg_windshield_held/burst010_f03_depth.npy,neg_windshield_held,1,1,1,1,1,0,0
data/neg_windshield_held/burst010_f04_rgb.png,data/neg_windshield_held/burst010_f04_depth.npy,neg_windshield_held,1,1,1,1,1,0,0
data/neg_windshield_held/burst010_f05_rgb.png,data/neg_windshield_held/burst010_f05_depth.npy,neg_windshield_held,1,1,1,1,1,0,0
data/neg_windshield_held/burst010_f06_rgb.png,data/neg_windshield_held/burst010_f06_depth.npy,neg_windshield_held,1,1,1,1,1,0,0
data/neg_windshield_held/burst010_f07_rgb.png,data/neg_windshield_held/burst010_f07_depth.npy,neg_windshield_held,1,1,1,1,1,0,0
data/neg_windshield_held/burst010_f08_rgb.png,data/neg_windshield_held/burst010_f08_depth.npy,neg_windshield_held,1,1,1,1,1,0,0
data/neg_windshield_held/burst010_f09_rgb.png,data/neg_windshield_held/burst010_f09_depth.npy,neg_windshield_held,1,1,1,1,1,0,0
data/neg_windshield_held/burst011_f00_rgb.png,data/neg_windshield_held/burst011_f00_depth.npy,neg_windshield_held,1,1,1,1,1,0,0
data/neg_windshield_held/burst011_f01_rgb.png,data/neg_windshield_held/burst011_f01_depth.npy,neg_windshield_held,1,1,1,1,1,0,0
data/neg_windshield_held/burst011_f02_rgb.png,data/neg_windshield_held/burst011_f02_depth.npy,neg_windshield_held,1,1,1,1,1,0,0
data/neg_windshield_held/burst011_f03_rgb.png,data/neg_windshield_held/burst011_f03_depth.npy,neg_windshield_held,1,1,1,1,1,0,0
data/neg_windshield_held/burst011_f04_rgb.png,data/neg_windshield_held/burst011_f04_depth.npy,neg_windshield_held,1,1,1,1,1,0,0
data/neg_windshield_held/burst011_f05_rgb.png,data/neg_windshield_held/burst011_f05_depth.npy,neg_windshield_held,1,1,1,1,1,0,0
data/neg_windshield_held/burst011_f06_rgb.png,data/neg_windshield_held/burst011_f06_depth.npy,neg_windshield_held,1,1,1,1,1,0,0
data/neg_windshield_held/burst011_f07_rgb.png,data/neg_windshield_held/burst011_f07_depth.npy,neg_windshield_held,1,1,1,1,1,0,0
data/neg_windshield_held/burst011_f08_rgb.png,data/neg_windshield_held/burst011_f08_depth.npy,neg_windshield_held,1,1,1,1,1,0,0
data/neg_windshield_held/burst011_f09_rgb.png,data/neg_windshield_held/burst011_f09_depth.npy,neg_windshield_held,1,1,1,1,1,0,0
data/neg_windshield_held/burst012_f00_rgb.png,data/neg_windshield_held/burst012_f00_depth.npy,neg_windshield_held,1,1,1,1,1,0,0
data/neg_windshield_held/burst012_f01_rgb.png,data/neg_windshield_held/burst012_f01_depth.npy,neg_windshield_held,1,1,1,1,1,0,0
data/neg_windshield_held/burst012_f02_rgb.png,data/neg_windshield_held/burst012_f02_depth.npy,neg_windshield_held,1,1,1,1,1,0,0
data/neg_windshield_held/burst012_f03_rgb.png,data/neg_windshield_held/burst012_f03_depth.npy,neg_windshield_held,1,1,1,1,1,0,0
data/neg_windshield_held/burst012_f04_rgb.png,data/neg_windshield_held/burst012_f04_depth.npy,neg_windshield_held,1,1,1,1,1,0,0
data/neg_windshield_held/burst012_f05_rgb.png,data/neg_windshield_held/burst012_f05_depth.npy,neg_windshield_held,1,1,1,1,1,0,0
data/neg_windshield_held/burst012_f06_rgb.png,data/neg_windshield_held/burst012_f06_depth.npy,neg_windshield_held,1,1,1,1,1,0,0
data/neg_windshield_held/burst012_f07_rgb.png,data/neg_windshield_held/burst012_f07_depth.npy,neg_windshield_held,1,1,1,1,1,0,0
data/neg_windshield_held/burst012_f08_rgb.png,data/neg_windshield_held/burst012_f08_depth.npy,neg_windshield_held,1,1,1,1,1,0,0
data/neg_windshield_held/burst012_f09_rgb.png,data/neg_windshield_held/burst012_f09_depth.npy,neg_windshield_held,1,1,1,1,1,0,0
data/neg_windshield_held/burst013_f00_rgb.png,data/neg_windshield_held/burst013_f00_depth.npy,neg_windshield_held,1,1,1,1,1,0,0
data/neg_windshield_held/burst013_f01_rgb.png,data/neg_windshield_held/burst013_f01_depth.npy,neg_windshield_held,1,1,1,1,1,0,0
data/neg_windshield_held/burst013_f02_rgb.png,data/neg_windshield_held/burst013_f02_depth.npy,neg_windshield_held,1,1,1,1,1,0,0
data/neg_windshield_held/burst013_f03_rgb.png,data/neg_windshield_held/burst013_f03_depth.npy,neg_windshield_held,1,1,1,1,1,0,0
data/neg_windshield_held/burst013_f04_rgb.png,data/neg_windshield_held/burst013_f04_depth.npy,neg_windshield_held,1,1,1,1,1,0,0
data/neg_windshield_held/burst013_f05_rgb.png,data/neg_windshield_held/burst013_f05_depth.npy,neg_windshield_held,1,1,1,1,1,0,0
data/neg_windshield_held/burst013_f06_rgb.png,data/neg_windshield_held/burst013_f06_depth.npy,neg_windshield_held,1,1,1,1,1,0,0
data/neg_windshield_held/burst013_f07_rgb.png,data/neg_windshield_held/burst013_f07_depth.npy,neg_windshield_held,1,1,1,1,1,0,0
data/neg_windshield_held/burst013_f08_rgb.png,data/neg_windshield_held/burst013_f08_depth.npy,neg_windshield_held,1,1,1,1,1,0,0
data/neg_windshield_held/burst013_f09_rgb.png,data/neg_windshield_held/burst013_f09_depth.npy,neg_windshield_held,1,1,1,1,1,0,0
data/neg_windshield_held/burst014_f00_rgb.png,data/neg_windshield_held/burst014_f00_depth.npy,neg_windshield_held,1,1,1,1,1,0,0
data/neg_windshield_held/burst014_f01_rgb.png,data/neg_windshield_held/burst014_f01_depth.npy,neg_windshield_held,1,1,1,1,1,0,0
data/neg_windshield_held/burst014_f02_rgb.png,data/neg_windshield_held/burst014_f02_depth.npy,neg_windshield_held,1,1,1,1,1,0,0
data/neg_windshield_held/burst014_f03_rgb.png,data/neg_windshield_held/burst014_f03_depth.npy,neg_windshield_held,1,1,1,1,1,0,0
data/neg_windshield_held/burst014_f04_rgb.png,data/neg_windshield_held/burst014_f04_depth.npy,neg_windshield_held,1,1,1,1,1,0,0
data/neg_windshield_held/burst014_f05_rgb.png,data/neg_windshield_held/burst014_f05_depth.npy,neg_windshield_held,1,1,1,1,1,0,0
data/neg_windshield_held/burst014_f06_rgb.png,data/neg_windshield_held/burst014_f06_depth.npy,neg_windshield_held,1,1,1,1,1,0,0
data/neg_windshield_held/burst014_f07_rgb.png,data/neg_windshield_held/burst014_f07_depth.npy,neg_windshield_held,1,1,1,1,1,0,0
data/neg_windshield_held/burst014_f08_rgb.png,data/neg_windshield_held/burst014_f08_depth.npy,neg_windshield_held,1,1,1,1,1,0,0
data/neg_windshield_held/burst014_f09_rgb.png,data/neg_windshield_held/burst014_f09_depth.npy,neg_windshield_held,1,1,1,1,1,0,0
data/neg_windshield_held/burst015_f00_rgb.png,data/neg_windshield_held/burst015_f00_depth.npy,neg_windshield_held,1,1,1,1,1,0,0
data/neg_windshield_held/burst015_f01_rgb.png,data/neg_windshield_held/burst015_f01_depth.npy,neg_windshield_held,1,1,1,1,1,0,0
data/neg_windshield_held/burst015_f02_rgb.png,data/neg_windshield_held/burst015_f02_depth.npy,neg_windshield_held,1,1,1,1,1,0,0
data/neg_windshield_held/burst015_f03_rgb.png,data/neg_windshield_held/burst015_f03_depth.npy,neg_windshield_held,1,1,1,1,1,0,0
data/neg_windshield_held/burst015_f04_rgb.png,data/neg_windshield_held/burst015_f04_depth.npy,neg_windshield_held,1,1,1,1,1,0,0
data/neg_windshield_held/burst015_f05_rgb.png,data/neg_windshield_held/burst015_f05_depth.npy,neg_windshield_held,1,1,1,1,1,0,0
data/neg_windshield_held/burst015_f06_rgb.png,data/neg_windshield_held/burst015_f06_depth.npy,neg_windshield_held,1,1,1,1,1,0,0
data/neg_windshield_held/burst015_f07_rgb.png,data/neg_windshield_held/burst015_f07_depth.npy,neg_windshield_held,1,1,1,1,1,0,0
data/neg_windshield_held/burst015_f08_rgb.png,data/neg_windshield_held/burst015_f08_depth.npy,neg_windshield_held,1,1,1,1,1,0,0
data/neg_windshield_held/burst015_f09_rgb.png,data/neg_windshield_held/burst015_f09_depth.npy,neg_windshield_held,1,1,1,1,1,0,0
data/neg_windshield_held/burst016_f00_rgb.png,data/neg_windshield_held/burst016_f00_depth.npy,neg_windshield_held,1,1,1,1,1,0,0
data/neg_windshield_held/burst016_f01_rgb.png,data/neg_windshield_held/burst016_f01_depth.npy,neg_windshield_held,1,1,1,1,1,0,0
data/neg_windshield_held/burst016_f02_rgb.png,data/neg_windshield_held/burst016_f02_depth.npy,neg_windshield_held,1,1,1,1,1,0,0
data/neg_windshield_held/burst016_f03_rgb.png,data/neg_windshield_held/burst016_f03_depth.npy,neg_windshield_held,1,1,1,1,1,0,0
data/neg_windshield_held/burst016_f04_rgb.png,data/neg_windshield_held/burst016_f04_depth.npy,neg_windshield_held,1,1,1,1,1,0,0
data/neg_windshield_held/burst016_f05_rgb.png,data/neg_windshield_held/burst016_f05_depth.npy,neg_windshield_held,1,1,1,1,1,0,0
data/neg_windshield_held/burst016_f06_rgb.png,data/neg_windshield_held/burst016_f06_depth.npy,neg_windshield_held,1,1,1,1,1,0,0
data/neg_windshield_held/burst016_f07_rgb.png,data/neg_windshield_held/burst016_f07_depth.npy,neg_windshield_held,1,1,1,1,1,0,0
data/neg_windshield_held/burst016_f08_rgb.png,data/neg_windshield_held/burst016_f08_depth.npy,neg_windshield_held,1,1,1,1,1,0,0
data/neg_windshield_held/burst016_f09_rgb.png,data/neg_windshield_held/burst016_f09_depth.npy,neg_windshield_held,1,1,1,1,1,0,0
data/neg_windshield_held/burst017_f00_rgb.png,data/neg_windshield_held/burst017_f00_depth.npy,neg_windshield_held,1,1,1,1,1,0,0
data/neg_windshield_held/burst017_f01_rgb.png,data/neg_windshield_held/burst017_f01_depth.npy,neg_windshield_held,1,1,1,1,1,0,0
data/neg_windshield_held/burst017_f02_rgb.png,data/neg_windshield_held/burst017_f02_depth.npy,neg_windshield_held,1,1,1,1,1,0,0
data/neg_windshield_held/burst017_f03_rgb.png,data/neg_windshield_held/burst017_f03_depth.npy,neg_windshield_held,1,1,1,1,1,0,0
data/neg_windshield_held/burst017_f04_rgb.png,data/neg_windshield_held/burst017_f04_depth.npy,neg_windshield_held,1,1,1,1,1,0,0
data/neg_windshield_held/burst017_f05_rgb.png,data/neg_windshield_held/burst017_f05_depth.npy,neg_windshield_held,1,1,1,1,1,0,0
data/neg_windshield_held/burst017_f06_rgb.png,data/neg_windshield_held/burst017_f06_depth.npy,neg_windshield_held,1,1,1,1,1,0,0
data/neg_windshield_held/burst017_f07_rgb.png,data/neg_windshield_held/burst017_f07_depth.npy,neg_windshield_held,1,1,1,1,1,0,0
data/neg_windshield_held/burst017_f08_rgb.png,data/neg_windshield_held/burst017_f08_depth.npy,neg_windshield_held,1,1,1,1,1,0,0
data/neg_windshield_held/burst017_f09_rgb.png,data/neg_windshield_held/burst017_f09_depth.npy,neg_windshield_held,1,1,1,1,1,0,0
data/neg_windshield_held/burst018_f00_rgb.png,data/neg_windshield_held/burst018_f00_depth.npy,neg_windshield_held,1,1,1,1,1,0,0
data/neg_windshield_held/burst018_f01_rgb.png,data/neg_windshield_held/burst018_f01_depth.npy,neg_windshield_held,1,1,1,1,1,0,0
data/neg_windshield_held/burst018_f02_rgb.png,data/neg_windshield_held/burst018_f02_depth.npy,neg_windshield_held,1,1,1,1,1,0,0
data/neg_windshield_held/burst018_f03_rgb.png,data/neg_windshield_held/burst018_f03_depth.npy,neg_windshield_held,1,1,1,1,1,0,0
data/neg_windshield_held/burst018_f04_rgb.png,data/neg_windshield_held/burst018_f04_depth.npy,neg_windshield_held,1,1,1,1,1,0,0
data/neg_windshield_held/burst018_f05_rgb.png,data/neg_windshield_held/burst018_f05_depth.npy,neg_windshield_held,1,1,1,1,1,0,0
data/neg_windshield_held/burst018_f06_rgb.png,data/neg_windshield_held/burst018_f06_depth.npy,neg_windshield_held,1,1,1,1,1,0,0
data/neg_windshield_held/burst018_f07_rgb.png,data/neg_windshield_held/burst018_f07_depth.npy,neg_windshield_held,1,1,1,1,1,0,0
data/neg_windshield_held/burst018_f08_rgb.png,data/neg_windshield_held/burst018_f08_depth.npy,neg_windshield_held,1,1,1,1,1,0,0
data/neg_windshield_held/burst018_f09_rgb.png,data/neg_windshield_held/burst018_f09_depth.npy,neg_windshield_held,1,1,1,1,1,0,0
data/neg_windshield_held/burst019_f00_rgb.png,data/neg_windshield_held/burst019_f00_depth.npy,neg_windshield_held,1,1,1,1,1,0,0
data/neg_windshield_held/burst019_f01_rgb.png,data/neg_windshield_held/burst019_f01_depth.npy,neg_windshield_held,1,1,1,1,1,0,0
data/neg_windshield_held/burst019_f02_rgb.png,data/neg_windshield_held/burst019_f02_depth.npy,neg_windshield_held,1,1,1,1,1,0,0
data/neg_windshield_held/burst019_f03_rgb.png,data/neg_windshield_held/burst019_f03_depth.npy,neg_windshield_held,1,1,1,1,1,0,0
data/neg_windshield_held/burst019_f04_rgb.png,data/neg_windshield_held/burst019_f04_depth.npy,neg_windshield_held,1,1,1,1,1,0,0
data/neg_windshield_held/burst019_f05_rgb.png,data/neg_windshield_held/burst019_f05_depth.npy,neg_windshield_held,1,1,1,1,1,0,0
data/neg_windshield_held/burst019_f06_rgb.png,data/neg_windshield_held/burst019_f06_depth.npy,neg_windshield_held,1,1,1,1,1,0,0
data/neg_windshield_held/burst019_f07_rgb.png,data/neg_windshield_held/burst019_f07_depth.npy,neg_windshield_held,1,1,1,1,1,0,0
data/neg_windshield_held/burst019_f08_rgb.png,data/neg_windshield_held/burst019_f08_depth.npy,neg_windshield_held,1,1,1,1,1,0,0
data/neg_windshield_held/burst019_f09_rgb.png,data/neg_windshield_held/burst019_f09_depth.npy,neg_windshield_held,1,1,1,1,1,0,0
data/neg_windshield_held/burst020_f00_rgb.png,data/neg_windshield_held/burst020_f00_depth.npy,neg_windshield_held,1,1,1,1,1,0,0
data/neg_windshield_held/burst020_f01_rgb.png,data/neg_windshield_held/burst020_f01_depth.npy,neg_windshield_held,1,1,1,1,1,0,0
data/neg_windshield_held/burst020_f02_rgb.png,data/neg_windshield_held/burst020_f02_depth.npy,neg_windshield_held,1,1,1,1,1,0,0
data/neg_windshield_held/burst020_f03_rgb.png,data/neg_windshield_held/burst020_f03_depth.npy,neg_windshield_held,1,1,1,1,1,0,0
data/neg_windshield_held/burst020_f04_rgb.png,data/neg_windshield_held/burst020_f04_depth.npy,neg_windshield_held,1,1,1,1,1,0,0
data/neg_windshield_held/burst020_f05_rgb.png,data/neg_windshield_held/burst020_f05_depth.npy,neg_windshield_held,1,1,1,1,1,0,0
data/neg_windshield_held/burst020_f06_rgb.png,data/neg_windshield_held/burst020_f06_depth.npy,neg_windshield_held,1,1,1,1,1,0,0
data/neg_windshield_held/burst020_f07_rgb.png,data/neg_windshield_held/burst020_f07_depth.npy,neg_windshield_held,1,1,1,1,1,0,0
data/neg_windshield_held/burst020_f08_rgb.png,data/neg_windshield_held/burst020_f08_depth.npy,neg_windshield_held,1,1,1,1,1,0,0
data/neg_windshield_held/burst020_f09_rgb.png,data/neg_windshield_held/burst020_f09_depth.npy,neg_windshield_held,1,1,1,1,1,0,0
data/neg_windshield_held/burst021_f00_rgb.png,data/neg_windshield_held/burst021_f00_depth.npy,neg_windshield_held,1,1,1,1,1,0,0
data/neg_windshield_held/burst021_f01_rgb.png,data/neg_windshield_held/burst021_f01_depth.npy,neg_windshield_held,1,1,1,1,1,0,0
data/neg_windshield_held/burst021_f02_rgb.png,data/neg_windshield_held/burst021_f02_depth.npy,neg_windshield_held,1,1,1,1,1,0,0
data/neg_windshield_held/burst021_f03_rgb.png,data/neg_windshield_held/burst021_f03_depth.npy,neg_windshield_held,1,1,1,1,1,0,0
data/neg_windshield_held/burst021_f04_rgb.png,data/neg_windshield_held/burst021_f04_depth.npy,neg_windshield_held,1,1,1,1,1,0,0
data/neg_windshield_held/burst021_f05_rgb.png,data/neg_windshield_held/burst021_f05_depth.npy,neg_windshield_held,1,1,1,1,1,0,0
data/neg_windshield_held/burst021_f06_rgb.png,data/neg_windshield_held/burst021_f06_depth.npy,neg_windshield_held,1,1,1,1,1,0,0
data/neg_windshield_held/burst021_f07_rgb.png,data/neg_windshield_held/burst021_f07_depth.npy,neg_windshield_held,1,1,1,1,1,0,0
data/neg_windshield_held/burst021_f08_rgb.png,data/neg_windshield_held/burst021_f08_depth.npy,neg_windshield_held,1,1,1,1,1,0,0
data/neg_windshield_held/burst021_f09_rgb.png,data/neg_windshield_held/burst021_f09_depth.npy,neg_windshield_held,1,1,1,1,1,0,0
data/neg_windshield_held/burst022_f00_rgb.png,data/neg_windshield_held/burst022_f00_depth.npy,neg_windshield_held,1,1,1,1,1,0,0
data/neg_windshield_held/burst022_f01_rgb.png,data/neg_windshield_held/burst022_f01_depth.npy,neg_windshield_held,1,1,1,1,1,0,0
data/neg_windshield_held/burst022_f02_rgb.png,data/neg_windshield_held/burst022_f02_depth.npy,neg_windshield_held,1,1,1,1,1,0,0
data/neg_windshield_held/burst022_f03_rgb.png,data/neg_windshield_held/burst022_f03_depth.npy,neg_windshield_held,1,1,1,1,1,0,0
data/neg_windshield_held/burst022_f04_rgb.png,data/neg_windshield_held/burst022_f04_depth.npy,neg_windshield_held,1,1,1,1,1,0,0
data/neg_windshield_held/burst022_f05_rgb.png,data/neg_windshield_held/burst022_f05_depth.npy,neg_windshield_held,1,1,1,1,1,0,0
data/neg_windshield_held/burst022_f06_rgb.png,data/neg_windshield_held/burst022_f06_depth.npy,neg_windshield_held,1,1,1,1,1,0,0
data/neg_windshield_held/burst022_f07_rgb.png,data/neg_windshield_held/burst022_f07_depth.npy,neg_windshield_held,1,1,1,1,1,0,0
data/neg_windshield_held/burst022_f08_rgb.png,data/neg_windshield_held/burst022_f08_depth.npy,neg_windshield_held,1,1,1,1,1,0,0
data/neg_windshield_held/burst023_f00_rgb.png,data/neg_windshield_held/burst023_f00_depth.npy,neg_windshield_held,1,1,1,1,1,0,0
data/neg_windshield_held/burst023_f01_rgb.png,data/neg_windshield_held/burst023_f01_depth.npy,neg_windshield_held,1,1,1,1,1,0,0
data/neg_windshield_held/burst023_f02_rgb.png,data/neg_windshield_held/burst023_f02_depth.npy,neg_windshield_held,1,1,1,1,1,0,0
data/neg_windshield_held/burst023_f03_rgb.png,data/neg_windshield_held/burst023_f03_depth.npy,neg_windshield_held,1,1,1,1,1,0,0
data/neg_windshield_held/burst023_f04_rgb.png,data/neg_windshield_held/burst023_f04_depth.npy,neg_windshield_held,1,1,1,1,1,0,0
data/neg_windshield_held/burst023_f05_rgb.png,data/neg_windshield_held/burst023_f05_depth.npy,neg_windshield_held,1,1,1,1,1,0,0
data/neg_windshield_held/burst023_f06_rgb.png,data/neg_windshield_held/burst023_f06_depth.npy,neg_windshield_held,1,1,1,1,1,0,0
data/neg_windshield_held/burst023_f07_rgb.png,data/neg_windshield_held/burst023_f07_depth.npy,neg_windshield_held,1,1,1,1,1,0,0
data/neg_windshield_held/burst023_f08_rgb.png,data/neg_windshield_held/burst023_f08_depth.npy,neg_windshield_held,1,1,1,1,1,0,0
data/neg_windshield_held/burst023_f09_rgb.png,data/neg_windshield_held/burst023_f09_depth.npy,neg_windshield_held,1,1,1,1,1,0,0
data/neg_windshield_held/burst024_f00_rgb.png,data/neg_windshield_held/burst024_f00_depth.npy,neg_windshield_held,1,1,1,1,1,0,0
data/neg_windshield_held/burst024_f01_rgb.png,data/neg_windshield_held/burst024_f01_depth.npy,neg_windshield_held,1,1,1,1,1,0,0
data/neg_windshield_held/burst024_f02_rgb.png,data/neg_windshield_held/burst024_f02_depth.npy,neg_windshield_held,1,1,1,1,1,0,0
data/neg_windshield_held/burst024_f03_rgb.png,data/neg_windshield_held/burst024_f03_depth.npy,neg_windshield_held,1,1,1,1,1,0,0
data/neg_windshield_held/burst024_f04_rgb.png,data/neg_windshield_held/burst024_f04_depth.npy,neg_windshield_held,1,1,1,1,1,0,0
data/neg_windshield_held/burst024_f05_rgb.png,data/neg_windshield_held/burst024_f05_depth.npy,neg_windshield_held,1,1,1,1,1,0,0
data/neg_windshield_held/burst024_f06_rgb.png,data/neg_windshield_held/burst024_f06_depth.npy,neg_windshield_held,1,1,1,1,1,0,0
data/neg_windshield_held/burst024_f07_rgb.png,data/neg_windshield_held/burst024_f07_depth.npy,neg_windshield_held,1,1,1,1,1,0,0
data/neg_windshield_held/burst024_f08_rgb.png,data/neg_windshield_held/burst024_f08_depth.npy,neg_windshield_held,1,1,1,1,1,0,0
data/neg_windshield_held/burst024_f09_rgb.png,data/neg_windshield_held/burst024_f09_depth.npy,neg_windshield_held,1,1,1,1,1,0,0
data/neg_windshield_held/burst025_f00_rgb.png,data/neg_windshield_held/burst025_f00_depth.npy,neg_windshield_held,1,1,1,1,1,0,0
data/neg_windshield_held/burst025_f01_rgb.png,data/neg_windshield_held/burst025_f01_depth.npy,neg_windshield_held,1,1,1,1,1,0,0
data/neg_windshield_held/burst025_f02_rgb.png,data/neg_windshield_held/burst025_f02_depth.npy,neg_windshield_held,1,1,1,1,1,0,0
data/neg_windshield_held/burst025_f03_rgb.png,data/neg_windshield_held/burst025_f03_depth.npy,neg_windshield_held,1,1,1,1,1,0,0
data/neg_windshield_held/burst025_f04_rgb.png,data/neg_windshield_held/burst025_f04_depth.npy,neg_windshield_held,1,1,1,1,1,0,0
data/neg_windshield_held/burst025_f05_rgb.png,data/neg_windshield_held/burst025_f05_depth.npy,neg_windshield_held,1,1,1,1,1,0,0
data/neg_windshield_held/burst025_f06_rgb.png,data/neg_windshield_held/burst025_f06_depth.npy,neg_windshield_held,1,1,1,1,1,0,0
data/neg_windshield_held/burst025_f07_rgb.png,data/neg_windshield_held/burst025_f07_depth.npy,neg_windshield_held,1,1,1,1,1,0,0
data/neg_windshield_held/burst025_f08_rgb.png,data/neg_windshield_held/burst025_f08_depth.npy,neg_windshield_held,1,1,1,1,1,0,0
data/neg_windshield_held/burst025_f09_rgb.png,data/neg_windshield_held/burst025_f09_depth.npy,neg_windshield_held,1,1,1,1,1,0,0
data/neg_windshield_held/burst026_f00_rgb.png,data/neg_windshield_held/burst026_f00_depth.npy,neg_windshield_held,1,1,1,1,1,0,0
data/neg_windshield_held/burst026_f01_rgb.png,data/neg_windshield_held/burst026_f01_depth.npy,neg_windshield_held,1,1,1,1,1,0,0
data/neg_windshield_held/burst026_f02_rgb.png,data/neg_windshield_held/burst026_f02_depth.npy,neg_windshield_held,1,1,1,1,1,0,0
data/neg_windshield_held/burst026_f03_rgb.png,data/neg_windshield_held/burst026_f03_depth.npy,neg_windshield_held,1,1,1,1,1,0,0
data/neg_windshield_held/burst026_f04_rgb.png,data/neg_windshield_held/burst026_f04_depth.npy,neg_windshield_held,1,1,1,1,1,0,0
data/neg_windshield_held/burst026_f05_rgb.png,data/neg_windshield_held/burst026_f05_depth.npy,neg_windshield_held,1,1,1,1,1,0,0
data/neg_windshield_held/burst026_f06_rgb.png,data/neg_windshield_held/burst026_f06_depth.npy,neg_windshield_held,1,1,1,1,1,0,0
data/neg_windshield_held/burst026_f07_rgb.png,data/neg_windshield_held/burst026_f07_depth.npy,neg_windshield_held,1,1,1,1,1,0,0
data/neg_windshield_held/burst026_f08_rgb.png,data/neg_windshield_held/burst026_f08_depth.npy,neg_windshield_held,1,1,1,1,1,0,0
data/neg_windshield_held/burst026_f09_rgb.png,data/neg_windshield_held/burst026_f09_depth.npy,neg_windshield_held,1,1,1,1,1,0,0
data/neg_windshield_held/burst027_f00_rgb.png,data/neg_windshield_held/burst027_f00_depth.npy,neg_windshield_held,1,1,1,1,1,0,0
data/neg_windshield_held/burst027_f01_rgb.png,data/neg_windshield_held/burst027_f01_depth.npy,neg_windshield_held,1,1,1,1,1,0,0
data/neg_windshield_held/burst027_f02_rgb.png,data/neg_windshield_held/burst027_f02_depth.npy,neg_windshield_held,1,1,1,1,1,0,0
data/neg_windshield_held/burst027_f03_rgb.png,data/neg_windshield_held/burst027_f03_depth.npy,neg_windshield_held,1,1,1,1,1,0,0
data/neg_windshield_held/burst027_f04_rgb.png,data/neg_windshield_held/burst027_f04_depth.npy,neg_windshield_held,1,1,1,1,1,0,0
data/neg_windshield_held/burst027_f05_rgb.png,data/neg_windshield_held/burst027_f05_depth.npy,neg_windshield_held,1,1,1,1,1,0,0
data/neg_windshield_held/burst027_f06_rgb.png,data/neg_windshield_held/burst027_f06_depth.npy,neg_windshield_held,1,1,1,1,1,0,0
data/neg_windshield_held/burst027_f07_rgb.png,data/neg_windshield_held/burst027_f07_depth.npy,neg_windshield_held,1,1,1,1,1,0,0
data/neg_windshield_held/burst027_f08_rgb.png,data/neg_windshield_held/burst027_f08_depth.npy,neg_windshield_held,1,1,1,1,1,0,0
data/neg_windshield_held/burst027_f09_rgb.png,data/neg_windshield_held/burst027_f09_depth.npy,neg_windshield_held,1,1,1,1,1,0,0
data/neg_windshield_held/burst028_f00_rgb.png,data/neg_windshield_held/burst028_f00_depth.npy,neg_windshield_held,1,1,1,1,1,0,0
data/neg_windshield_held/burst028_f01_rgb.png,data/neg_windshield_held/burst028_f01_depth.npy,neg_windshield_held,1,1,1,1,1,0,0
data/neg_windshield_held/burst028_f02_rgb.png,data/neg_windshield_held/burst028_f02_depth.npy,neg_windshield_held,1,1,1,1,1,0,0
data/neg_windshield_held/burst028_f03_rgb.png,data/neg_windshield_held/burst028_f03_depth.npy,neg_windshield_held,1,1,1,1,1,0,0
data/neg_windshield_held/burst028_f04_rgb.png,data/neg_windshield_held/burst028_f04_depth.npy,neg_windshield_held,1,1,1,1,1,0,0
data/neg_windshield_held/burst028_f05_rgb.png,data/neg_windshield_held/burst028_f05_depth.npy,neg_windshield_held,1,1,1,1,1,0,0
data/neg_windshield_held/burst028_f06_rgb.png,data/neg_windshield_held/burst028_f06_depth.npy,neg_windshield_held,1,1,1,1,1,0,0
data/neg_windshield_held/burst028_f07_rgb.png,data/neg_windshield_held/burst028_f07_depth.npy,neg_windshield_held,1,1,1,1,1,0,0
data/neg_windshield_held/burst028_f08_rgb.png,data/neg_windshield_held/burst028_f08_depth.npy,neg_windshield_held,1,1,1,1,1,0,0
data/neg_windshield_held/burst028_f09_rgb.png,data/neg_windshield_held/burst028_f09_depth.npy,neg_windshield_held,1,1,1,1,1,0,0
data/neg_windshield_held/burst029_f00_rgb.png,data/neg_windshield_held/burst029_f00_depth.npy,neg_windshield_held,1,1,1,1,1,0,0
data/neg_windshield_held/burst029_f01_rgb.png,data/neg_windshield_held/burst029_f01_depth.npy,neg_windshield_held,1,1,1,1,1,0,0
data/neg_windshield_held/burst029_f02_rgb.png,data/neg_windshield_held/burst029_f02_depth.npy,neg_windshield_held,1,1,1,1,1,0,0
data/neg_windshield_held/burst029_f03_rgb.png,data/neg_windshield_held/burst029_f03_depth.npy,neg_windshield_held,1,1,1,1,1,0,0
data/neg_windshield_held/burst029_f04_rgb.png,data/neg_windshield_held/burst029_f04_depth.npy,neg_windshield_held,1,1,1,1,1,0,0
data/neg_windshield_held/burst029_f05_rgb.png,data/neg_windshield_held/burst029_f05_depth.npy,neg_windshield_held,1,1,1,1,1,0,0
data/neg_windshield_held/burst029_f06_rgb.png,data/neg_windshield_held/burst029_f06_depth.npy,neg_windshield_held,1,1,1,1,1,0,0
data/neg_windshield_held/burst029_f07_rgb.png,data/neg_windshield_held/burst029_f07_depth.npy,neg_windshield_held,1,1,1,1,1,0,0
data/neg_windshield_held/burst029_f08_rgb.png,data/neg_windshield_held/burst029_f08_depth.npy,neg_windshield_held,1,1,1,1,1,0,0
data/neg_windshield_held/burst029_f09_rgb.png,data/neg_windshield_held/burst029_f09_depth.npy,neg_windshield_held,1,1,1,1,1,0,0
data/neg_windshield_held/burst030_f00_rgb.png,data/neg_windshield_held/burst030_f00_depth.npy,neg_windshield_held,1,1,1,1,1,0,0
data/neg_windshield_held/burst030_f01_rgb.png,data/neg_windshield_held/burst030_f01_depth.npy,neg_windshield_held,1,1,1,1,1,0,0
data/neg_windshield_held/burst030_f02_rgb.png,data/neg_windshield_held/burst030_f02_depth.npy,neg_windshield_held,1,1,1,1,1,0,0
data/neg_windshield_held/burst030_f03_rgb.png,data/neg_windshield_held/burst030_f03_depth.npy,neg_windshield_held,1,1,1,1,1,0,0
data/neg_windshield_held/burst030_f04_rgb.png,data/neg_windshield_held/burst030_f04_depth.npy,neg_windshield_held,1,1,1,1,1,0,0
data/neg_windshield_held/burst030_f05_rgb.png,data/neg_windshield_held/burst030_f05_depth.npy,neg_windshield_held,1,1,1,1,1,0,0
data/neg_windshield_held/burst030_f06_rgb.png,data/neg_windshield_held/burst030_f06_depth.npy,neg_windshield_held,1,1,1,1,1,0,0
data/neg_windshield_held/burst030_f07_rgb.png,data/neg_windshield_held/burst030_f07_depth.npy,neg_windshield_held,1,1,1,1,1,0,0
data/neg_windshield_held/burst030_f08_rgb.png,data/neg_windshield_held/burst030_f08_depth.npy,neg_windshield_held,1,1,1,1,1,0,0
data/neg_windshield_held/burst030_f09_rgb.png,data/neg_windshield_held/burst030_f09_depth.npy,neg_windshield_held,1,1,1,1,1,0,0
data/neg_windshield_held/burst031_f00_rgb.png,data/neg_windshield_held/burst031_f00_depth.npy,neg_windshield_held,1,1,1,1,1,0,0
data/neg_windshield_held/burst031_f01_rgb.png,data/neg_windshield_held/burst031_f01_depth.npy,neg_windshield_held,1,1,1,1,1,0,0
data/neg_windshield_held/burst031_f02_rgb.png,data/neg_windshield_held/burst031_f02_depth.npy,neg_windshield_held,1,1,1,1,1,0,0
data/neg_windshield_held/burst031_f03_rgb.png,data/neg_windshield_held/burst031_f03_depth.npy,neg_windshield_held,1,1,1,1,1,0,0
data/neg_windshield_held/burst031_f04_rgb.png,data/neg_windshield_held/burst031_f04_depth.npy,neg_windshield_held,1,1,1,1,1,0,0
data/neg_windshield_held/burst031_f05_rgb.png,data/neg_windshield_held/burst031_f05_depth.npy,neg_windshield_held,1,1,1,1,1,0,0
data/neg_windshield_held/burst031_f06_rgb.png,data/neg_windshield_held/burst031_f06_depth.npy,neg_windshield_held,1,1,1,1,1,0,0
data/neg_windshield_held/burst031_f07_rgb.png,data/neg_windshield_held/burst031_f07_depth.npy,neg_windshield_held,1,1,1,1,1,0,0
data/neg_windshield_held/burst031_f08_rgb.png,data/neg_windshield_held/burst031_f08_depth.npy,neg_windshield_held,1,1,1,1,1,0,0
data/neg_windshield_held/burst031_f09_rgb.png,data/neg_windshield_held/burst031_f09_depth.npy,neg_windshield_held,1,1,1,1,1,0,0
data/neg_windshield_held/burst032_f00_rgb.png,data/neg_windshield_held/burst032_f00_depth.npy,neg_windshield_held,1,1,1,1,1,0,0
data/neg_windshield_held/burst032_f01_rgb.png,data/neg_windshield_held/burst032_f01_depth.npy,neg_windshield_held,1,1,1,1,1,0,0
data/neg_windshield_held/burst032_f02_rgb.png,data/neg_windshield_held/burst032_f02_depth.npy,neg_windshield_held,1,1,1,1,1,0,0
data/neg_windshield_held/burst032_f03_rgb.png,data/neg_windshield_held/burst032_f03_depth.npy,neg_windshield_held,1,1,1,1,1,0,0
data/neg_windshield_held/burst032_f04_rgb.png,data/neg_windshield_held/burst032_f04_depth.npy,neg_windshield_held,1,1,1,1,1,0,0
data/neg_windshield_held/burst032_f05_rgb.png,data/neg_windshield_held/burst032_f05_depth.npy,neg_windshield_held,1,1,1,1,1,0,0
data/neg_windshield_held/burst032_f06_rgb.png,data/neg_windshield_held/burst032_f06_depth.npy,neg_windshield_held,1,1,1,1,1,0,0
data/neg_windshield_held/burst032_f07_rgb.png,data/neg_windshield_held/burst032_f07_depth.npy,neg_windshield_held,1,1,1,1,1,0,0
data/neg_windshield_held/burst032_f08_rgb.png,data/neg_windshield_held/burst032_f08_depth.npy,neg_windshield_held,1,1,1,1,1,0,0
data/neg_windshield_held/burst032_f09_rgb.png,data/neg_windshield_held/burst032_f09_depth.npy,neg_windshield_held,1,1,1,1,1,0,0
data/neg_windshield_near/burst000_f00_rgb.png,data/neg_windshield_near/burst000_f00_depth.npy,neg_windshield_near,1,1,1,1,1,0,0
data/neg_windshield_near/burst000_f01_rgb.png,data/neg_windshield_near/burst000_f01_depth.npy,neg_windshield_near,1,1,1,1,1,0,0
data/neg_windshield_near/burst000_f02_rgb.png,data/neg_windshield_near/burst000_f02_depth.npy,neg_windshield_near,1,1,1,1,1,0,0
data/neg_windshield_near/burst000_f03_rgb.png,data/neg_windshield_near/burst000_f03_depth.npy,neg_windshield_near,1,1,1,1,1,0,0
data/neg_windshield_near/burst000_f04_rgb.png,data/neg_windshield_near/burst000_f04_depth.npy,neg_windshield_near,1,1,1,1,1,0,0
data/neg_windshield_near/burst000_f05_rgb.png,data/neg_windshield_near/burst000_f05_depth.npy,neg_windshield_near,1,1,1,1,1,0,0
data/neg_windshield_near/burst000_f06_rgb.png,data/neg_windshield_near/burst000_f06_depth.npy,neg_windshield_near,1,1,1,1,1,0,0
data/neg_windshield_near/burst000_f07_rgb.png,data/neg_windshield_near/burst000_f07_depth.npy,neg_windshield_near,1,1,1,1,1,0,0
data/neg_windshield_near/burst000_f08_rgb.png,data/neg_windshield_near/burst000_f08_depth.npy,neg_windshield_near,1,1,1,1,1,0,0
data/neg_windshield_near/burst000_f09_rgb.png,data/neg_windshield_near/burst000_f09_depth.npy,neg_windshield_near,1,1,1,1,1,0,0
data/neg_windshield_near/burst001_f00_rgb.png,data/neg_windshield_near/burst001_f00_depth.npy,neg_windshield_near,1,1,1,1,1,0,0
data/neg_windshield_near/burst001_f01_rgb.png,data/neg_windshield_near/burst001_f01_depth.npy,neg_windshield_near,1,1,1,1,1,0,0
data/neg_windshield_near/burst001_f02_rgb.png,data/neg_windshield_near/burst001_f02_depth.npy,neg_windshield_near,1,1,1,1,1,0,0
data/neg_windshield_near/burst001_f03_rgb.png,data/neg_windshield_near/burst001_f03_depth.npy,neg_windshield_near,1,1,1,1,1,0,0
data/neg_windshield_near/burst001_f04_rgb.png,data/neg_windshield_near/burst001_f04_depth.npy,neg_windshield_near,1,1,1,1,1,0,0
data/neg_windshield_near/burst001_f05_rgb.png,data/neg_windshield_near/burst001_f05_depth.npy,neg_windshield_near,1,1,1,1,1,0,0
data/neg_windshield_near/burst001_f06_rgb.png,data/neg_windshield_near/burst001_f06_depth.npy,neg_windshield_near,1,1,1,1,1,0,0
data/neg_windshield_near/burst001_f07_rgb.png,data/neg_windshield_near/burst001_f07_depth.npy,neg_windshield_near,1,1,1,1,1,0,0
data/neg_windshield_near/burst001_f08_rgb.png,data/neg_windshield_near/burst001_f08_depth.npy,neg_windshield_near,1,1,1,1,1,0,0
data/neg_windshield_near/burst001_f09_rgb.png,data/neg_windshield_near/burst001_f09_depth.npy,neg_windshield_near,1,1,1,1,1,0,0
data/neg_windshield_near/burst002_f00_rgb.png,data/neg_windshield_near/burst002_f00_depth.npy,neg_windshield_near,1,1,1,1,1,0,0
data/neg_windshield_near/burst002_f01_rgb.png,data/neg_windshield_near/burst002_f01_depth.npy,neg_windshield_near,1,1,1,1,1,0,0
data/neg_windshield_near/burst002_f02_rgb.png,data/neg_windshield_near/burst002_f02_depth.npy,neg_windshield_near,1,1,1,1,1,0,0
data/neg_windshield_near/burst002_f03_rgb.png,data/neg_windshield_near/burst002_f03_depth.npy,neg_windshield_near,1,1,1,1,1,0,0
data/neg_windshield_near/burst002_f04_rgb.png,data/neg_windshield_near/burst002_f04_depth.npy,neg_windshield_near,1,1,1,1,1,0,0
data/neg_windshield_near/burst002_f05_rgb.png,data/neg_windshield_near/burst002_f05_depth.npy,neg_windshield_near,1,1,1,1,1,0,0
data/neg_windshield_near/burst002_f06_rgb.png,data/neg_windshield_near/burst002_f06_depth.npy,neg_windshield_near,1,1,1,1,1,0,0
data/neg_windshield_near/burst002_f07_rgb.png,data/neg_windshield_near/burst002_f07_depth.npy,neg_windshield_near,1,1,1,1,1,0,0
data/neg_windshield_near/burst002_f08_rgb.png,data/neg_windshield_near/burst002_f08_depth.npy,neg_windshield_near,1,1,1,1,1,0,0
data/neg_windshield_near/burst002_f09_rgb.png,data/neg_windshield_near/burst002_f09_depth.npy,neg_windshield_near,1,1,1,1,1,0,0
data/neg_windshield_near/burst003_f00_rgb.png,data/neg_windshield_near/burst003_f00_depth.npy,neg_windshield_near,1,1,1,1,1,0,0
data/neg_windshield_near/burst003_f01_rgb.png,data/neg_windshield_near/burst003_f01_depth.npy,neg_windshield_near,1,1,1,1,1,0,0
data/neg_windshield_near/burst003_f02_rgb.png,data/neg_windshield_near/burst003_f02_depth.npy,neg_windshield_near,1,1,1,1,1,0,0
data/neg_windshield_near/burst003_f03_rgb.png,data/neg_windshield_near/burst003_f03_depth.npy,neg_windshield_near,1,1,1,1,1,0,0
data/neg_windshield_near/burst003_f04_rgb.png,data/neg_windshield_near/burst003_f04_depth.npy,neg_windshield_near,1,1,1,1,1,0,0
data/neg_windshield_near/burst003_f05_rgb.png,data/neg_windshield_near/burst003_f05_depth.npy,neg_windshield_near,1,1,1,1,1,0,0
data/neg_windshield_near/burst003_f06_rgb.png,data/neg_windshield_near/burst003_f06_depth.npy,neg_windshield_near,1,1,1,1,1,0,0
data/neg_windshield_near/burst003_f07_rgb.png,data/neg_windshield_near/burst003_f07_depth.npy,neg_windshield_near,1,1,1,1,1,0,0
data/neg_windshield_near/burst003_f08_rgb.png,data/neg_windshield_near/burst003_f08_depth.npy,neg_windshield_near,1,1,1,1,1,0,0
data/neg_windshield_near/burst003_f09_rgb.png,data/neg_windshield_near/burst003_f09_depth.npy,neg_windshield_near,1,1,1,1,1,0,0
data/neg_windshield_near/burst004_f00_rgb.png,data/neg_windshield_near/burst004_f00_depth.npy,neg_windshield_near,1,1,1,1,1,0,0
data/neg_windshield_near/burst004_f01_rgb.png,data/neg_windshield_near/burst004_f01_depth.npy,neg_windshield_near,1,1,1,1,1,0,0
data/neg_windshield_near/burst004_f02_rgb.png,data/neg_windshield_near/burst004_f02_depth.npy,neg_windshield_near,1,1,1,1,1,0,0
data/neg_windshield_near/burst004_f03_rgb.png,data/neg_windshield_near/burst004_f03_depth.npy,neg_windshield_near,1,1,1,1,1,0,0
data/neg_windshield_near/burst004_f04_rgb.png,data/neg_windshield_near/burst004_f04_depth.npy,neg_windshield_near,1,1,1,1,1,0,0
data/neg_windshield_near/burst004_f05_rgb.png,data/neg_windshield_near/burst004_f05_depth.npy,neg_windshield_near,1,1,1,1,1,0,0
data/neg_windshield_near/burst004_f06_rgb.png,data/neg_windshield_near/burst004_f06_depth.npy,neg_windshield_near,1,1,1,1,1,0,0
data/neg_windshield_near/burst004_f07_rgb.png,data/neg_windshield_near/burst004_f07_depth.npy,neg_windshield_near,1,1,1,1,1,0,0
data/neg_windshield_near/burst004_f08_rgb.png,data/neg_windshield_near/burst004_f08_depth.npy,neg_windshield_near,1,1,1,1,1,0,0
data/neg_windshield_near/burst004_f09_rgb.png,data/neg_windshield_near/burst004_f09_depth.npy,neg_windshield_near,1,1,1,1,1,0,0
data/neg_windshield_near/burst005_f00_rgb.png,data/neg_windshield_near/burst005_f00_depth.npy,neg_windshield_near,1,1,1,1,1,0,0
data/neg_windshield_near/burst005_f01_rgb.png,data/neg_windshield_near/burst005_f01_depth.npy,neg_windshield_near,1,1,1,1,1,0,0
data/neg_windshield_near/burst005_f02_rgb.png,data/neg_windshield_near/burst005_f02_depth.npy,neg_windshield_near,1,1,1,1,1,0,0
data/neg_windshield_near/burst005_f03_rgb.png,data/neg_windshield_near/burst005_f03_depth.npy,neg_windshield_near,1,1,1,1,1,0,0
data/neg_windshield_near/burst005_f04_rgb.png,data/neg_windshield_near/burst005_f04_depth.npy,neg_windshield_near,1,1,1,1,1,0,0
data/neg_windshield_near/burst005_f05_rgb.png,data/neg_windshield_near/burst005_f05_depth.npy,neg_windshield_near,1,1,1,1,1,0,0
data/neg_windshield_near/burst005_f06_rgb.png,data/neg_windshield_near/burst005_f06_depth.npy,neg_windshield_near,1,1,1,1,1,0,0
data/neg_windshield_near/burst005_f07_rgb.png,data/neg_windshield_near/burst005_f07_depth.npy,neg_windshield_near,1,1,1,1,1,0,0
data/neg_windshield_near/burst005_f08_rgb.png,data/neg_windshield_near/burst005_f08_depth.npy,neg_windshield_near,1,1,1,1,1,0,0
data/neg_windshield_near/burst005_f09_rgb.png,data/neg_windshield_near/burst005_f09_depth.npy,neg_windshield_near,1,1,1,1,1,0,0
data/neg_windshield_near/burst006_f00_rgb.png,data/neg_windshield_near/burst006_f00_depth.npy,neg_windshield_near,1,1,1,1,1,0,0
data/neg_windshield_near/burst006_f01_rgb.png,data/neg_windshield_near/burst006_f01_depth.npy,neg_windshield_near,1,1,1,1,1,0,0
data/neg_windshield_near/burst006_f02_rgb.png,data/neg_windshield_near/burst006_f02_depth.npy,neg_windshield_near,1,1,1,1,1,0,0
data/neg_windshield_near/burst006_f03_rgb.png,data/neg_windshield_near/burst006_f03_depth.npy,neg_windshield_near,1,1,1,1,1,0,0
data/neg_windshield_near/burst006_f04_rgb.png,data/neg_windshield_near/burst006_f04_depth.npy,neg_windshield_near,1,1,1,1,1,0,0
data/neg_windshield_near/burst006_f05_rgb.png,data/neg_windshield_near/burst006_f05_depth.npy,neg_windshield_near,1,1,1,1,1,0,0
data/neg_windshield_near/burst006_f06_rgb.png,data/neg_windshield_near/burst006_f06_depth.npy,neg_windshield_near,1,1,1,1,1,0,0
data/neg_windshield_near/burst006_f07_rgb.png,data/neg_windshield_near/burst006_f07_depth.npy,neg_windshield_near,1,1,1,1,1,0,0
data/neg_windshield_near/burst006_f08_rgb.png,data/neg_windshield_near/burst006_f08_depth.npy,neg_windshield_near,1,1,1,1,1,0,0
data/neg_windshield_near/burst006_f09_rgb.png,data/neg_windshield_near/burst006_f09_depth.npy,neg_windshield_near,1,1,1,1,1,0,0
data/neg_windshield_near/burst007_f00_rgb.png,data/neg_windshield_near/burst007_f00_depth.npy,neg_windshield_near,1,1,1,1,1,0,0
data/neg_windshield_near/burst007_f01_rgb.png,data/neg_windshield_near/burst007_f01_depth.npy,neg_windshield_near,1,1,1,1,1,0,0
data/neg_windshield_near/burst007_f02_rgb.png,data/neg_windshield_near/burst007_f02_depth.npy,neg_windshield_near,1,1,1,1,1,0,0
data/neg_windshield_near/burst007_f03_rgb.png,data/neg_windshield_near/burst007_f03_depth.npy,neg_windshield_near,1,1,1,1,1,0,0
data/neg_windshield_near/burst007_f04_rgb.png,data/neg_windshield_near/burst007_f04_depth.npy,neg_windshield_near,1,1,1,1,1,0,0
data/neg_windshield_near/burst007_f05_rgb.png,data/neg_windshield_near/burst007_f05_depth.npy,neg_windshield_near,1,1,1,1,1,0,0
data/neg_windshield_near/burst007_f06_rgb.png,data/neg_windshield_near/burst007_f06_depth.npy,neg_windshield_near,1,1,1,1,1,0,0
data/neg_windshield_near/burst007_f07_rgb.png,data/neg_windshield_near/burst007_f07_depth.npy,neg_windshield_near,1,1,1,1,1,0,0
data/neg_windshield_near/burst007_f08_rgb.png,data/neg_windshield_near/burst007_f08_depth.npy,neg_windshield_near,1,1,1,1,1,0,0
data/neg_windshield_near/burst007_f09_rgb.png,data/neg_windshield_near/burst007_f09_depth.npy,neg_windshield_near,1,1,1,1,1,0,0
data/neg_windshield_near/burst008_f00_rgb.png,data/neg_windshield_near/burst008_f00_depth.npy,neg_windshield_near,1,1,1,1,1,0,0
data/neg_windshield_near/burst008_f01_rgb.png,data/neg_windshield_near/burst008_f01_depth.npy,neg_windshield_near,1,1,1,1,1,0,0
data/neg_windshield_near/burst008_f02_rgb.png,data/neg_windshield_near/burst008_f02_depth.npy,neg_windshield_near,1,1,1,1,1,0,0
data/neg_windshield_near/burst008_f03_rgb.png,data/neg_windshield_near/burst008_f03_depth.npy,neg_windshield_near,1,1,1,1,1,0,0
data/neg_windshield_near/burst008_f04_rgb.png,data/neg_windshield_near/burst008_f04_depth.npy,neg_windshield_near,1,1,1,1,1,0,0
data/neg_windshield_near/burst008_f05_rgb.png,data/neg_windshield_near/burst008_f05_depth.npy,neg_windshield_near,1,1,1,1,1,0,0
data/neg_windshield_near/burst008_f06_rgb.png,data/neg_windshield_near/burst008_f06_depth.npy,neg_windshield_near,1,1,1,1,1,0,0
data/neg_windshield_near/burst008_f07_rgb.png,data/neg_windshield_near/burst008_f07_depth.npy,neg_windshield_near,1,1,1,1,1,0,0
data/neg_windshield_near/burst008_f08_rgb.png,data/neg_windshield_near/burst008_f08_depth.npy,neg_windshield_near,1,1,1,1,1,0,0
data/neg_windshield_near/burst008_f09_rgb.png,data/neg_windshield_near/burst008_f09_depth.npy,neg_windshield_near,1,1,1,1,1,0,0
data/neg_windshield_near/burst009_f00_rgb.png,data/neg_windshield_near/burst009_f00_depth.npy,neg_windshield_near,1,1,1,1,1,0,0
data/neg_windshield_near/burst009_f01_rgb.png,data/neg_windshield_near/burst009_f01_depth.npy,neg_windshield_near,1,1,1,1,1,0,0
data/neg_windshield_near/burst009_f02_rgb.png,data/neg_windshield_near/burst009_f02_depth.npy,neg_windshield_near,1,1,1,1,1,0,0
data/neg_windshield_near/burst009_f03_rgb.png,data/neg_windshield_near/burst009_f03_depth.npy,neg_windshield_near,1,1,1,1,1,0,0
data/neg_windshield_near/burst009_f04_rgb.png,data/neg_windshield_near/burst009_f04_depth.npy,neg_windshield_near,1,1,1,1,1,0,0
data/neg_windshield_near/burst009_f05_rgb.png,data/neg_windshield_near/burst009_f05_depth.npy,neg_windshield_near,1,1,1,1,1,0,0
data/neg_windshield_near/burst009_f06_rgb.png,data/neg_windshield_near/burst009_f06_depth.npy,neg_windshield_near,1,1,1,1,1,0,0
data/neg_windshield_near/burst009_f07_rgb.png,data/neg_windshield_near/burst009_f07_depth.npy,neg_windshield_near,1,1,1,1,1,0,0
data/neg_windshield_near/burst009_f08_rgb.png,data/neg_windshield_near/burst009_f08_depth.npy,neg_windshield_near,1,1,1,1,1,0,0
data/neg_windshield_near/burst009_f09_rgb.png,data/neg_windshield_near/burst009_f09_depth.npy,neg_windshield_near,1,1,1,1,1,0,0
data/neg_windshield_near/burst010_f00_rgb.png,data/neg_windshield_near/burst010_f00_depth.npy,neg_windshield_near,1,1,1,1,1,0,0
data/neg_windshield_near/burst010_f01_rgb.png,data/neg_windshield_near/burst010_f01_depth.npy,neg_windshield_near,1,1,1,1,1,0,0
data/neg_windshield_near/burst010_f02_rgb.png,data/neg_windshield_near/burst010_f02_depth.npy,neg_windshield_near,1,1,1,1,1,0,0
data/neg_windshield_near/burst010_f03_rgb.png,data/neg_windshield_near/burst010_f03_depth.npy,neg_windshield_near,1,1,1,1,1,0,0
data/neg_windshield_near/burst010_f04_rgb.png,data/neg_windshield_near/burst010_f04_depth.npy,neg_windshield_near,1,1,1,1,1,0,0
data/neg_windshield_near/burst010_f05_rgb.png,data/neg_windshield_near/burst010_f05_depth.npy,neg_windshield_near,1,1,1,1,1,0,0
data/neg_windshield_near/burst010_f06_rgb.png,data/neg_windshield_near/burst010_f06_depth.npy,neg_windshield_near,1,1,1,1,1,0,0
data/neg_windshield_near/burst010_f07_rgb.png,data/neg_windshield_near/burst010_f07_depth.npy,neg_windshield_near,1,1,1,1,1,0,0
data/neg_windshield_near/burst010_f08_rgb.png,data/neg_windshield_near/burst010_f08_depth.npy,neg_windshield_near,1,1,1,1,1,0,0
data/neg_windshield_near/burst010_f09_rgb.png,data/neg_windshield_near/burst010_f09_depth.npy,neg_windshield_near,1,1,1,1,1,0,0
data/neg_windshield_near/burst011_f00_rgb.png,data/neg_windshield_near/burst011_f00_depth.npy,neg_windshield_near,1,1,1,1,1,0,0
data/neg_windshield_near/burst011_f01_rgb.png,data/neg_windshield_near/burst011_f01_depth.npy,neg_windshield_near,1,1,1,1,1,0,0
data/neg_windshield_near/burst011_f02_rgb.png,data/neg_windshield_near/burst011_f02_depth.npy,neg_windshield_near,1,1,1,1,1,0,0
data/neg_windshield_near/burst011_f03_rgb.png,data/neg_windshield_near/burst011_f03_depth.npy,neg_windshield_near,1,1,1,1,1,0,0
data/neg_windshield_near/burst011_f04_rgb.png,data/neg_windshield_near/burst011_f04_depth.npy,neg_windshield_near,1,1,1,1,1,0,0
data/neg_windshield_near/burst011_f05_rgb.png,data/neg_windshield_near/burst011_f05_depth.npy,neg_windshield_near,1,1,1,1,1,0,0
data/neg_windshield_near/burst011_f06_rgb.png,data/neg_windshield_near/burst011_f06_depth.npy,neg_windshield_near,1,1,1,1,1,0,0
data/neg_windshield_near/burst011_f07_rgb.png,data/neg_windshield_near/burst011_f07_depth.npy,neg_windshield_near,1,1,1,1,1,0,0
data/neg_windshield_near/burst011_f08_rgb.png,data/neg_windshield_near/burst011_f08_depth.npy,neg_windshield_near,1,1,1,1,1,0,0
data/neg_windshield_near/burst011_f09_rgb.png,data/neg_windshield_near/burst011_f09_depth.npy,neg_windshield_near,1,1,1,1,1,0,0
data/neg_windshield_near/burst012_f00_rgb.png,data/neg_windshield_near/burst012_f00_depth.npy,neg_windshield_near,1,1,1,1,1,0,0
data/neg_windshield_near/burst012_f01_rgb.png,data/neg_windshield_near/burst012_f01_depth.npy,neg_windshield_near,1,1,1,1,1,0,0
data/neg_windshield_near/burst012_f02_rgb.png,data/neg_windshield_near/burst012_f02_depth.npy,neg_windshield_near,1,1,1,1,1,0,0
data/neg_windshield_near/burst012_f03_rgb.png,data/neg_windshield_near/burst012_f03_depth.npy,neg_windshield_near,1,1,1,1,1,0,0
data/neg_windshield_near/burst012_f04_rgb.png,data/neg_windshield_near/burst012_f04_depth.npy,neg_windshield_near,1,1,1,1,1,0,0
data/neg_windshield_near/burst012_f05_rgb.png,data/neg_windshield_near/burst012_f05_depth.npy,neg_windshield_near,1,1,1,1,1,0,0
data/neg_windshield_near/burst012_f06_rgb.png,data/neg_windshield_near/burst012_f06_depth.npy,neg_windshield_near,1,1,1,1,1,0,0
data/neg_windshield_near/burst012_f07_rgb.png,data/neg_windshield_near/burst012_f07_depth.npy,neg_windshield_near,1,1,1,1,1,0,0
data/neg_windshield_near/burst012_f08_rgb.png,data/neg_windshield_near/burst012_f08_depth.npy,neg_windshield_near,1,1,1,1,1,0,0
data/neg_windshield_near/burst012_f09_rgb.png,data/neg_windshield_near/burst012_f09_depth.npy,neg_windshield_near,1,1,1,1,1,0,0
data/neg_windshield_near/burst013_f00_rgb.png,data/neg_windshield_near/burst013_f00_depth.npy,neg_windshield_near,1,1,1,1,1,0,0
data/neg_windshield_near/burst013_f01_rgb.png,data/neg_windshield_near/burst013_f01_depth.npy,neg_windshield_near,1,1,1,1,1,0,0
data/neg_windshield_near/burst013_f02_rgb.png,data/neg_windshield_near/burst013_f02_depth.npy,neg_windshield_near,1,1,1,1,1,0,0
data/neg_windshield_near/burst013_f03_rgb.png,data/neg_windshield_near/burst013_f03_depth.npy,neg_windshield_near,1,1,1,1,1,0,0
data/neg_windshield_near/burst013_f04_rgb.png,data/neg_windshield_near/burst013_f04_depth.npy,neg_windshield_near,1,1,1,1,1,0,0
data/neg_windshield_near/burst013_f05_rgb.png,data/neg_windshield_near/burst013_f05_depth.npy,neg_windshield_near,1,1,1,1,1,0,0
data/neg_windshield_near/burst013_f06_rgb.png,data/neg_windshield_near/burst013_f06_depth.npy,neg_windshield_near,1,1,1,1,1,0,0
data/neg_windshield_near/burst013_f07_rgb.png,data/neg_windshield_near/burst013_f07_depth.npy,neg_windshield_near,1,1,1,1,1,0,0
data/neg_windshield_near/burst013_f08_rgb.png,data/neg_windshield_near/burst013_f08_depth.npy,neg_windshield_near,1,1,1,1,1,0,0
data/neg_windshield_near/burst013_f09_rgb.png,data/neg_windshield_near/burst013_f09_depth.npy,neg_windshield_near,1,1,1,1,1,0,0
data/neg_windshield_near/burst014_f00_rgb.png,data/neg_windshield_near/burst014_f00_depth.npy,neg_windshield_near,1,1,1,1,1,0,0
data/neg_windshield_near/burst014_f01_rgb.png,data/neg_windshield_near/burst014_f01_depth.npy,neg_windshield_near,1,1,1,1,1,0,0
data/neg_windshield_near/burst014_f02_rgb.png,data/neg_windshield_near/burst014_f02_depth.npy,neg_windshield_near,1,1,1,1,1,0,0
data/neg_windshield_near/burst014_f03_rgb.png,data/neg_windshield_near/burst014_f03_depth.npy,neg_windshield_near,1,1,1,1,1,0,0
data/neg_windshield_near/burst014_f04_rgb.png,data/neg_windshield_near/burst014_f04_depth.npy,neg_windshield_near,1,1,1,1,1,0,0
data/neg_windshield_near/burst014_f05_rgb.png,data/neg_windshield_near/burst014_f05_depth.npy,neg_windshield_near,1,1,1,1,1,0,0
data/neg_windshield_near/burst014_f06_rgb.png,data/neg_windshield_near/burst014_f06_depth.npy,neg_windshield_near,1,1,1,1,1,0,0
data/neg_windshield_near/burst014_f07_rgb.png,data/neg_windshield_near/burst014_f07_depth.npy,neg_windshield_near,1,1,1,1,1,0,0
data/neg_windshield_near/burst014_f08_rgb.png,data/neg_windshield_near/burst014_f08_depth.npy,neg_windshield_near,1,1,1,1,1,0,0
data/neg_windshield_near/burst014_f09_rgb.png,data/neg_windshield_near/burst014_f09_depth.npy,neg_windshield_near,1,1,1,1,1,0,0
data/neg_windshield_near/burst015_f00_rgb.png,data/neg_windshield_near/burst015_f00_depth.npy,neg_windshield_near,1,1,1,1,1,0,0
data/neg_windshield_near/burst015_f01_rgb.png,data/neg_windshield_near/burst015_f01_depth.npy,neg_windshield_near,1,1,1,1,1,0,0
data/neg_windshield_near/burst015_f02_rgb.png,data/neg_windshield_near/burst015_f02_depth.npy,neg_windshield_near,1,1,1,1,1,0,0
data/neg_windshield_near/burst015_f03_rgb.png,data/neg_windshield_near/burst015_f03_depth.npy,neg_windshield_near,1,1,1,1,1,0,0
data/neg_windshield_near/burst015_f04_rgb.png,data/neg_windshield_near/burst015_f04_depth.npy,neg_windshield_near,1,1,1,1,1,0,0
data/neg_windshield_near/burst015_f05_rgb.png,data/neg_windshield_near/burst015_f05_depth.npy,neg_windshield_near,1,1,1,1,1,0,0
data/neg_windshield_near/burst015_f06_rgb.png,data/neg_windshield_near/burst015_f06_depth.npy,neg_windshield_near,1,1,1,1,1,0,0
data/neg_windshield_near/burst015_f07_rgb.png,data/neg_windshield_near/burst015_f07_depth.npy,neg_windshield_near,1,1,1,1,1,0,0
data/neg_windshield_near/burst015_f08_rgb.png,data/neg_windshield_near/burst015_f08_depth.npy,neg_windshield_near,1,1,1,1,1,0,0
data/neg_windshield_near/burst015_f09_rgb.png,data/neg_windshield_near/burst015_f09_depth.npy,neg_windshield_near,1,1,1,1,1,0,0
data/neg_windshield_near/burst016_f00_rgb.png,data/neg_windshield_near/burst016_f00_depth.npy,neg_windshield_near,1,1,1,1,1,0,0
data/neg_windshield_near/burst016_f01_rgb.png,data/neg_windshield_near/burst016_f01_depth.npy,neg_windshield_near,1,1,1,1,1,0,0
data/neg_windshield_near/burst016_f02_rgb.png,data/neg_windshield_near/burst016_f02_depth.npy,neg_windshield_near,1,1,1,1,1,0,0
data/neg_windshield_near/burst016_f03_rgb.png,data/neg_windshield_near/burst016_f03_depth.npy,neg_windshield_near,1,1,1,1,1,0,0
data/neg_windshield_near/burst016_f04_rgb.png,data/neg_windshield_near/burst016_f04_depth.npy,neg_windshield_near,1,1,1,1,1,0,0
data/neg_windshield_near/burst016_f05_rgb.png,data/neg_windshield_near/burst016_f05_depth.npy,neg_windshield_near,1,1,1,1,1,0,0
data/neg_windshield_near/burst016_f06_rgb.png,data/neg_windshield_near/burst016_f06_depth.npy,neg_windshield_near,1,1,1,1,1,0,0
data/neg_windshield_near/burst016_f07_rgb.png,data/neg_windshield_near/burst016_f07_depth.npy,neg_windshield_near,1,1,1,1,1,0,0
data/neg_windshield_near/burst016_f08_rgb.png,data/neg_windshield_near/burst016_f08_depth.npy,neg_windshield_near,1,1,1,1,1,0,0
data/neg_windshield_near/burst016_f09_rgb.png,data/neg_windshield_near/burst016_f09_depth.npy,neg_windshield_near,1,1,1,1,1,0,0
data/neg_windshield_near/burst017_f00_rgb.png,data/neg_windshield_near/burst017_f00_depth.npy,neg_windshield_near,1,1,1,1,1,0,0
data/neg_windshield_near/burst017_f01_rgb.png,data/neg_windshield_near/burst017_f01_depth.npy,neg_windshield_near,1,1,1,1,1,0,0
data/neg_windshield_near/burst017_f02_rgb.png,data/neg_windshield_near/burst017_f02_depth.npy,neg_windshield_near,1,1,1,1,1,0,0
data/neg_windshield_near/burst017_f03_rgb.png,data/neg_windshield_near/burst017_f03_depth.npy,neg_windshield_near,1,1,1,1,1,0,0
data/neg_windshield_near/burst017_f04_rgb.png,data/neg_windshield_near/burst017_f04_depth.npy,neg_windshield_near,1,1,1,1,1,0,0
data/neg_windshield_near/burst017_f05_rgb.png,data/neg_windshield_near/burst017_f05_depth.npy,neg_windshield_near,1,1,1,1,1,0,0
data/neg_windshield_near/burst017_f06_rgb.png,data/neg_windshield_near/burst017_f06_depth.npy,neg_windshield_near,1,1,1,1,1,0,0
data/neg_windshield_near/burst017_f07_rgb.png,data/neg_windshield_near/burst017_f07_depth.npy,neg_windshield_near,1,1,1,1,1,0,0
data/neg_windshield_near/burst017_f08_rgb.png,data/neg_windshield_near/burst017_f08_depth.npy,neg_windshield_near,1,1,1,1,1,0,0
data/neg_windshield_near/burst017_f09_rgb.png,data/neg_windshield_near/burst017_f09_depth.npy,neg_windshield_near,1,1,1,1,1,0,0
data/neg_windshield_near/burst018_f00_rgb.png,data/neg_windshield_near/burst018_f00_depth.npy,neg_windshield_near,1,1,1,1,1,0,0
data/neg_windshield_near/burst018_f01_rgb.png,data/neg_windshield_near/burst018_f01_depth.npy,neg_windshield_near,1,1,1,1,1,0,0
data/neg_windshield_near/burst018_f02_rgb.png,data/neg_windshield_near/burst018_f02_depth.npy,neg_windshield_near,1,1,1,1,1,0,0
data/neg_windshield_near/burst018_f03_rgb.png,data/neg_windshield_near/burst018_f03_depth.npy,neg_windshield_near,1,1,1,1,1,0,0
data/neg_windshield_near/burst018_f04_rgb.png,data/neg_windshield_near/burst018_f04_depth.npy,neg_windshield_near,1,1,1,1,1,0,0
data/neg_windshield_near/burst018_f05_rgb.png,data/neg_windshield_near/burst018_f05_depth.npy,neg_windshield_near,1,1,1,1,1,0,0
data/neg_windshield_near/burst018_f06_rgb.png,data/neg_windshield_near/burst018_f06_depth.npy,neg_windshield_near,1,1,1,1,1,0,0
data/neg_windshield_near/burst018_f07_rgb.png,data/neg_windshield_near/burst018_f07_depth.npy,neg_windshield_near,1,1,1,1,1,0,0
data/neg_windshield_near/burst018_f08_rgb.png,data/neg_windshield_near/burst018_f08_depth.npy,neg_windshield_near,1,1,1,1,1,0,0
data/neg_windshield_near/burst018_f09_rgb.png,data/neg_windshield_near/burst018_f09_depth.npy,neg_windshield_near,1,1,1,1,1,0,0
data/neg_windshield_near/burst019_f00_rgb.png,data/neg_windshield_near/burst019_f00_depth.npy,neg_windshield_near,1,1,1,1,1,0,0
data/neg_windshield_near/burst019_f01_rgb.png,data/neg_windshield_near/burst019_f01_depth.npy,neg_windshield_near,1,1,1,1,1,0,0
data/neg_windshield_near/burst019_f02_rgb.png,data/neg_windshield_near/burst019_f02_depth.npy,neg_windshield_near,1,1,1,1,1,0,0
data/neg_windshield_near/burst019_f03_rgb.png,data/neg_windshield_near/burst019_f03_depth.npy,neg_windshield_near,1,1,1,1,1,0,0
data/neg_windshield_near/burst019_f04_rgb.png,data/neg_windshield_near/burst019_f04_depth.npy,neg_windshield_near,1,1,1,1,1,0,0
data/neg_windshield_near/burst019_f05_rgb.png,data/neg_windshield_near/burst019_f05_depth.npy,neg_windshield_near,1,1,1,1,1,0,0
data/neg_windshield_near/burst019_f06_rgb.png,data/neg_windshield_near/burst019_f06_depth.npy,neg_windshield_near,1,1,1,1,1,0,0
data/neg_windshield_near/burst019_f07_rgb.png,data/neg_windshield_near/burst019_f07_depth.npy,neg_windshield_near,1,1,1,1,1,0,0
data/neg_windshield_near/burst019_f08_rgb.png,data/neg_windshield_near/burst019_f08_depth.npy,neg_windshield_near,1,1,1,1,1,0,0
data/neg_windshield_near/burst019_f09_rgb.png,data/neg_windshield_near/burst019_f09_depth.npy,neg_windshield_near,1,1,1,1,1,0,0
data/s0_empty/burst000_f00_rgb.png,data/s0_empty/burst000_f00_depth.npy,s0_empty,0,0,0,0,0,0,0
data/s0_empty/burst000_f01_rgb.png,data/s0_empty/burst000_f01_depth.npy,s0_empty,0,0,0,0,0,0,0
data/s0_empty/burst000_f02_rgb.png,data/s0_empty/burst000_f02_depth.npy,s0_empty,0,0,0,0,0,0,0
data/s0_empty/burst000_f03_rgb.png,data/s0_empty/burst000_f03_depth.npy,s0_empty,0,0,0,0,0,0,0
data/s0_empty/burst000_f04_rgb.png,data/s0_empty/burst000_f04_depth.npy,s0_empty,0,0,0,0,0,0,0
data/s0_empty/burst000_f05_rgb.png,data/s0_empty/burst000_f05_depth.npy,s0_empty,0,0,0,0,0,0,0
data/s0_empty/burst000_f06_rgb.png,data/s0_empty/burst000_f06_depth.npy,s0_empty,0,0,0,0,0,0,0
data/s0_empty/burst000_f07_rgb.png,data/s0_empty/burst000_f07_depth.npy,s0_empty,0,0,0,0,0,0,0
data/s0_empty/burst000_f08_rgb.png,data/s0_empty/burst000_f08_depth.npy,s0_empty,0,0,0,0,0,0,0
data/s0_empty/burst000_f09_rgb.png,data/s0_empty/burst000_f09_depth.npy,s0_empty,0,0,0,0,0,0,0
data/s0_empty/burst001_f00_rgb.png,data/s0_empty/burst001_f00_depth.npy,s0_empty,0,0,0,0,0,0,0
data/s0_empty/burst001_f01_rgb.png,data/s0_empty/burst001_f01_depth.npy,s0_empty,0,0,0,0,0,0,0
data/s0_empty/burst001_f02_rgb.png,data/s0_empty/burst001_f02_depth.npy,s0_empty,0,0,0,0,0,0,0
data/s0_empty/burst001_f03_rgb.png,data/s0_empty/burst001_f03_depth.npy,s0_empty,0,0,0,0,0,0,0
data/s0_empty/burst001_f04_rgb.png,data/s0_empty/burst001_f04_depth.npy,s0_empty,0,0,0,0,0,0,0
data/s0_empty/burst001_f05_rgb.png,data/s0_empty/burst001_f05_depth.npy,s0_empty,0,0,0,0,0,0,0
data/s0_empty/burst001_f06_rgb.png,data/s0_empty/burst001_f06_depth.npy,s0_empty,0,0,0,0,0,0,0
data/s0_empty/burst001_f07_rgb.png,data/s0_empty/burst001_f07_depth.npy,s0_empty,0,0,0,0,0,0,0
data/s0_empty/burst001_f08_rgb.png,data/s0_empty/burst001_f08_depth.npy,s0_empty,0,0,0,0,0,0,0
data/s0_empty/burst001_f09_rgb.png,data/s0_empty/burst001_f09_depth.npy,s0_empty,0,0,0,0,0,0,0
data/s0_empty/burst002_f00_rgb.png,data/s0_empty/burst002_f00_depth.npy,s0_empty,0,0,0,0,0,0,0
data/s0_empty/burst002_f01_rgb.png,data/s0_empty/burst002_f01_depth.npy,s0_empty,0,0,0,0,0,0,0
data/s0_empty/burst002_f02_rgb.png,data/s0_empty/burst002_f02_depth.npy,s0_empty,0,0,0,0,0,0,0
data/s0_empty/burst002_f03_rgb.png,data/s0_empty/burst002_f03_depth.npy,s0_empty,0,0,0,0,0,0,0
data/s0_empty/burst002_f04_rgb.png,data/s0_empty/burst002_f04_depth.npy,s0_empty,0,0,0,0,0,0,0
data/s0_empty/burst002_f05_rgb.png,data/s0_empty/burst002_f05_depth.npy,s0_empty,0,0,0,0,0,0,0
data/s0_empty/burst002_f06_rgb.png,data/s0_empty/burst002_f06_depth.npy,s0_empty,0,0,0,0,0,0,0
data/s0_empty/burst002_f07_rgb.png,data/s0_empty/burst002_f07_depth.npy,s0_empty,0,0,0,0,0,0,0
data/s0_empty/burst002_f08_rgb.png,data/s0_empty/burst002_f08_depth.npy,s0_empty,0,0,0,0,0,0,0
data/s0_empty/burst002_f09_rgb.png,data/s0_empty/burst002_f09_depth.npy,s0_empty,0,0,0,0,0,0,0
data/s0_empty/burst003_f00_rgb.png,data/s0_empty/burst003_f00_depth.npy,s0_empty,0,0,0,0,0,0,0
data/s0_empty/burst003_f01_rgb.png,data/s0_empty/burst003_f01_depth.npy,s0_empty,0,0,0,0,0,0,0
data/s0_empty/burst003_f02_rgb.png,data/s0_empty/burst003_f02_depth.npy,s0_empty,0,0,0,0,0,0,0
data/s0_empty/burst003_f03_rgb.png,data/s0_empty/burst003_f03_depth.npy,s0_empty,0,0,0,0,0,0,0
data/s0_empty/burst003_f04_rgb.png,data/s0_empty/burst003_f04_depth.npy,s0_empty,0,0,0,0,0,0,0
data/s0_empty/burst003_f05_rgb.png,data/s0_empty/burst003_f05_depth.npy,s0_empty,0,0,0,0,0,0,0
data/s0_empty/burst003_f06_rgb.png,data/s0_empty/burst003_f06_depth.npy,s0_empty,0,0,0,0,0,0,0
data/s0_empty/burst003_f07_rgb.png,data/s0_empty/burst003_f07_depth.npy,s0_empty,0,0,0,0,0,0,0
data/s0_empty/burst003_f08_rgb.png,data/s0_empty/burst003_f08_depth.npy,s0_empty,0,0,0,0,0,0,0
data/s0_empty/burst003_f09_rgb.png,data/s0_empty/burst003_f09_depth.npy,s0_empty,0,0,0,0,0,0,0
data/s0_empty/burst004_f00_rgb.png,data/s0_empty/burst004_f00_depth.npy,s0_empty,0,0,0,0,0,0,0
data/s0_empty/burst004_f01_rgb.png,data/s0_empty/burst004_f01_depth.npy,s0_empty,0,0,0,0,0,0,0
data/s0_empty/burst004_f02_rgb.png,data/s0_empty/burst004_f02_depth.npy,s0_empty,0,0,0,0,0,0,0
data/s0_empty/burst004_f03_rgb.png,data/s0_empty/burst004_f03_depth.npy,s0_empty,0,0,0,0,0,0,0
data/s0_empty/burst004_f04_rgb.png,data/s0_empty/burst004_f04_depth.npy,s0_empty,0,0,0,0,0,0,0
data/s0_empty/burst004_f05_rgb.png,data/s0_empty/burst004_f05_depth.npy,s0_empty,0,0,0,0,0,0,0
data/s0_empty/burst004_f06_rgb.png,data/s0_empty/burst004_f06_depth.npy,s0_empty,0,0,0,0,0,0,0
data/s0_empty/burst004_f07_rgb.png,data/s0_empty/burst004_f07_depth.npy,s0_empty,0,0,0,0,0,0,0
data/s0_empty/burst004_f08_rgb.png,data/s0_empty/burst004_f08_depth.npy,s0_empty,0,0,0,0,0,0,0
data/s0_empty/burst004_f09_rgb.png,data/s0_empty/burst004_f09_depth.npy,s0_empty,0,0,0,0,0,0,0
data/s0_empty/burst005_f00_rgb.png,data/s0_empty/burst005_f00_depth.npy,s0_empty,0,0,0,0,0,0,0
data/s0_empty/burst005_f01_rgb.png,data/s0_empty/burst005_f01_depth.npy,s0_empty,0,0,0,0,0,0,0
data/s0_empty/burst005_f02_rgb.png,data/s0_empty/burst005_f02_depth.npy,s0_empty,0,0,0,0,0,0,0
data/s0_empty/burst005_f03_rgb.png,data/s0_empty/burst005_f03_depth.npy,s0_empty,0,0,0,0,0,0,0
data/s0_empty/burst005_f04_rgb.png,data/s0_empty/burst005_f04_depth.npy,s0_empty,0,0,0,0,0,0,0
data/s0_empty/burst005_f05_rgb.png,data/s0_empty/burst005_f05_depth.npy,s0_empty,0,0,0,0,0,0,0
data/s0_empty/burst005_f06_rgb.png,data/s0_empty/burst005_f06_depth.npy,s0_empty,0,0,0,0,0,0,0
data/s0_empty/burst005_f07_rgb.png,data/s0_empty/burst005_f07_depth.npy,s0_empty,0,0,0,0,0,0,0
data/s0_empty/burst005_f08_rgb.png,data/s0_empty/burst005_f08_depth.npy,s0_empty,0,0,0,0,0,0,0
data/s0_empty/burst005_f09_rgb.png,data/s0_empty/burst005_f09_depth.npy,s0_empty,0,0,0,0,0,0,0
data/s0_empty/burst006_f00_rgb.png,data/s0_empty/burst006_f00_depth.npy,s0_empty,0,0,0,0,0,0,0
data/s0_empty/burst006_f01_rgb.png,data/s0_empty/burst006_f01_depth.npy,s0_empty,0,0,0,0,0,0,0
data/s0_empty/burst006_f02_rgb.png,data/s0_empty/burst006_f02_depth.npy,s0_empty,0,0,0,0,0,0,0
data/s0_empty/burst006_f03_rgb.png,data/s0_empty/burst006_f03_depth.npy,s0_empty,0,0,0,0,0,0,0
data/s0_empty/burst006_f04_rgb.png,data/s0_empty/burst006_f04_depth.npy,s0_empty,0,0,0,0,0,0,0
data/s0_empty/burst006_f05_rgb.png,data/s0_empty/burst006_f05_depth.npy,s0_empty,0,0,0,0,0,0,0
data/s0_empty/burst006_f06_rgb.png,data/s0_empty/burst006_f06_depth.npy,s0_empty,0,0,0,0,0,0,0
data/s0_empty/burst006_f07_rgb.png,data/s0_empty/burst006_f07_depth.npy,s0_empty,0,0,0,0,0,0,0
data/s0_empty/burst006_f08_rgb.png,data/s0_empty/burst006_f08_depth.npy,s0_empty,0,0,0,0,0,0,0
data/s0_empty/burst006_f09_rgb.png,data/s0_empty/burst006_f09_depth.npy,s0_empty,0,0,0,0,0,0,0
data/s0_empty/burst007_f00_rgb.png,data/s0_empty/burst007_f00_depth.npy,s0_empty,0,0,0,0,0,0,0
data/s0_empty/burst007_f01_rgb.png,data/s0_empty/burst007_f01_depth.npy,s0_empty,0,0,0,0,0,0,0
data/s0_empty/burst007_f02_rgb.png,data/s0_empty/burst007_f02_depth.npy,s0_empty,0,0,0,0,0,0,0
data/s0_empty/burst007_f03_rgb.png,data/s0_empty/burst007_f03_depth.npy,s0_empty,0,0,0,0,0,0,0
data/s0_empty/burst007_f04_rgb.png,data/s0_empty/burst007_f04_depth.npy,s0_empty,0,0,0,0,0,0,0
data/s0_empty/burst007_f05_rgb.png,data/s0_empty/burst007_f05_depth.npy,s0_empty,0,0,0,0,0,0,0
data/s0_empty/burst007_f06_rgb.png,data/s0_empty/burst007_f06_depth.npy,s0_empty,0,0,0,0,0,0,0
data/s0_empty/burst007_f07_rgb.png,data/s0_empty/burst007_f07_depth.npy,s0_empty,0,0,0,0,0,0,0
data/s0_empty/burst007_f08_rgb.png,data/s0_empty/burst007_f08_depth.npy,s0_empty,0,0,0,0,0,0,0
data/s0_empty/burst007_f09_rgb.png,data/s0_empty/burst007_f09_depth.npy,s0_empty,0,0,0,0,0,0,0
data/s0_empty/burst008_f00_rgb.png,data/s0_empty/burst008_f00_depth.npy,s0_empty,0,0,0,0,0,0,0
data/s0_empty/burst008_f01_rgb.png,data/s0_empty/burst008_f01_depth.npy,s0_empty,0,0,0,0,0,0,0
data/s0_empty/burst008_f02_rgb.png,data/s0_empty/burst008_f02_depth.npy,s0_empty,0,0,0,0,0,0,0
data/s0_empty/burst008_f03_rgb.png,data/s0_empty/burst008_f03_depth.npy,s0_empty,0,0,0,0,0,0,0
data/s0_empty/burst008_f04_rgb.png,data/s0_empty/burst008_f04_depth.npy,s0_empty,0,0,0,0,0,0,0
data/s0_empty/burst008_f05_rgb.png,data/s0_empty/burst008_f05_depth.npy,s0_empty,0,0,0,0,0,0,0
data/s0_empty/burst008_f06_rgb.png,data/s0_empty/burst008_f06_depth.npy,s0_empty,0,0,0,0,0,0,0
data/s0_empty/burst008_f07_rgb.png,data/s0_empty/burst008_f07_depth.npy,s0_empty,0,0,0,0,0,0,0
data/s0_empty/burst008_f08_rgb.png,data/s0_empty/burst008_f08_depth.npy,s0_empty,0,0,0,0,0,0,0
data/s0_empty/burst008_f09_rgb.png,data/s0_empty/burst008_f09_depth.npy,s0_empty,0,0,0,0,0,0,0
data/s0_empty/burst009_f00_rgb.png,data/s0_empty/burst009_f00_depth.npy,s0_empty,0,0,0,0,0,0,0
data/s0_empty/burst009_f01_rgb.png,data/s0_empty/burst009_f01_depth.npy,s0_empty,0,0,0,0,0,0,0
data/s0_empty/burst009_f02_rgb.png,data/s0_empty/burst009_f02_depth.npy,s0_empty,0,0,0,0,0,0,0
data/s0_empty/burst009_f03_rgb.png,data/s0_empty/burst009_f03_depth.npy,s0_empty,0,0,0,0,0,0,0
data/s0_empty/burst009_f04_rgb.png,data/s0_empty/burst009_f04_depth.npy,s0_empty,0,0,0,0,0,0,0
data/s0_empty/burst009_f05_rgb.png,data/s0_empty/burst009_f05_depth.npy,s0_empty,0,0,0,0,0,0,0
data/s0_empty/burst009_f06_rgb.png,data/s0_empty/burst009_f06_depth.npy,s0_empty,0,0,0,0,0,0,0
data/s0_empty/burst009_f07_rgb.png,data/s0_empty/burst009_f07_depth.npy,s0_empty,0,0,0,0,0,0,0
data/s0_empty/burst009_f08_rgb.png,data/s0_empty/burst009_f08_depth.npy,s0_empty,0,0,0,0,0,0,0
data/s0_empty/burst009_f09_rgb.png,data/s0_empty/burst009_f09_depth.npy,s0_empty,0,0,0,0,0,0,0
data/s0_empty/burst010_f00_rgb.png,data/s0_empty/burst010_f00_depth.npy,s0_empty,0,0,0,0,0,0,0
data/s0_empty/burst010_f01_rgb.png,data/s0_empty/burst010_f01_depth.npy,s0_empty,0,0,0,0,0,0,0
data/s0_empty/burst010_f02_rgb.png,data/s0_empty/burst010_f02_depth.npy,s0_empty,0,0,0,0,0,0,0
data/s0_empty/burst010_f03_rgb.png,data/s0_empty/burst010_f03_depth.npy,s0_empty,0,0,0,0,0,0,0
data/s0_empty/burst010_f04_rgb.png,data/s0_empty/burst010_f04_depth.npy,s0_empty,0,0,0,0,0,0,0
data/s0_empty/burst010_f05_rgb.png,data/s0_empty/burst010_f05_depth.npy,s0_empty,0,0,0,0,0,0,0
data/s0_empty/burst010_f06_rgb.png,data/s0_empty/burst010_f06_depth.npy,s0_empty,0,0,0,0,0,0,0
data/s0_empty/burst010_f07_rgb.png,data/s0_empty/burst010_f07_depth.npy,s0_empty,0,0,0,0,0,0,0
data/s0_empty/burst010_f08_rgb.png,data/s0_empty/burst010_f08_depth.npy,s0_empty,0,0,0,0,0,0,0
data/s0_empty/burst010_f09_rgb.png,data/s0_empty/burst010_f09_depth.npy,s0_empty,0,0,0,0,0,0,0
data/s0_empty/burst011_f00_rgb.png,data/s0_empty/burst011_f00_depth.npy,s0_empty,0,0,0,0,0,0,0
data/s0_empty/burst011_f01_rgb.png,data/s0_empty/burst011_f01_depth.npy,s0_empty,0,0,0,0,0,0,0
data/s0_empty/burst011_f02_rgb.png,data/s0_empty/burst011_f02_depth.npy,s0_empty,0,0,0,0,0,0,0
data/s0_empty/burst011_f03_rgb.png,data/s0_empty/burst011_f03_depth.npy,s0_empty,0,0,0,0,0,0,0
data/s0_empty/burst011_f04_rgb.png,data/s0_empty/burst011_f04_depth.npy,s0_empty,0,0,0,0,0,0,0
data/s0_empty/burst011_f05_rgb.png,data/s0_empty/burst011_f05_depth.npy,s0_empty,0,0,0,0,0,0,0
data/s0_empty/burst011_f06_rgb.png,data/s0_empty/burst011_f06_depth.npy,s0_empty,0,0,0,0,0,0,0
data/s0_empty/burst011_f07_rgb.png,data/s0_empty/burst011_f07_depth.npy,s0_empty,0,0,0,0,0,0,0
data/s0_empty/burst011_f08_rgb.png,data/s0_empty/burst011_f08_depth.npy,s0_empty,0,0,0,0,0,0,0
data/s0_empty/burst011_f09_rgb.png,data/s0_empty/burst011_f09_depth.npy,s0_empty,0,0,0,0,0,0,0
data/s0_empty/burst012_f00_rgb.png,data/s0_empty/burst012_f00_depth.npy,s0_empty,0,0,0,0,0,0,0
data/s0_empty/burst012_f01_rgb.png,data/s0_empty/burst012_f01_depth.npy,s0_empty,0,0,0,0,0,0,0
data/s0_empty/burst012_f02_rgb.png,data/s0_empty/burst012_f02_depth.npy,s0_empty,0,0,0,0,0,0,0
data/s0_empty/burst012_f03_rgb.png,data/s0_empty/burst012_f03_depth.npy,s0_empty,0,0,0,0,0,0,0
data/s0_empty/burst012_f04_rgb.png,data/s0_empty/burst012_f04_depth.npy,s0_empty,0,0,0,0,0,0,0
data/s0_empty/burst012_f05_rgb.png,data/s0_empty/burst012_f05_depth.npy,s0_empty,0,0,0,0,0,0,0
data/s0_empty/burst012_f06_rgb.png,data/s0_empty/burst012_f06_depth.npy,s0_empty,0,0,0,0,0,0,0
data/s0_empty/burst012_f07_rgb.png,data/s0_empty/burst012_f07_depth.npy,s0_empty,0,0,0,0,0,0,0
data/s0_empty/burst012_f08_rgb.png,data/s0_empty/burst012_f08_depth.npy,s0_empty,0,0,0,0,0,0,0
data/s0_empty/burst012_f09_rgb.png,data/s0_empty/burst012_f09_depth.npy,s0_empty,0,0,0,0,0,0,0
data/s0_empty/burst013_f00_rgb.png,data/s0_empty/burst013_f00_depth.npy,s0_empty,0,0,0,0,0,0,0
data/s0_empty/burst013_f01_rgb.png,data/s0_empty/burst013_f01_depth.npy,s0_empty,0,0,0,0,0,0,0
data/s0_empty/burst013_f02_rgb.png,data/s0_empty/burst013_f02_depth.npy,s0_empty,0,0,0,0,0,0,0
data/s0_empty/burst013_f03_rgb.png,data/s0_empty/burst013_f03_depth.npy,s0_empty,0,0,0,0,0,0,0
data/s0_empty/burst013_f04_rgb.png,data/s0_empty/burst013_f04_depth.npy,s0_empty,0,0,0,0,0,0,0
data/s0_empty/burst013_f05_rgb.png,data/s0_empty/burst013_f05_depth.npy,s0_empty,0,0,0,0,0,0,0
data/s0_empty/burst013_f06_rgb.png,data/s0_empty/burst013_f06_depth.npy,s0_empty,0,0,0,0,0,0,0
data/s0_empty/burst013_f07_rgb.png,data/s0_empty/burst013_f07_depth.npy,s0_empty,0,0,0,0,0,0,0
data/s0_empty/burst013_f08_rgb.png,data/s0_empty/burst013_f08_depth.npy,s0_empty,0,0,0,0,0,0,0
data/s0_empty/burst013_f09_rgb.png,data/s0_empty/burst013_f09_depth.npy,s0_empty,0,0,0,0,0,0,0
data/s0_empty/burst014_f00_rgb.png,data/s0_empty/burst014_f00_depth.npy,s0_empty,0,0,0,0,0,0,0
data/s0_empty/burst014_f01_rgb.png,data/s0_empty/burst014_f01_depth.npy,s0_empty,0,0,0,0,0,0,0
data/s0_empty/burst014_f02_rgb.png,data/s0_empty/burst014_f02_depth.npy,s0_empty,0,0,0,0,0,0,0
data/s0_empty/burst014_f03_rgb.png,data/s0_empty/burst014_f03_depth.npy,s0_empty,0,0,0,0,0,0,0
data/s0_empty/burst014_f04_rgb.png,data/s0_empty/burst014_f04_depth.npy,s0_empty,0,0,0,0,0,0,0
data/s0_empty/burst014_f05_rgb.png,data/s0_empty/burst014_f05_depth.npy,s0_empty,0,0,0,0,0,0,0
data/s0_empty/burst014_f06_rgb.png,data/s0_empty/burst014_f06_depth.npy,s0_empty,0,0,0,0,0,0,0
data/s0_empty/burst014_f07_rgb.png,data/s0_empty/burst014_f07_depth.npy,s0_empty,0,0,0,0,0,0,0
data/s0_empty/burst014_f08_rgb.png,data/s0_empty/burst014_f08_depth.npy,s0_empty,0,0,0,0,0,0,0
data/s0_empty/burst014_f09_rgb.png,data/s0_empty/burst014_f09_depth.npy,s0_empty,0,0,0,0,0,0,0
data/s0_empty/burst015_f00_rgb.png,data/s0_empty/burst015_f00_depth.npy,s0_empty,0,0,0,0,0,0,0
data/s0_empty/burst015_f01_rgb.png,data/s0_empty/burst015_f01_depth.npy,s0_empty,0,0,0,0,0,0,0
data/s0_empty/burst015_f02_rgb.png,data/s0_empty/burst015_f02_depth.npy,s0_empty,0,0,0,0,0,0,0
data/s0_empty/burst015_f03_rgb.png,data/s0_empty/burst015_f03_depth.npy,s0_empty,0,0,0,0,0,0,0
data/s0_empty/burst015_f04_rgb.png,data/s0_empty/burst015_f04_depth.npy,s0_empty,0,0,0,0,0,0,0
data/s0_empty/burst015_f05_rgb.png,data/s0_empty/burst015_f05_depth.npy,s0_empty,0,0,0,0,0,0,0
data/s0_empty/burst015_f06_rgb.png,data/s0_empty/burst015_f06_depth.npy,s0_empty,0,0,0,0,0,0,0
data/s0_empty/burst015_f07_rgb.png,data/s0_empty/burst015_f07_depth.npy,s0_empty,0,0,0,0,0,0,0
data/s0_empty/burst015_f08_rgb.png,data/s0_empty/burst015_f08_depth.npy,s0_empty,0,0,0,0,0,0,0
data/s0_empty/burst015_f09_rgb.png,data/s0_empty/burst015_f09_depth.npy,s0_empty,0,0,0,0,0,0,0
data/s0_empty/burst016_f00_rgb.png,data/s0_empty/burst016_f00_depth.npy,s0_empty,0,0,0,0,0,0,0
data/s0_empty/burst016_f01_rgb.png,data/s0_empty/burst016_f01_depth.npy,s0_empty,0,0,0,0,0,0,0
data/s0_empty/burst016_f02_rgb.png,data/s0_empty/burst016_f02_depth.npy,s0_empty,0,0,0,0,0,0,0
data/s0_empty/burst016_f03_rgb.png,data/s0_empty/burst016_f03_depth.npy,s0_empty,0,0,0,0,0,0,0
data/s0_empty/burst016_f04_rgb.png,data/s0_empty/burst016_f04_depth.npy,s0_empty,0,0,0,0,0,0,0
data/s0_empty/burst016_f05_rgb.png,data/s0_empty/burst016_f05_depth.npy,s0_empty,0,0,0,0,0,0,0
data/s0_empty/burst016_f06_rgb.png,data/s0_empty/burst016_f06_depth.npy,s0_empty,0,0,0,0,0,0,0
data/s0_empty/burst016_f07_rgb.png,data/s0_empty/burst016_f07_depth.npy,s0_empty,0,0,0,0,0,0,0
data/s0_empty/burst016_f08_rgb.png,data/s0_empty/burst016_f08_depth.npy,s0_empty,0,0,0,0,0,0,0
data/s0_empty/burst016_f09_rgb.png,data/s0_empty/burst016_f09_depth.npy,s0_empty,0,0,0,0,0,0,0
data/s0_empty/burst017_f00_rgb.png,data/s0_empty/burst017_f00_depth.npy,s0_empty,0,0,0,0,0,0,0
data/s0_empty/burst017_f01_rgb.png,data/s0_empty/burst017_f01_depth.npy,s0_empty,0,0,0,0,0,0,0
data/s0_empty/burst017_f02_rgb.png,data/s0_empty/burst017_f02_depth.npy,s0_empty,0,0,0,0,0,0,0
data/s0_empty/burst017_f03_rgb.png,data/s0_empty/burst017_f03_depth.npy,s0_empty,0,0,0,0,0,0,0
data/s0_empty/burst017_f04_rgb.png,data/s0_empty/burst017_f04_depth.npy,s0_empty,0,0,0,0,0,0,0
data/s0_empty/burst017_f05_rgb.png,data/s0_empty/burst017_f05_depth.npy,s0_empty,0,0,0,0,0,0,0
data/s0_empty/burst017_f06_rgb.png,data/s0_empty/burst017_f06_depth.npy,s0_empty,0,0,0,0,0,0,0
data/s0_empty/burst017_f07_rgb.png,data/s0_empty/burst017_f07_depth.npy,s0_empty,0,0,0,0,0,0,0
data/s0_empty/burst017_f08_rgb.png,data/s0_empty/burst017_f08_depth.npy,s0_empty,0,0,0,0,0,0,0
data/s0_empty/burst017_f09_rgb.png,data/s0_empty/burst017_f09_depth.npy,s0_empty,0,0,0,0,0,0,0
data/s0_empty/burst018_f00_rgb.png,data/s0_empty/burst018_f00_depth.npy,s0_empty,0,0,0,0,0,0,0
data/s0_empty/burst018_f01_rgb.png,data/s0_empty/burst018_f01_depth.npy,s0_empty,0,0,0,0,0,0,0
data/s0_empty/burst018_f02_rgb.png,data/s0_empty/burst018_f02_depth.npy,s0_empty,0,0,0,0,0,0,0
data/s0_empty/burst018_f03_rgb.png,data/s0_empty/burst018_f03_depth.npy,s0_empty,0,0,0,0,0,0,0
data/s0_empty/burst018_f04_rgb.png,data/s0_empty/burst018_f04_depth.npy,s0_empty,0,0,0,0,0,0,0
data/s0_empty/burst018_f05_rgb.png,data/s0_empty/burst018_f05_depth.npy,s0_empty,0,0,0,0,0,0,0
data/s0_empty/burst018_f06_rgb.png,data/s0_empty/burst018_f06_depth.npy,s0_empty,0,0,0,0,0,0,0
data/s0_empty/burst018_f07_rgb.png,data/s0_empty/burst018_f07_depth.npy,s0_empty,0,0,0,0,0,0,0
data/s0_empty/burst018_f08_rgb.png,data/s0_empty/burst018_f08_depth.npy,s0_empty,0,0,0,0,0,0,0
data/s0_empty/burst018_f09_rgb.png,data/s0_empty/burst018_f09_depth.npy,s0_empty,0,0,0,0,0,0,0
data/s0_empty/burst019_f00_rgb.png,data/s0_empty/burst019_f00_depth.npy,s0_empty,0,0,0,0,0,0,0
data/s0_empty/burst019_f01_rgb.png,data/s0_empty/burst019_f01_depth.npy,s0_empty,0,0,0,0,0,0,0
data/s0_empty/burst019_f02_rgb.png,data/s0_empty/burst019_f02_depth.npy,s0_empty,0,0,0,0,0,0,0
data/s0_empty/burst019_f03_rgb.png,data/s0_empty/burst019_f03_depth.npy,s0_empty,0,0,0,0,0,0,0
data/s0_empty/burst019_f04_rgb.png,data/s0_empty/burst019_f04_depth.npy,s0_empty,0,0,0,0,0,0,0
data/s0_empty/burst019_f05_rgb.png,data/s0_empty/burst019_f05_depth.npy,s0_empty,0,0,0,0,0,0,0
data/s0_empty/burst019_f06_rgb.png,data/s0_empty/burst019_f06_depth.npy,s0_empty,0,0,0,0,0,0,0
data/s0_empty/burst019_f07_rgb.png,data/s0_empty/burst019_f07_depth.npy,s0_empty,0,0,0,0,0,0,0
data/s0_empty/burst019_f08_rgb.png,data/s0_empty/burst019_f08_depth.npy,s0_empty,0,0,0,0,0,0,0
data/s0_empty/burst019_f09_rgb.png,data/s0_empty/burst019_f09_depth.npy,s0_empty,0,0,0,0,0,0,0
data/s0_empty/burst020_f00_rgb.png,data/s0_empty/burst020_f00_depth.npy,s0_empty,0,0,0,0,0,0,0
data/s0_empty/burst020_f01_rgb.png,data/s0_empty/burst020_f01_depth.npy,s0_empty,0,0,0,0,0,0,0
data/s0_empty/burst020_f02_rgb.png,data/s0_empty/burst020_f02_depth.npy,s0_empty,0,0,0,0,0,0,0
data/s0_empty/burst020_f03_rgb.png,data/s0_empty/burst020_f03_depth.npy,s0_empty,0,0,0,0,0,0,0
data/s0_empty/burst020_f04_rgb.png,data/s0_empty/burst020_f04_depth.npy,s0_empty,0,0,0,0,0,0,0
data/s0_empty/burst020_f05_rgb.png,data/s0_empty/burst020_f05_depth.npy,s0_empty,0,0,0,0,0,0,0
data/s0_empty/burst020_f06_rgb.png,data/s0_empty/burst020_f06_depth.npy,s0_empty,0,0,0,0,0,0,0
data/s0_empty/burst020_f07_rgb.png,data/s0_empty/burst020_f07_depth.npy,s0_empty,0,0,0,0,0,0,0
data/s0_empty/burst020_f08_rgb.png,data/s0_empty/burst020_f08_depth.npy,s0_empty,0,0,0,0,0,0,0
data/s0_empty/burst020_f09_rgb.png,data/s0_empty/burst020_f09_depth.npy,s0_empty,0,0,0,0,0,0,0
data/s0_empty/burst021_f00_rgb.png,data/s0_empty/burst021_f00_depth.npy,s0_empty,0,0,0,0,0,0,0
data/s0_empty/burst021_f01_rgb.png,data/s0_empty/burst021_f01_depth.npy,s0_empty,0,0,0,0,0,0,0
data/s0_empty/burst021_f02_rgb.png,data/s0_empty/burst021_f02_depth.npy,s0_empty,0,0,0,0,0,0,0
data/s0_empty/burst021_f03_rgb.png,data/s0_empty/burst021_f03_depth.npy,s0_empty,0,0,0,0,0,0,0
data/s0_empty/burst021_f04_rgb.png,data/s0_empty/burst021_f04_depth.npy,s0_empty,0,0,0,0,0,0,0
data/s0_empty/burst021_f05_rgb.png,data/s0_empty/burst021_f05_depth.npy,s0_empty,0,0,0,0,0,0,0
data/s0_empty/burst021_f06_rgb.png,data/s0_empty/burst021_f06_depth.npy,s0_empty,0,0,0,0,0,0,0
data/s0_empty/burst021_f07_rgb.png,data/s0_empty/burst021_f07_depth.npy,s0_empty,0,0,0,0,0,0,0
data/s0_empty/burst021_f08_rgb.png,data/s0_empty/burst021_f08_depth.npy,s0_empty,0,0,0,0,0,0,0
data/s0_empty/burst021_f09_rgb.png,data/s0_empty/burst021_f09_depth.npy,s0_empty,0,0,0,0,0,0,0
data/s0_empty/burst022_f00_rgb.png,data/s0_empty/burst022_f00_depth.npy,s0_empty,0,0,0,0,0,0,0
data/s0_empty/burst022_f01_rgb.png,data/s0_empty/burst022_f01_depth.npy,s0_empty,0,0,0,0,0,0,0
data/s0_empty/burst022_f02_rgb.png,data/s0_empty/burst022_f02_depth.npy,s0_empty,0,0,0,0,0,0,0
data/s0_empty/burst022_f03_rgb.png,data/s0_empty/burst022_f03_depth.npy,s0_empty,0,0,0,0,0,0,0
data/s0_empty/burst022_f04_rgb.png,data/s0_empty/burst022_f04_depth.npy,s0_empty,0,0,0,0,0,0,0
data/s0_empty/burst022_f05_rgb.png,data/s0_empty/burst022_f05_depth.npy,s0_empty,0,0,0,0,0,0,0
data/s0_empty/burst022_f06_rgb.png,data/s0_empty/burst022_f06_depth.npy,s0_empty,0,0,0,0,0,0,0
data/s0_empty/burst022_f07_rgb.png,data/s0_empty/burst022_f07_depth.npy,s0_empty,0,0,0,0,0,0,0
data/s0_empty/burst022_f08_rgb.png,data/s0_empty/burst022_f08_depth.npy,s0_empty,0,0,0,0,0,0,0
data/s0_empty/burst022_f09_rgb.png,data/s0_empty/burst022_f09_depth.npy,s0_empty,0,0,0,0,0,0,0
data/s0_empty/burst023_f00_rgb.png,data/s0_empty/burst023_f00_depth.npy,s0_empty,0,0,0,0,0,0,0
data/s0_empty/burst023_f01_rgb.png,data/s0_empty/burst023_f01_depth.npy,s0_empty,0,0,0,0,0,0,0
data/s0_empty/burst023_f02_rgb.png,data/s0_empty/burst023_f02_depth.npy,s0_empty,0,0,0,0,0,0,0
data/s0_empty/burst023_f03_rgb.png,data/s0_empty/burst023_f03_depth.npy,s0_empty,0,0,0,0,0,0,0
data/s0_empty/burst023_f04_rgb.png,data/s0_empty/burst023_f04_depth.npy,s0_empty,0,0,0,0,0,0,0
data/s0_empty/burst023_f05_rgb.png,data/s0_empty/burst023_f05_depth.npy,s0_empty,0,0,0,0,0,0,0
data/s0_empty/burst023_f06_rgb.png,data/s0_empty/burst023_f06_depth.npy,s0_empty,0,0,0,0,0,0,0
data/s0_empty/burst023_f07_rgb.png,data/s0_empty/burst023_f07_depth.npy,s0_empty,0,0,0,0,0,0,0
data/s0_empty/burst023_f08_rgb.png,data/s0_empty/burst023_f08_depth.npy,s0_empty,0,0,0,0,0,0,0
data/s0_empty/burst023_f09_rgb.png,data/s0_empty/burst023_f09_depth.npy,s0_empty,0,0,0,0,0,0,0
data/s0_empty/burst024_f00_rgb.png,data/s0_empty/burst024_f00_depth.npy,s0_empty,0,0,0,0,0,0,0
data/s0_empty/burst024_f01_rgb.png,data/s0_empty/burst024_f01_depth.npy,s0_empty,0,0,0,0,0,0,0
data/s0_empty/burst024_f02_rgb.png,data/s0_empty/burst024_f02_depth.npy,s0_empty,0,0,0,0,0,0,0
data/s0_empty/burst024_f03_rgb.png,data/s0_empty/burst024_f03_depth.npy,s0_empty,0,0,0,0,0,0,0
data/s0_empty/burst024_f04_rgb.png,data/s0_empty/burst024_f04_depth.npy,s0_empty,0,0,0,0,0,0,0
data/s0_empty/burst024_f05_rgb.png,data/s0_empty/burst024_f05_depth.npy,s0_empty,0,0,0,0,0,0,0
data/s0_empty/burst024_f06_rgb.png,data/s0_empty/burst024_f06_depth.npy,s0_empty,0,0,0,0,0,0,0
data/s0_empty/burst024_f07_rgb.png,data/s0_empty/burst024_f07_depth.npy,s0_empty,0,0,0,0,0,0,0
data/s0_empty/burst024_f08_rgb.png,data/s0_empty/burst024_f08_depth.npy,s0_empty,0,0,0,0,0,0,0
data/s0_empty/burst024_f09_rgb.png,data/s0_empty/burst024_f09_depth.npy,s0_empty,0,0,0,0,0,0,0
data/s0_empty/burst025_f00_rgb.png,data/s0_empty/burst025_f00_depth.npy,s0_empty,0,0,0,0,0,0,0
data/s0_empty/burst025_f01_rgb.png,data/s0_empty/burst025_f01_depth.npy,s0_empty,0,0,0,0,0,0,0
data/s0_empty/burst025_f02_rgb.png,data/s0_empty/burst025_f02_depth.npy,s0_empty,0,0,0,0,0,0,0
data/s0_empty/burst025_f03_rgb.png,data/s0_empty/burst025_f03_depth.npy,s0_empty,0,0,0,0,0,0,0
data/s0_empty/burst025_f04_rgb.png,data/s0_empty/burst025_f04_depth.npy,s0_empty,0,0,0,0,0,0,0
data/s0_empty/burst025_f05_rgb.png,data/s0_empty/burst025_f05_depth.npy,s0_empty,0,0,0,0,0,0,0
data/s0_empty/burst025_f06_rgb.png,data/s0_empty/burst025_f06_depth.npy,s0_empty,0,0,0,0,0,0,0
data/s0_empty/burst025_f07_rgb.png,data/s0_empty/burst025_f07_depth.npy,s0_empty,0,0,0,0,0,0,0
data/s0_empty/burst025_f08_rgb.png,data/s0_empty/burst025_f08_depth.npy,s0_empty,0,0,0,0,0,0,0
data/s0_empty/burst025_f09_rgb.png,data/s0_empty/burst025_f09_depth.npy,s0_empty,0,0,0,0,0,0,0
data/s0_empty/burst026_f00_rgb.png,data/s0_empty/burst026_f00_depth.npy,s0_empty,0,0,0,0,0,0,0
data/s0_empty/burst026_f01_rgb.png,data/s0_empty/burst026_f01_depth.npy,s0_empty,0,0,0,0,0,0,0
data/s0_empty/burst026_f02_rgb.png,data/s0_empty/burst026_f02_depth.npy,s0_empty,0,0,0,0,0,0,0
data/s0_empty/burst026_f03_rgb.png,data/s0_empty/burst026_f03_depth.npy,s0_empty,0,0,0,0,0,0,0
data/s0_empty/burst026_f04_rgb.png,data/s0_empty/burst026_f04_depth.npy,s0_empty,0,0,0,0,0,0,0
data/s0_empty/burst026_f05_rgb.png,data/s0_empty/burst026_f05_depth.npy,s0_empty,0,0,0,0,0,0,0
data/s0_empty/burst026_f06_rgb.png,data/s0_empty/burst026_f06_depth.npy,s0_empty,0,0,0,0,0,0,0
data/s0_empty/burst026_f07_rgb.png,data/s0_empty/burst026_f07_depth.npy,s0_empty,0,0,0,0,0,0,0
data/s0_empty/burst026_f08_rgb.png,data/s0_empty/burst026_f08_depth.npy,s0_empty,0,0,0,0,0,0,0
data/s0_empty/burst026_f09_rgb.png,data/s0_empty/burst026_f09_depth.npy,s0_empty,0,0,0,0,0,0,0
data/s0_empty/burst027_f00_rgb.png,data/s0_empty/burst027_f00_depth.npy,s0_empty,0,0,0,0,0,0,0
data/s0_empty/burst027_f01_rgb.png,data/s0_empty/burst027_f01_depth.npy,s0_empty,0,0,0,0,0,0,0
data/s0_empty/burst027_f02_rgb.png,data/s0_empty/burst027_f02_depth.npy,s0_empty,0,0,0,0,0,0,0
data/s0_empty/burst027_f03_rgb.png,data/s0_empty/burst027_f03_depth.npy,s0_empty,0,0,0,0,0,0,0
data/s0_empty/burst027_f04_rgb.png,data/s0_empty/burst027_f04_depth.npy,s0_empty,0,0,0,0,0,0,0
data/s0_empty/burst027_f05_rgb.png,data/s0_empty/burst027_f05_depth.npy,s0_empty,0,0,0,0,0,0,0
data/s0_empty/burst027_f06_rgb.png,data/s0_empty/burst027_f06_depth.npy,s0_empty,0,0,0,0,0,0,0
data/s0_empty/burst027_f07_rgb.png,data/s0_empty/burst027_f07_depth.npy,s0_empty,0,0,0,0,0,0,0
data/s0_empty/burst027_f08_rgb.png,data/s0_empty/burst027_f08_depth.npy,s0_empty,0,0,0,0,0,0,0
data/s0_empty/burst027_f09_rgb.png,data/s0_empty/burst027_f09_depth.npy,s0_empty,0,0,0,0,0,0,0
data/s0_empty/burst028_f00_rgb.png,data/s0_empty/burst028_f00_depth.npy,s0_empty,0,0,0,0,0,0,0
data/s0_empty/burst028_f01_rgb.png,data/s0_empty/burst028_f01_depth.npy,s0_empty,0,0,0,0,0,0,0
data/s0_empty/burst028_f02_rgb.png,data/s0_empty/burst028_f02_depth.npy,s0_empty,0,0,0,0,0,0,0
data/s0_empty/burst028_f03_rgb.png,data/s0_empty/burst028_f03_depth.npy,s0_empty,0,0,0,0,0,0,0
data/s0_empty/burst028_f04_rgb.png,data/s0_empty/burst028_f04_depth.npy,s0_empty,0,0,0,0,0,0,0
data/s0_empty/burst028_f05_rgb.png,data/s0_empty/burst028_f05_depth.npy,s0_empty,0,0,0,0,0,0,0
data/s0_empty/burst028_f06_rgb.png,data/s0_empty/burst028_f06_depth.npy,s0_empty,0,0,0,0,0,0,0
data/s0_empty/burst028_f07_rgb.png,data/s0_empty/burst028_f07_depth.npy,s0_empty,0,0,0,0,0,0,0
data/s0_empty/burst028_f08_rgb.png,data/s0_empty/burst028_f08_depth.npy,s0_empty,0,0,0,0,0,0,0
data/s0_empty/burst028_f09_rgb.png,data/s0_empty/burst028_f09_depth.npy,s0_empty,0,0,0,0,0,0,0
data/s0_empty/burst029_f00_rgb.png,data/s0_empty/burst029_f00_depth.npy,s0_empty,0,0,0,0,0,0,0
data/s0_empty/burst029_f01_rgb.png,data/s0_empty/burst029_f01_depth.npy,s0_empty,0,0,0,0,0,0,0
data/s0_empty/burst029_f02_rgb.png,data/s0_empty/burst029_f02_depth.npy,s0_empty,0,0,0,0,0,0,0
data/s0_empty/burst029_f03_rgb.png,data/s0_empty/burst029_f03_depth.npy,s0_empty,0,0,0,0,0,0,0
data/s0_empty/burst029_f04_rgb.png,data/s0_empty/burst029_f04_depth.npy,s0_empty,0,0,0,0,0,0,0
data/s0_empty/burst029_f05_rgb.png,data/s0_empty/burst029_f05_depth.npy,s0_empty,0,0,0,0,0,0,0
data/s0_empty/burst029_f06_rgb.png,data/s0_empty/burst029_f06_depth.npy,s0_empty,0,0,0,0,0,0,0
data/s0_empty/burst029_f07_rgb.png,data/s0_empty/burst029_f07_depth.npy,s0_empty,0,0,0,0,0,0,0
data/s0_empty/burst029_f08_rgb.png,data/s0_empty/burst029_f08_depth.npy,s0_empty,0,0,0,0,0,0,0
data/s0_empty/burst029_f09_rgb.png,data/s0_empty/burst029_f09_depth.npy,s0_empty,0,0,0,0,0,0,0
data/s0_empty/burst030_f00_rgb.png,data/s0_empty/burst030_f00_depth.npy,s0_empty,0,0,0,0,0,0,0
data/s0_empty/burst030_f01_rgb.png,data/s0_empty/burst030_f01_depth.npy,s0_empty,0,0,0,0,0,0,0
data/s0_empty/burst030_f02_rgb.png,data/s0_empty/burst030_f02_depth.npy,s0_empty,0,0,0,0,0,0,0
data/s0_empty/burst030_f03_rgb.png,data/s0_empty/burst030_f03_depth.npy,s0_empty,0,0,0,0,0,0,0
data/s0_empty/burst030_f04_rgb.png,data/s0_empty/burst030_f04_depth.npy,s0_empty,0,0,0,0,0,0,0
data/s0_empty/burst030_f05_rgb.png,data/s0_empty/burst030_f05_depth.npy,s0_empty,0,0,0,0,0,0,0
data/s0_empty/burst030_f06_rgb.png,data/s0_empty/burst030_f06_depth.npy,s0_empty,0,0,0,0,0,0,0
data/s0_empty/burst030_f07_rgb.png,data/s0_empty/burst030_f07_depth.npy,s0_empty,0,0,0,0,0,0,0
data/s0_empty/burst030_f08_rgb.png,data/s0_empty/burst030_f08_depth.npy,s0_empty,0,0,0,0,0,0,0
data/s0_empty/burst030_f09_rgb.png,data/s0_empty/burst030_f09_depth.npy,s0_empty,0,0,0,0,0,0,0
data/s0_empty/burst031_f00_rgb.png,data/s0_empty/burst031_f00_depth.npy,s0_empty,0,0,0,0,0,0,0
data/s0_empty/burst031_f01_rgb.png,data/s0_empty/burst031_f01_depth.npy,s0_empty,0,0,0,0,0,0,0
data/s0_empty/burst031_f02_rgb.png,data/s0_empty/burst031_f02_depth.npy,s0_empty,0,0,0,0,0,0,0
data/s0_empty/burst031_f03_rgb.png,data/s0_empty/burst031_f03_depth.npy,s0_empty,0,0,0,0,0,0,0
data/s0_empty/burst031_f04_rgb.png,data/s0_empty/burst031_f04_depth.npy,s0_empty,0,0,0,0,0,0,0
data/s0_empty/burst031_f05_rgb.png,data/s0_empty/burst031_f05_depth.npy,s0_empty,0,0,0,0,0,0,0
data/s0_empty/burst031_f06_rgb.png,data/s0_empty/burst031_f06_depth.npy,s0_empty,0,0,0,0,0,0,0
data/s0_empty/burst031_f07_rgb.png,data/s0_empty/burst031_f07_depth.npy,s0_empty,0,0,0,0,0,0,0
data/s0_empty/burst031_f08_rgb.png,data/s0_empty/burst031_f08_depth.npy,s0_empty,0,0,0,0,0,0,0
data/s0_empty/burst031_f09_rgb.png,data/s0_empty/burst031_f09_depth.npy,s0_empty,0,0,0,0,0,0,0
data/s0_empty/burst032_f00_rgb.png,data/s0_empty/burst032_f00_depth.npy,s0_empty,0,0,0,0,0,0,0
data/s0_empty/burst032_f01_rgb.png,data/s0_empty/burst032_f01_depth.npy,s0_empty,0,0,0,0,0,0,0
data/s0_empty/burst032_f02_rgb.png,data/s0_empty/burst032_f02_depth.npy,s0_empty,0,0,0,0,0,0,0
data/s0_empty/burst032_f03_rgb.png,data/s0_empty/burst032_f03_depth.npy,s0_empty,0,0,0,0,0,0,0
data/s0_empty/burst032_f04_rgb.png,data/s0_empty/burst032_f04_depth.npy,s0_empty,0,0,0,0,0,0,0
data/s0_empty/burst032_f05_rgb.png,data/s0_empty/burst032_f05_depth.npy,s0_empty,0,0,0,0,0,0,0
data/s0_empty/burst032_f06_rgb.png,data/s0_empty/burst032_f06_depth.npy,s0_empty,0,0,0,0,0,0,0
data/s0_empty/burst032_f07_rgb.png,data/s0_empty/burst032_f07_depth.npy,s0_empty,0,0,0,0,0,0,0
data/s0_empty/burst032_f08_rgb.png,data/s0_empty/burst032_f08_depth.npy,s0_empty,0,0,0,0,0,0,0
data/s0_empty/burst032_f09_rgb.png,data/s0_empty/burst032_f09_depth.npy,s0_empty,0,0,0,0,0,0,0
data/s0_empty/burst033_f00_rgb.png,data/s0_empty/burst033_f00_depth.npy,s0_empty,0,0,0,0,0,0,0
data/s0_empty/burst033_f01_rgb.png,data/s0_empty/burst033_f01_depth.npy,s0_empty,0,0,0,0,0,0,0
data/s0_empty/burst033_f02_rgb.png,data/s0_empty/burst033_f02_depth.npy,s0_empty,0,0,0,0,0,0,0
data/s0_empty/burst033_f03_rgb.png,data/s0_empty/burst033_f03_depth.npy,s0_empty,0,0,0,0,0,0,0
data/s0_empty/burst033_f04_rgb.png,data/s0_empty/burst033_f04_depth.npy,s0_empty,0,0,0,0,0,0,0
data/s0_empty/burst033_f05_rgb.png,data/s0_empty/burst033_f05_depth.npy,s0_empty,0,0,0,0,0,0,0
data/s0_empty/burst033_f06_rgb.png,data/s0_empty/burst033_f06_depth.npy,s0_empty,0,0,0,0,0,0,0
data/s0_empty/burst033_f07_rgb.png,data/s0_empty/burst033_f07_depth.npy,s0_empty,0,0,0,0,0,0,0
data/s0_empty/burst033_f08_rgb.png,data/s0_empty/burst033_f08_depth.npy,s0_empty,0,0,0,0,0,0,0
data/s0_empty/burst033_f09_rgb.png,data/s0_empty/burst033_f09_depth.npy,s0_empty,0,0,0,0,0,0,0
data/s0_empty/burst034_f00_rgb.png,data/s0_empty/burst034_f00_depth.npy,s0_empty,0,0,0,0,0,0,0
data/s0_empty/burst034_f01_rgb.png,data/s0_empty/burst034_f01_depth.npy,s0_empty,0,0,0,0,0,0,0
data/s0_empty/burst034_f02_rgb.png,data/s0_empty/burst034_f02_depth.npy,s0_empty,0,0,0,0,0,0,0
data/s0_empty/burst034_f03_rgb.png,data/s0_empty/burst034_f03_depth.npy,s0_empty,0,0,0,0,0,0,0
data/s0_empty/burst034_f04_rgb.png,data/s0_empty/burst034_f04_depth.npy,s0_empty,0,0,0,0,0,0,0
data/s0_empty/burst034_f05_rgb.png,data/s0_empty/burst034_f05_depth.npy,s0_empty,0,0,0,0,0,0,0
data/s0_empty/burst034_f06_rgb.png,data/s0_empty/burst034_f06_depth.npy,s0_empty,0,0,0,0,0,0,0
data/s0_empty/burst034_f07_rgb.png,data/s0_empty/burst034_f07_depth.npy,s0_empty,0,0,0,0,0,0,0
data/s0_empty/burst034_f08_rgb.png,data/s0_empty/burst034_f08_depth.npy,s0_empty,0,0,0,0,0,0,0
data/s0_empty/burst034_f09_rgb.png,data/s0_empty/burst034_f09_depth.npy,s0_empty,0,0,0,0,0,0,0
data/s0_empty/burst035_f00_rgb.png,data/s0_empty/burst035_f00_depth.npy,s0_empty,0,0,0,0,0,0,0
data/s0_empty/burst035_f01_rgb.png,data/s0_empty/burst035_f01_depth.npy,s0_empty,0,0,0,0,0,0,0
data/s0_empty/burst035_f02_rgb.png,data/s0_empty/burst035_f02_depth.npy,s0_empty,0,0,0,0,0,0,0
data/s0_empty/burst035_f03_rgb.png,data/s0_empty/burst035_f03_depth.npy,s0_empty,0,0,0,0,0,0,0
data/s0_empty/burst035_f04_rgb.png,data/s0_empty/burst035_f04_depth.npy,s0_empty,0,0,0,0,0,0,0
data/s0_empty/burst035_f05_rgb.png,data/s0_empty/burst035_f05_depth.npy,s0_empty,0,0,0,0,0,0,0
data/s0_empty/burst035_f06_rgb.png,data/s0_empty/burst035_f06_depth.npy,s0_empty,0,0,0,0,0,0,0
data/s0_empty/burst035_f07_rgb.png,data/s0_empty/burst035_f07_depth.npy,s0_empty,0,0,0,0,0,0,0
data/s0_empty/burst035_f08_rgb.png,data/s0_empty/burst035_f08_depth.npy,s0_empty,0,0,0,0,0,0,0
data/s0_empty/burst035_f09_rgb.png,data/s0_empty/burst035_f09_depth.npy,s0_empty,0,0,0,0,0,0,0
data/s0_empty/burst036_f00_rgb.png,data/s0_empty/burst036_f00_depth.npy,s0_empty,0,0,0,0,0,0,0
data/s0_empty/burst036_f01_rgb.png,data/s0_empty/burst036_f01_depth.npy,s0_empty,0,0,0,0,0,0,0
data/s0_empty/burst036_f02_rgb.png,data/s0_empty/burst036_f02_depth.npy,s0_empty,0,0,0,0,0,0,0
data/s0_empty/burst036_f03_rgb.png,data/s0_empty/burst036_f03_depth.npy,s0_empty,0,0,0,0,0,0,0
data/s0_empty/burst036_f04_rgb.png,data/s0_empty/burst036_f04_depth.npy,s0_empty,0,0,0,0,0,0,0
data/s0_empty/burst036_f05_rgb.png,data/s0_empty/burst036_f05_depth.npy,s0_empty,0,0,0,0,0,0,0
data/s0_empty/burst036_f06_rgb.png,data/s0_empty/burst036_f06_depth.npy,s0_empty,0,0,0,0,0,0,0
data/s0_empty/burst036_f07_rgb.png,data/s0_empty/burst036_f07_depth.npy,s0_empty,0,0,0,0,0,0,0
data/s0_empty/burst036_f08_rgb.png,data/s0_empty/burst036_f08_depth.npy,s0_empty,0,0,0,0,0,0,0
data/s0_empty/burst036_f09_rgb.png,data/s0_empty/burst036_f09_depth.npy,s0_empty,0,0,0,0,0,0,0
data/s0_empty/burst037_f00_rgb.png,data/s0_empty/burst037_f00_depth.npy,s0_empty,0,0,0,0,0,0,0
data/s0_empty/burst037_f01_rgb.png,data/s0_empty/burst037_f01_depth.npy,s0_empty,0,0,0,0,0,0,0
data/s0_empty/burst037_f02_rgb.png,data/s0_empty/burst037_f02_depth.npy,s0_empty,0,0,0,0,0,0,0
data/s0_empty/burst037_f03_rgb.png,data/s0_empty/burst037_f03_depth.npy,s0_empty,0,0,0,0,0,0,0
data/s0_empty/burst037_f04_rgb.png,data/s0_empty/burst037_f04_depth.npy,s0_empty,0,0,0,0,0,0,0
data/s0_empty/burst037_f05_rgb.png,data/s0_empty/burst037_f05_depth.npy,s0_empty,0,0,0,0,0,0,0
data/s0_empty/burst037_f06_rgb.png,data/s0_empty/burst037_f06_depth.npy,s0_empty,0,0,0,0,0,0,0
data/s0_empty/burst037_f07_rgb.png,data/s0_empty/burst037_f07_depth.npy,s0_empty,0,0,0,0,0,0,0
data/s0_empty/burst037_f08_rgb.png,data/s0_empty/burst037_f08_depth.npy,s0_empty,0,0,0,0,0,0,0
data/s0_empty/burst037_f09_rgb.png,data/s0_empty/burst037_f09_depth.npy,s0_empty,0,0,0,0,0,0,0
data/s0_empty/burst038_f00_rgb.png,data/s0_empty/burst038_f00_depth.npy,s0_empty,0,0,0,0,0,0,0
data/s0_empty/burst038_f01_rgb.png,data/s0_empty/burst038_f01_depth.npy,s0_empty,0,0,0,0,0,0,0
data/s0_empty/burst038_f02_rgb.png,data/s0_empty/burst038_f02_depth.npy,s0_empty,0,0,0,0,0,0,0
data/s0_empty/burst038_f03_rgb.png,data/s0_empty/burst038_f03_depth.npy,s0_empty,0,0,0,0,0,0,0
data/s0_empty/burst038_f04_rgb.png,data/s0_empty/burst038_f04_depth.npy,s0_empty,0,0,0,0,0,0,0
data/s0_empty/burst038_f05_rgb.png,data/s0_empty/burst038_f05_depth.npy,s0_empty,0,0,0,0,0,0,0
data/s0_empty/burst038_f06_rgb.png,data/s0_empty/burst038_f06_depth.npy,s0_empty,0,0,0,0,0,0,0
data/s0_empty/burst038_f07_rgb.png,data/s0_empty/burst038_f07_depth.npy,s0_empty,0,0,0,0,0,0,0
data/s0_empty/burst038_f08_rgb.png,data/s0_empty/burst038_f08_depth.npy,s0_empty,0,0,0,0,0,0,0
data/s0_empty/burst038_f09_rgb.png,data/s0_empty/burst038_f09_depth.npy,s0_empty,0,0,0,0,0,0,0
data/s0_empty/burst039_f00_rgb.png,data/s0_empty/burst039_f00_depth.npy,s0_empty,0,0,0,0,0,0,0
data/s0_empty/burst039_f01_rgb.png,data/s0_empty/burst039_f01_depth.npy,s0_empty,0,0,0,0,0,0,0
data/s0_empty/burst039_f02_rgb.png,data/s0_empty/burst039_f02_depth.npy,s0_empty,0,0,0,0,0,0,0
data/s0_empty/burst039_f03_rgb.png,data/s0_empty/burst039_f03_depth.npy,s0_empty,0,0,0,0,0,0,0
data/s0_empty/burst039_f04_rgb.png,data/s0_empty/burst039_f04_depth.npy,s0_empty,0,0,0,0,0,0,0
data/s0_empty/burst039_f05_rgb.png,data/s0_empty/burst039_f05_depth.npy,s0_empty,0,0,0,0,0,0,0
data/s0_empty/burst039_f06_rgb.png,data/s0_empty/burst039_f06_depth.npy,s0_empty,0,0,0,0,0,0,0
data/s0_empty/burst039_f07_rgb.png,data/s0_empty/burst039_f07_depth.npy,s0_empty,0,0,0,0,0,0,0
data/s0_empty/burst039_f08_rgb.png,data/s0_empty/burst039_f08_depth.npy,s0_empty,0,0,0,0,0,0,0
data/s0_empty/burst039_f09_rgb.png,data/s0_empty/burst039_f09_depth.npy,s0_empty,0,0,0,0,0,0,0
data/s1_chassis/burst000_f00_rgb.png,data/s1_chassis/burst000_f00_depth.npy,s1_chassis,1,0,0,0,0,0,0
data/s1_chassis/burst000_f01_rgb.png,data/s1_chassis/burst000_f01_depth.npy,s1_chassis,1,0,0,0,0,0,0
data/s1_chassis/burst000_f02_rgb.png,data/s1_chassis/burst000_f02_depth.npy,s1_chassis,1,0,0,0,0,0,0
data/s1_chassis/burst000_f03_rgb.png,data/s1_chassis/burst000_f03_depth.npy,s1_chassis,1,0,0,0,0,0,0
data/s1_chassis/burst000_f04_rgb.png,data/s1_chassis/burst000_f04_depth.npy,s1_chassis,1,0,0,0,0,0,0
data/s1_chassis/burst000_f05_rgb.png,data/s1_chassis/burst000_f05_depth.npy,s1_chassis,1,0,0,0,0,0,0
data/s1_chassis/burst000_f06_rgb.png,data/s1_chassis/burst000_f06_depth.npy,s1_chassis,1,0,0,0,0,0,0
data/s1_chassis/burst000_f07_rgb.png,data/s1_chassis/burst000_f07_depth.npy,s1_chassis,1,0,0,0,0,0,0
data/s1_chassis/burst000_f08_rgb.png,data/s1_chassis/burst000_f08_depth.npy,s1_chassis,1,0,0,0,0,0,0
data/s1_chassis/burst000_f09_rgb.png,data/s1_chassis/burst000_f09_depth.npy,s1_chassis,1,0,0,0,0,0,0
data/s1_chassis/burst001_f00_rgb.png,data/s1_chassis/burst001_f00_depth.npy,s1_chassis,1,0,0,0,0,0,0
data/s1_chassis/burst001_f01_rgb.png,data/s1_chassis/burst001_f01_depth.npy,s1_chassis,1,0,0,0,0,0,0
data/s1_chassis/burst001_f02_rgb.png,data/s1_chassis/burst001_f02_depth.npy,s1_chassis,1,0,0,0,0,0,0
data/s1_chassis/burst001_f03_rgb.png,data/s1_chassis/burst001_f03_depth.npy,s1_chassis,1,0,0,0,0,0,0
data/s1_chassis/burst001_f04_rgb.png,data/s1_chassis/burst001_f04_depth.npy,s1_chassis,1,0,0,0,0,0,0
data/s1_chassis/burst001_f05_rgb.png,data/s1_chassis/burst001_f05_depth.npy,s1_chassis,1,0,0,0,0,0,0
data/s1_chassis/burst001_f06_rgb.png,data/s1_chassis/burst001_f06_depth.npy,s1_chassis,1,0,0,0,0,0,0
data/s1_chassis/burst001_f07_rgb.png,data/s1_chassis/burst001_f07_depth.npy,s1_chassis,1,0,0,0,0,0,0
data/s1_chassis/burst001_f08_rgb.png,data/s1_chassis/burst001_f08_depth.npy,s1_chassis,1,0,0,0,0,0,0
data/s1_chassis/burst001_f09_rgb.png,data/s1_chassis/burst001_f09_depth.npy,s1_chassis,1,0,0,0,0,0,0
data/s1_chassis/burst002_f00_rgb.png,data/s1_chassis/burst002_f00_depth.npy,s1_chassis,1,0,0,0,0,0,0
data/s1_chassis/burst002_f01_rgb.png,data/s1_chassis/burst002_f01_depth.npy,s1_chassis,1,0,0,0,0,0,0
data/s1_chassis/burst002_f02_rgb.png,data/s1_chassis/burst002_f02_depth.npy,s1_chassis,1,0,0,0,0,0,0
data/s1_chassis/burst002_f03_rgb.png,data/s1_chassis/burst002_f03_depth.npy,s1_chassis,1,0,0,0,0,0,0
data/s1_chassis/burst002_f04_rgb.png,data/s1_chassis/burst002_f04_depth.npy,s1_chassis,1,0,0,0,0,0,0
data/s1_chassis/burst002_f05_rgb.png,data/s1_chassis/burst002_f05_depth.npy,s1_chassis,1,0,0,0,0,0,0
data/s1_chassis/burst002_f06_rgb.png,data/s1_chassis/burst002_f06_depth.npy,s1_chassis,1,0,0,0,0,0,0
data/s1_chassis/burst002_f07_rgb.png,data/s1_chassis/burst002_f07_depth.npy,s1_chassis,1,0,0,0,0,0,0
data/s1_chassis/burst002_f08_rgb.png,data/s1_chassis/burst002_f08_depth.npy,s1_chassis,1,0,0,0,0,0,0
data/s1_chassis/burst002_f09_rgb.png,data/s1_chassis/burst002_f09_depth.npy,s1_chassis,1,0,0,0,0,0,0
data/s1_chassis/burst003_f00_rgb.png,data/s1_chassis/burst003_f00_depth.npy,s1_chassis,1,0,0,0,0,0,0
data/s1_chassis/burst003_f01_rgb.png,data/s1_chassis/burst003_f01_depth.npy,s1_chassis,1,0,0,0,0,0,0
data/s1_chassis/burst003_f02_rgb.png,data/s1_chassis/burst003_f02_depth.npy,s1_chassis,1,0,0,0,0,0,0
data/s1_chassis/burst003_f03_rgb.png,data/s1_chassis/burst003_f03_depth.npy,s1_chassis,1,0,0,0,0,0,0
data/s1_chassis/burst003_f04_rgb.png,data/s1_chassis/burst003_f04_depth.npy,s1_chassis,1,0,0,0,0,0,0
data/s1_chassis/burst003_f05_rgb.png,data/s1_chassis/burst003_f05_depth.npy,s1_chassis,1,0,0,0,0,0,0
data/s1_chassis/burst003_f06_rgb.png,data/s1_chassis/burst003_f06_depth.npy,s1_chassis,1,0,0,0,0,0,0
data/s1_chassis/burst003_f07_rgb.png,data/s1_chassis/burst003_f07_depth.npy,s1_chassis,1,0,0,0,0,0,0
data/s1_chassis/burst003_f08_rgb.png,data/s1_chassis/burst003_f08_depth.npy,s1_chassis,1,0,0,0,0,0,0
data/s1_chassis/burst003_f09_rgb.png,data/s1_chassis/burst003_f09_depth.npy,s1_chassis,1,0,0,0,0,0,0
data/s1_chassis/burst004_f00_rgb.png,data/s1_chassis/burst004_f00_depth.npy,s1_chassis,1,0,0,0,0,0,0
data/s1_chassis/burst004_f01_rgb.png,data/s1_chassis/burst004_f01_depth.npy,s1_chassis,1,0,0,0,0,0,0
data/s1_chassis/burst004_f02_rgb.png,data/s1_chassis/burst004_f02_depth.npy,s1_chassis,1,0,0,0,0,0,0
data/s1_chassis/burst004_f03_rgb.png,data/s1_chassis/burst004_f03_depth.npy,s1_chassis,1,0,0,0,0,0,0
data/s1_chassis/burst004_f04_rgb.png,data/s1_chassis/burst004_f04_depth.npy,s1_chassis,1,0,0,0,0,0,0
data/s1_chassis/burst004_f05_rgb.png,data/s1_chassis/burst004_f05_depth.npy,s1_chassis,1,0,0,0,0,0,0
data/s1_chassis/burst004_f06_rgb.png,data/s1_chassis/burst004_f06_depth.npy,s1_chassis,1,0,0,0,0,0,0
data/s1_chassis/burst004_f07_rgb.png,data/s1_chassis/burst004_f07_depth.npy,s1_chassis,1,0,0,0,0,0,0
data/s1_chassis/burst004_f08_rgb.png,data/s1_chassis/burst004_f08_depth.npy,s1_chassis,1,0,0,0,0,0,0
data/s1_chassis/burst004_f09_rgb.png,data/s1_chassis/burst004_f09_depth.npy,s1_chassis,1,0,0,0,0,0,0
data/s1_chassis/burst005_f00_rgb.png,data/s1_chassis/burst005_f00_depth.npy,s1_chassis,1,0,0,0,0,0,0
data/s1_chassis/burst005_f01_rgb.png,data/s1_chassis/burst005_f01_depth.npy,s1_chassis,1,0,0,0,0,0,0
data/s1_chassis/burst005_f02_rgb.png,data/s1_chassis/burst005_f02_depth.npy,s1_chassis,1,0,0,0,0,0,0
data/s1_chassis/burst005_f03_rgb.png,data/s1_chassis/burst005_f03_depth.npy,s1_chassis,1,0,0,0,0,0,0
data/s1_chassis/burst005_f04_rgb.png,data/s1_chassis/burst005_f04_depth.npy,s1_chassis,1,0,0,0,0,0,0
data/s1_chassis/burst005_f05_rgb.png,data/s1_chassis/burst005_f05_depth.npy,s1_chassis,1,0,0,0,0,0,0
data/s1_chassis/burst005_f06_rgb.png,data/s1_chassis/burst005_f06_depth.npy,s1_chassis,1,0,0,0,0,0,0
data/s1_chassis/burst005_f07_rgb.png,data/s1_chassis/burst005_f07_depth.npy,s1_chassis,1,0,0,0,0,0,0
data/s1_chassis/burst005_f08_rgb.png,data/s1_chassis/burst005_f08_depth.npy,s1_chassis,1,0,0,0,0,0,0
data/s1_chassis/burst005_f09_rgb.png,data/s1_chassis/burst005_f09_depth.npy,s1_chassis,1,0,0,0,0,0,0
data/s1_chassis/burst006_f00_rgb.png,data/s1_chassis/burst006_f00_depth.npy,s1_chassis,1,0,0,0,0,0,0
data/s1_chassis/burst006_f01_rgb.png,data/s1_chassis/burst006_f01_depth.npy,s1_chassis,1,0,0,0,0,0,0
data/s1_chassis/burst006_f02_rgb.png,data/s1_chassis/burst006_f02_depth.npy,s1_chassis,1,0,0,0,0,0,0
data/s1_chassis/burst006_f03_rgb.png,data/s1_chassis/burst006_f03_depth.npy,s1_chassis,1,0,0,0,0,0,0
data/s1_chassis/burst006_f04_rgb.png,data/s1_chassis/burst006_f04_depth.npy,s1_chassis,1,0,0,0,0,0,0
data/s1_chassis/burst006_f05_rgb.png,data/s1_chassis/burst006_f05_depth.npy,s1_chassis,1,0,0,0,0,0,0
data/s1_chassis/burst006_f06_rgb.png,data/s1_chassis/burst006_f06_depth.npy,s1_chassis,1,0,0,0,0,0,0
data/s1_chassis/burst006_f07_rgb.png,data/s1_chassis/burst006_f07_depth.npy,s1_chassis,1,0,0,0,0,0,0
data/s1_chassis/burst006_f08_rgb.png,data/s1_chassis/burst006_f08_depth.npy,s1_chassis,1,0,0,0,0,0,0
data/s1_chassis/burst006_f09_rgb.png,data/s1_chassis/burst006_f09_depth.npy,s1_chassis,1,0,0,0,0,0,0
data/s1_chassis/burst007_f00_rgb.png,data/s1_chassis/burst007_f00_depth.npy,s1_chassis,1,0,0,0,0,0,0
data/s1_chassis/burst007_f01_rgb.png,data/s1_chassis/burst007_f01_depth.npy,s1_chassis,1,0,0,0,0,0,0
data/s1_chassis/burst007_f02_rgb.png,data/s1_chassis/burst007_f02_depth.npy,s1_chassis,1,0,0,0,0,0,0
data/s1_chassis/burst007_f03_rgb.png,data/s1_chassis/burst007_f03_depth.npy,s1_chassis,1,0,0,0,0,0,0
data/s1_chassis/burst007_f04_rgb.png,data/s1_chassis/burst007_f04_depth.npy,s1_chassis,1,0,0,0,0,0,0
data/s1_chassis/burst007_f05_rgb.png,data/s1_chassis/burst007_f05_depth.npy,s1_chassis,1,0,0,0,0,0,0
data/s1_chassis/burst007_f06_rgb.png,data/s1_chassis/burst007_f06_depth.npy,s1_chassis,1,0,0,0,0,0,0
data/s1_chassis/burst007_f07_rgb.png,data/s1_chassis/burst007_f07_depth.npy,s1_chassis,1,0,0,0,0,0,0
data/s1_chassis/burst007_f08_rgb.png,data/s1_chassis/burst007_f08_depth.npy,s1_chassis,1,0,0,0,0,0,0
data/s1_chassis/burst007_f09_rgb.png,data/s1_chassis/burst007_f09_depth.npy,s1_chassis,1,0,0,0,0,0,0
data/s1_chassis/burst008_f00_rgb.png,data/s1_chassis/burst008_f00_depth.npy,s1_chassis,1,0,0,0,0,0,0
data/s1_chassis/burst008_f01_rgb.png,data/s1_chassis/burst008_f01_depth.npy,s1_chassis,1,0,0,0,0,0,0
data/s1_chassis/burst008_f02_rgb.png,data/s1_chassis/burst008_f02_depth.npy,s1_chassis,1,0,0,0,0,0,0
data/s1_chassis/burst008_f03_rgb.png,data/s1_chassis/burst008_f03_depth.npy,s1_chassis,1,0,0,0,0,0,0
data/s1_chassis/burst008_f04_rgb.png,data/s1_chassis/burst008_f04_depth.npy,s1_chassis,1,0,0,0,0,0,0
data/s1_chassis/burst008_f05_rgb.png,data/s1_chassis/burst008_f05_depth.npy,s1_chassis,1,0,0,0,0,0,0
data/s1_chassis/burst008_f06_rgb.png,data/s1_chassis/burst008_f06_depth.npy,s1_chassis,1,0,0,0,0,0,0
data/s1_chassis/burst008_f07_rgb.png,data/s1_chassis/burst008_f07_depth.npy,s1_chassis,1,0,0,0,0,0,0
data/s1_chassis/burst008_f08_rgb.png,data/s1_chassis/burst008_f08_depth.npy,s1_chassis,1,0,0,0,0,0,0
data/s1_chassis/burst008_f09_rgb.png,data/s1_chassis/burst008_f09_depth.npy,s1_chassis,1,0,0,0,0,0,0
data/s1_chassis/burst009_f00_rgb.png,data/s1_chassis/burst009_f00_depth.npy,s1_chassis,1,0,0,0,0,0,0
data/s1_chassis/burst009_f01_rgb.png,data/s1_chassis/burst009_f01_depth.npy,s1_chassis,1,0,0,0,0,0,0
data/s1_chassis/burst009_f02_rgb.png,data/s1_chassis/burst009_f02_depth.npy,s1_chassis,1,0,0,0,0,0,0
data/s1_chassis/burst009_f03_rgb.png,data/s1_chassis/burst009_f03_depth.npy,s1_chassis,1,0,0,0,0,0,0
data/s1_chassis/burst009_f04_rgb.png,data/s1_chassis/burst009_f04_depth.npy,s1_chassis,1,0,0,0,0,0,0
data/s1_chassis/burst009_f05_rgb.png,data/s1_chassis/burst009_f05_depth.npy,s1_chassis,1,0,0,0,0,0,0
data/s1_chassis/burst009_f06_rgb.png,data/s1_chassis/burst009_f06_depth.npy,s1_chassis,1,0,0,0,0,0,0
data/s1_chassis/burst009_f07_rgb.png,data/s1_chassis/burst009_f07_depth.npy,s1_chassis,1,0,0,0,0,0,0
data/s1_chassis/burst009_f08_rgb.png,data/s1_chassis/burst009_f08_depth.npy,s1_chassis,1,0,0,0,0,0,0
data/s1_chassis/burst009_f09_rgb.png,data/s1_chassis/burst009_f09_depth.npy,s1_chassis,1,0,0,0,0,0,0
data/s1_chassis/burst010_f00_rgb.png,data/s1_chassis/burst010_f00_depth.npy,s1_chassis,1,0,0,0,0,0,0
data/s1_chassis/burst010_f01_rgb.png,data/s1_chassis/burst010_f01_depth.npy,s1_chassis,1,0,0,0,0,0,0
data/s1_chassis/burst010_f02_rgb.png,data/s1_chassis/burst010_f02_depth.npy,s1_chassis,1,0,0,0,0,0,0
data/s1_chassis/burst010_f03_rgb.png,data/s1_chassis/burst010_f03_depth.npy,s1_chassis,1,0,0,0,0,0,0
data/s1_chassis/burst010_f04_rgb.png,data/s1_chassis/burst010_f04_depth.npy,s1_chassis,1,0,0,0,0,0,0
data/s1_chassis/burst010_f05_rgb.png,data/s1_chassis/burst010_f05_depth.npy,s1_chassis,1,0,0,0,0,0,0
data/s1_chassis/burst010_f06_rgb.png,data/s1_chassis/burst010_f06_depth.npy,s1_chassis,1,0,0,0,0,0,0
data/s1_chassis/burst010_f07_rgb.png,data/s1_chassis/burst010_f07_depth.npy,s1_chassis,1,0,0,0,0,0,0
data/s1_chassis/burst010_f08_rgb.png,data/s1_chassis/burst010_f08_depth.npy,s1_chassis,1,0,0,0,0,0,0
data/s1_chassis/burst010_f09_rgb.png,data/s1_chassis/burst010_f09_depth.npy,s1_chassis,1,0,0,0,0,0,0
data/s1_chassis/burst011_f00_rgb.png,data/s1_chassis/burst011_f00_depth.npy,s1_chassis,1,0,0,0,0,0,0
data/s1_chassis/burst011_f01_rgb.png,data/s1_chassis/burst011_f01_depth.npy,s1_chassis,1,0,0,0,0,0,0
data/s1_chassis/burst011_f02_rgb.png,data/s1_chassis/burst011_f02_depth.npy,s1_chassis,1,0,0,0,0,0,0
data/s1_chassis/burst011_f03_rgb.png,data/s1_chassis/burst011_f03_depth.npy,s1_chassis,1,0,0,0,0,0,0
data/s1_chassis/burst011_f04_rgb.png,data/s1_chassis/burst011_f04_depth.npy,s1_chassis,1,0,0,0,0,0,0
data/s1_chassis/burst011_f05_rgb.png,data/s1_chassis/burst011_f05_depth.npy,s1_chassis,1,0,0,0,0,0,0
data/s1_chassis/burst011_f06_rgb.png,data/s1_chassis/burst011_f06_depth.npy,s1_chassis,1,0,0,0,0,0,0
data/s1_chassis/burst011_f07_rgb.png,data/s1_chassis/burst011_f07_depth.npy,s1_chassis,1,0,0,0,0,0,0
data/s1_chassis/burst011_f08_rgb.png,data/s1_chassis/burst011_f08_depth.npy,s1_chassis,1,0,0,0,0,0,0
data/s1_chassis/burst011_f09_rgb.png,data/s1_chassis/burst011_f09_depth.npy,s1_chassis,1,0,0,0,0,0,0
data/s1_chassis/burst012_f00_rgb.png,data/s1_chassis/burst012_f00_depth.npy,s1_chassis,1,0,0,0,0,0,0
data/s1_chassis/burst012_f01_rgb.png,data/s1_chassis/burst012_f01_depth.npy,s1_chassis,1,0,0,0,0,0,0
data/s1_chassis/burst012_f02_rgb.png,data/s1_chassis/burst012_f02_depth.npy,s1_chassis,1,0,0,0,0,0,0
data/s1_chassis/burst012_f03_rgb.png,data/s1_chassis/burst012_f03_depth.npy,s1_chassis,1,0,0,0,0,0,0
data/s1_chassis/burst012_f04_rgb.png,data/s1_chassis/burst012_f04_depth.npy,s1_chassis,1,0,0,0,0,0,0
data/s1_chassis/burst012_f05_rgb.png,data/s1_chassis/burst012_f05_depth.npy,s1_chassis,1,0,0,0,0,0,0
data/s1_chassis/burst012_f06_rgb.png,data/s1_chassis/burst012_f06_depth.npy,s1_chassis,1,0,0,0,0,0,0
data/s1_chassis/burst012_f07_rgb.png,data/s1_chassis/burst012_f07_depth.npy,s1_chassis,1,0,0,0,0,0,0
data/s1_chassis/burst012_f08_rgb.png,data/s1_chassis/burst012_f08_depth.npy,s1_chassis,1,0,0,0,0,0,0
data/s1_chassis/burst012_f09_rgb.png,data/s1_chassis/burst012_f09_depth.npy,s1_chassis,1,0,0,0,0,0,0
data/s1_chassis/burst013_f00_rgb.png,data/s1_chassis/burst013_f00_depth.npy,s1_chassis,1,0,0,0,0,0,0
data/s1_chassis/burst013_f01_rgb.png,data/s1_chassis/burst013_f01_depth.npy,s1_chassis,1,0,0,0,0,0,0
data/s1_chassis/burst013_f02_rgb.png,data/s1_chassis/burst013_f02_depth.npy,s1_chassis,1,0,0,0,0,0,0
data/s1_chassis/burst013_f03_rgb.png,data/s1_chassis/burst013_f03_depth.npy,s1_chassis,1,0,0,0,0,0,0
data/s1_chassis/burst013_f04_rgb.png,data/s1_chassis/burst013_f04_depth.npy,s1_chassis,1,0,0,0,0,0,0
data/s1_chassis/burst013_f05_rgb.png,data/s1_chassis/burst013_f05_depth.npy,s1_chassis,1,0,0,0,0,0,0
data/s1_chassis/burst013_f06_rgb.png,data/s1_chassis/burst013_f06_depth.npy,s1_chassis,1,0,0,0,0,0,0
data/s1_chassis/burst013_f07_rgb.png,data/s1_chassis/burst013_f07_depth.npy,s1_chassis,1,0,0,0,0,0,0
data/s1_chassis/burst013_f08_rgb.png,data/s1_chassis/burst013_f08_depth.npy,s1_chassis,1,0,0,0,0,0,0
data/s1_chassis/burst013_f09_rgb.png,data/s1_chassis/burst013_f09_depth.npy,s1_chassis,1,0,0,0,0,0,0
data/s1_chassis/burst014_f00_rgb.png,data/s1_chassis/burst014_f00_depth.npy,s1_chassis,1,0,0,0,0,0,0
data/s1_chassis/burst014_f01_rgb.png,data/s1_chassis/burst014_f01_depth.npy,s1_chassis,1,0,0,0,0,0,0
data/s1_chassis/burst014_f02_rgb.png,data/s1_chassis/burst014_f02_depth.npy,s1_chassis,1,0,0,0,0,0,0
data/s1_chassis/burst014_f03_rgb.png,data/s1_chassis/burst014_f03_depth.npy,s1_chassis,1,0,0,0,0,0,0
data/s1_chassis/burst014_f04_rgb.png,data/s1_chassis/burst014_f04_depth.npy,s1_chassis,1,0,0,0,0,0,0
data/s1_chassis/burst014_f05_rgb.png,data/s1_chassis/burst014_f05_depth.npy,s1_chassis,1,0,0,0,0,0,0
data/s1_chassis/burst014_f06_rgb.png,data/s1_chassis/burst014_f06_depth.npy,s1_chassis,1,0,0,0,0,0,0
data/s1_chassis/burst014_f07_rgb.png,data/s1_chassis/burst014_f07_depth.npy,s1_chassis,1,0,0,0,0,0,0
data/s1_chassis/burst014_f08_rgb.png,data/s1_chassis/burst014_f08_depth.npy,s1_chassis,1,0,0,0,0,0,0
data/s1_chassis/burst014_f09_rgb.png,data/s1_chassis/burst014_f09_depth.npy,s1_chassis,1,0,0,0,0,0,0
data/s1_chassis/burst015_f00_rgb.png,data/s1_chassis/burst015_f00_depth.npy,s1_chassis,1,0,0,0,0,0,0
data/s1_chassis/burst015_f01_rgb.png,data/s1_chassis/burst015_f01_depth.npy,s1_chassis,1,0,0,0,0,0,0
data/s1_chassis/burst015_f02_rgb.png,data/s1_chassis/burst015_f02_depth.npy,s1_chassis,1,0,0,0,0,0,0
data/s1_chassis/burst015_f03_rgb.png,data/s1_chassis/burst015_f03_depth.npy,s1_chassis,1,0,0,0,0,0,0
data/s1_chassis/burst015_f04_rgb.png,data/s1_chassis/burst015_f04_depth.npy,s1_chassis,1,0,0,0,0,0,0
data/s1_chassis/burst015_f05_rgb.png,data/s1_chassis/burst015_f05_depth.npy,s1_chassis,1,0,0,0,0,0,0
data/s1_chassis/burst015_f06_rgb.png,data/s1_chassis/burst015_f06_depth.npy,s1_chassis,1,0,0,0,0,0,0
data/s1_chassis/burst015_f07_rgb.png,data/s1_chassis/burst015_f07_depth.npy,s1_chassis,1,0,0,0,0,0,0
data/s1_chassis/burst015_f08_rgb.png,data/s1_chassis/burst015_f08_depth.npy,s1_chassis,1,0,0,0,0,0,0
data/s1_chassis/burst015_f09_rgb.png,data/s1_chassis/burst015_f09_depth.npy,s1_chassis,1,0,0,0,0,0,0
data/s1_chassis/burst016_f00_rgb.png,data/s1_chassis/burst016_f00_depth.npy,s1_chassis,1,0,0,0,0,0,0
data/s1_chassis/burst016_f01_rgb.png,data/s1_chassis/burst016_f01_depth.npy,s1_chassis,1,0,0,0,0,0,0
data/s1_chassis/burst016_f02_rgb.png,data/s1_chassis/burst016_f02_depth.npy,s1_chassis,1,0,0,0,0,0,0
data/s1_chassis/burst016_f03_rgb.png,data/s1_chassis/burst016_f03_depth.npy,s1_chassis,1,0,0,0,0,0,0
data/s1_chassis/burst016_f04_rgb.png,data/s1_chassis/burst016_f04_depth.npy,s1_chassis,1,0,0,0,0,0,0
data/s1_chassis/burst016_f05_rgb.png,data/s1_chassis/burst016_f05_depth.npy,s1_chassis,1,0,0,0,0,0,0
data/s1_chassis/burst016_f06_rgb.png,data/s1_chassis/burst016_f06_depth.npy,s1_chassis,1,0,0,0,0,0,0
data/s1_chassis/burst016_f07_rgb.png,data/s1_chassis/burst016_f07_depth.npy,s1_chassis,1,0,0,0,0,0,0
data/s1_chassis/burst016_f08_rgb.png,data/s1_chassis/burst016_f08_depth.npy,s1_chassis,1,0,0,0,0,0,0
data/s1_chassis/burst016_f09_rgb.png,data/s1_chassis/burst016_f09_depth.npy,s1_chassis,1,0,0,0,0,0,0
data/s1_chassis/burst017_f00_rgb.png,data/s1_chassis/burst017_f00_depth.npy,s1_chassis,1,0,0,0,0,0,0
data/s1_chassis/burst017_f01_rgb.png,data/s1_chassis/burst017_f01_depth.npy,s1_chassis,1,0,0,0,0,0,0
data/s1_chassis/burst017_f02_rgb.png,data/s1_chassis/burst017_f02_depth.npy,s1_chassis,1,0,0,0,0,0,0
data/s1_chassis/burst017_f03_rgb.png,data/s1_chassis/burst017_f03_depth.npy,s1_chassis,1,0,0,0,0,0,0
data/s1_chassis/burst017_f04_rgb.png,data/s1_chassis/burst017_f04_depth.npy,s1_chassis,1,0,0,0,0,0,0
data/s1_chassis/burst017_f05_rgb.png,data/s1_chassis/burst017_f05_depth.npy,s1_chassis,1,0,0,0,0,0,0
data/s1_chassis/burst017_f06_rgb.png,data/s1_chassis/burst017_f06_depth.npy,s1_chassis,1,0,0,0,0,0,0
data/s1_chassis/burst017_f07_rgb.png,data/s1_chassis/burst017_f07_depth.npy,s1_chassis,1,0,0,0,0,0,0
data/s1_chassis/burst017_f08_rgb.png,data/s1_chassis/burst017_f08_depth.npy,s1_chassis,1,0,0,0,0,0,0
data/s1_chassis/burst017_f09_rgb.png,data/s1_chassis/burst017_f09_depth.npy,s1_chassis,1,0,0,0,0,0,0
data/s1_chassis/burst018_f00_rgb.png,data/s1_chassis/burst018_f00_depth.npy,s1_chassis,1,0,0,0,0,0,0
data/s1_chassis/burst018_f01_rgb.png,data/s1_chassis/burst018_f01_depth.npy,s1_chassis,1,0,0,0,0,0,0
data/s1_chassis/burst018_f02_rgb.png,data/s1_chassis/burst018_f02_depth.npy,s1_chassis,1,0,0,0,0,0,0
data/s1_chassis/burst018_f03_rgb.png,data/s1_chassis/burst018_f03_depth.npy,s1_chassis,1,0,0,0,0,0,0
data/s1_chassis/burst018_f04_rgb.png,data/s1_chassis/burst018_f04_depth.npy,s1_chassis,1,0,0,0,0,0,0
data/s1_chassis/burst018_f05_rgb.png,data/s1_chassis/burst018_f05_depth.npy,s1_chassis,1,0,0,0,0,0,0
data/s1_chassis/burst018_f06_rgb.png,data/s1_chassis/burst018_f06_depth.npy,s1_chassis,1,0,0,0,0,0,0
data/s1_chassis/burst018_f07_rgb.png,data/s1_chassis/burst018_f07_depth.npy,s1_chassis,1,0,0,0,0,0,0
data/s1_chassis/burst018_f08_rgb.png,data/s1_chassis/burst018_f08_depth.npy,s1_chassis,1,0,0,0,0,0,0
data/s1_chassis/burst018_f09_rgb.png,data/s1_chassis/burst018_f09_depth.npy,s1_chassis,1,0,0,0,0,0,0
data/s1_chassis/burst019_f00_rgb.png,data/s1_chassis/burst019_f00_depth.npy,s1_chassis,1,0,0,0,0,0,0
data/s1_chassis/burst019_f01_rgb.png,data/s1_chassis/burst019_f01_depth.npy,s1_chassis,1,0,0,0,0,0,0
data/s1_chassis/burst019_f02_rgb.png,data/s1_chassis/burst019_f02_depth.npy,s1_chassis,1,0,0,0,0,0,0
data/s1_chassis/burst019_f03_rgb.png,data/s1_chassis/burst019_f03_depth.npy,s1_chassis,1,0,0,0,0,0,0
data/s1_chassis/burst019_f04_rgb.png,data/s1_chassis/burst019_f04_depth.npy,s1_chassis,1,0,0,0,0,0,0
data/s1_chassis/burst019_f05_rgb.png,data/s1_chassis/burst019_f05_depth.npy,s1_chassis,1,0,0,0,0,0,0
data/s1_chassis/burst019_f06_rgb.png,data/s1_chassis/burst019_f06_depth.npy,s1_chassis,1,0,0,0,0,0,0
data/s1_chassis/burst019_f07_rgb.png,data/s1_chassis/burst019_f07_depth.npy,s1_chassis,1,0,0,0,0,0,0
data/s1_chassis/burst019_f08_rgb.png,data/s1_chassis/burst019_f08_depth.npy,s1_chassis,1,0,0,0,0,0,0
data/s1_chassis/burst019_f09_rgb.png,data/s1_chassis/burst019_f09_depth.npy,s1_chassis,1,0,0,0,0,0,0
data/s1_chassis/burst020_f00_rgb.png,data/s1_chassis/burst020_f00_depth.npy,s1_chassis,1,0,0,0,0,0,0
data/s1_chassis/burst020_f01_rgb.png,data/s1_chassis/burst020_f01_depth.npy,s1_chassis,1,0,0,0,0,0,0
data/s1_chassis/burst020_f02_rgb.png,data/s1_chassis/burst020_f02_depth.npy,s1_chassis,1,0,0,0,0,0,0
data/s1_chassis/burst020_f03_rgb.png,data/s1_chassis/burst020_f03_depth.npy,s1_chassis,1,0,0,0,0,0,0
data/s1_chassis/burst020_f04_rgb.png,data/s1_chassis/burst020_f04_depth.npy,s1_chassis,1,0,0,0,0,0,0
data/s1_chassis/burst020_f05_rgb.png,data/s1_chassis/burst020_f05_depth.npy,s1_chassis,1,0,0,0,0,0,0
data/s1_chassis/burst020_f06_rgb.png,data/s1_chassis/burst020_f06_depth.npy,s1_chassis,1,0,0,0,0,0,0
data/s1_chassis/burst020_f07_rgb.png,data/s1_chassis/burst020_f07_depth.npy,s1_chassis,1,0,0,0,0,0,0
data/s1_chassis/burst020_f08_rgb.png,data/s1_chassis/burst020_f08_depth.npy,s1_chassis,1,0,0,0,0,0,0
data/s1_chassis/burst020_f09_rgb.png,data/s1_chassis/burst020_f09_depth.npy,s1_chassis,1,0,0,0,0,0,0
data/s1_chassis/burst021_f00_rgb.png,data/s1_chassis/burst021_f00_depth.npy,s1_chassis,1,0,0,0,0,0,0
data/s1_chassis/burst021_f01_rgb.png,data/s1_chassis/burst021_f01_depth.npy,s1_chassis,1,0,0,0,0,0,0
data/s1_chassis/burst021_f02_rgb.png,data/s1_chassis/burst021_f02_depth.npy,s1_chassis,1,0,0,0,0,0,0
data/s1_chassis/burst021_f03_rgb.png,data/s1_chassis/burst021_f03_depth.npy,s1_chassis,1,0,0,0,0,0,0
data/s1_chassis/burst021_f04_rgb.png,data/s1_chassis/burst021_f04_depth.npy,s1_chassis,1,0,0,0,0,0,0
data/s1_chassis/burst021_f05_rgb.png,data/s1_chassis/burst021_f05_depth.npy,s1_chassis,1,0,0,0,0,0,0
data/s1_chassis/burst021_f06_rgb.png,data/s1_chassis/burst021_f06_depth.npy,s1_chassis,1,0,0,0,0,0,0
data/s1_chassis/burst021_f07_rgb.png,data/s1_chassis/burst021_f07_depth.npy,s1_chassis,1,0,0,0,0,0,0
data/s1_chassis/burst021_f08_rgb.png,data/s1_chassis/burst021_f08_depth.npy,s1_chassis,1,0,0,0,0,0,0
data/s1_chassis/burst021_f09_rgb.png,data/s1_chassis/burst021_f09_depth.npy,s1_chassis,1,0,0,0,0,0,0
data/s1_chassis_extra/burst000_f00_rgb.png,data/s1_chassis_extra/burst000_f00_depth.npy,s1_chassis_extra,1,0,0,0,0,0,0
data/s1_chassis_extra/burst000_f01_rgb.png,data/s1_chassis_extra/burst000_f01_depth.npy,s1_chassis_extra,1,0,0,0,0,0,0
data/s1_chassis_extra/burst000_f02_rgb.png,data/s1_chassis_extra/burst000_f02_depth.npy,s1_chassis_extra,1,0,0,0,0,0,0
data/s1_chassis_extra/burst000_f03_rgb.png,data/s1_chassis_extra/burst000_f03_depth.npy,s1_chassis_extra,1,0,0,0,0,0,0
data/s1_chassis_extra/burst000_f04_rgb.png,data/s1_chassis_extra/burst000_f04_depth.npy,s1_chassis_extra,1,0,0,0,0,0,0
data/s1_chassis_extra/burst000_f05_rgb.png,data/s1_chassis_extra/burst000_f05_depth.npy,s1_chassis_extra,1,0,0,0,0,0,0
data/s1_chassis_extra/burst000_f06_rgb.png,data/s1_chassis_extra/burst000_f06_depth.npy,s1_chassis_extra,1,0,0,0,0,0,0
data/s1_chassis_extra/burst000_f07_rgb.png,data/s1_chassis_extra/burst000_f07_depth.npy,s1_chassis_extra,1,0,0,0,0,0,0
data/s1_chassis_extra/burst000_f08_rgb.png,data/s1_chassis_extra/burst000_f08_depth.npy,s1_chassis_extra,1,0,0,0,0,0,0
data/s1_chassis_extra/burst000_f09_rgb.png,data/s1_chassis_extra/burst000_f09_depth.npy,s1_chassis_extra,1,0,0,0,0,0,0
data/s1_chassis_extra/burst001_f00_rgb.png,data/s1_chassis_extra/burst001_f00_depth.npy,s1_chassis_extra,1,0,0,0,0,0,0
data/s1_chassis_extra/burst001_f01_rgb.png,data/s1_chassis_extra/burst001_f01_depth.npy,s1_chassis_extra,1,0,0,0,0,0,0
data/s1_chassis_extra/burst001_f02_rgb.png,data/s1_chassis_extra/burst001_f02_depth.npy,s1_chassis_extra,1,0,0,0,0,0,0
data/s1_chassis_extra/burst001_f03_rgb.png,data/s1_chassis_extra/burst001_f03_depth.npy,s1_chassis_extra,1,0,0,0,0,0,0
data/s1_chassis_extra/burst001_f04_rgb.png,data/s1_chassis_extra/burst001_f04_depth.npy,s1_chassis_extra,1,0,0,0,0,0,0
data/s1_chassis_extra/burst001_f05_rgb.png,data/s1_chassis_extra/burst001_f05_depth.npy,s1_chassis_extra,1,0,0,0,0,0,0
data/s1_chassis_extra/burst001_f06_rgb.png,data/s1_chassis_extra/burst001_f06_depth.npy,s1_chassis_extra,1,0,0,0,0,0,0
data/s1_chassis_extra/burst001_f07_rgb.png,data/s1_chassis_extra/burst001_f07_depth.npy,s1_chassis_extra,1,0,0,0,0,0,0
data/s1_chassis_extra/burst001_f08_rgb.png,data/s1_chassis_extra/burst001_f08_depth.npy,s1_chassis_extra,1,0,0,0,0,0,0
data/s1_chassis_extra/burst001_f09_rgb.png,data/s1_chassis_extra/burst001_f09_depth.npy,s1_chassis_extra,1,0,0,0,0,0,0
data/s1_chassis_extra/burst002_f00_rgb.png,data/s1_chassis_extra/burst002_f00_depth.npy,s1_chassis_extra,1,0,0,0,0,0,0
data/s1_chassis_extra/burst002_f01_rgb.png,data/s1_chassis_extra/burst002_f01_depth.npy,s1_chassis_extra,1,0,0,0,0,0,0
data/s1_chassis_extra/burst002_f02_rgb.png,data/s1_chassis_extra/burst002_f02_depth.npy,s1_chassis_extra,1,0,0,0,0,0,0
data/s1_chassis_extra/burst002_f03_rgb.png,data/s1_chassis_extra/burst002_f03_depth.npy,s1_chassis_extra,1,0,0,0,0,0,0
data/s1_chassis_extra/burst002_f04_rgb.png,data/s1_chassis_extra/burst002_f04_depth.npy,s1_chassis_extra,1,0,0,0,0,0,0
data/s1_chassis_extra/burst002_f05_rgb.png,data/s1_chassis_extra/burst002_f05_depth.npy,s1_chassis_extra,1,0,0,0,0,0,0
data/s1_chassis_extra/burst002_f06_rgb.png,data/s1_chassis_extra/burst002_f06_depth.npy,s1_chassis_extra,1,0,0,0,0,0,0
data/s1_chassis_extra/burst002_f07_rgb.png,data/s1_chassis_extra/burst002_f07_depth.npy,s1_chassis_extra,1,0,0,0,0,0,0
data/s1_chassis_extra/burst002_f08_rgb.png,data/s1_chassis_extra/burst002_f08_depth.npy,s1_chassis_extra,1,0,0,0,0,0,0
data/s1_chassis_extra/burst002_f09_rgb.png,data/s1_chassis_extra/burst002_f09_depth.npy,s1_chassis_extra,1,0,0,0,0,0,0
data/s1_chassis_extra/burst003_f00_rgb.png,data/s1_chassis_extra/burst003_f00_depth.npy,s1_chassis_extra,1,0,0,0,0,0,0
data/s1_chassis_extra/burst003_f01_rgb.png,data/s1_chassis_extra/burst003_f01_depth.npy,s1_chassis_extra,1,0,0,0,0,0,0
data/s1_chassis_extra/burst003_f02_rgb.png,data/s1_chassis_extra/burst003_f02_depth.npy,s1_chassis_extra,1,0,0,0,0,0,0
data/s1_chassis_extra/burst003_f03_rgb.png,data/s1_chassis_extra/burst003_f03_depth.npy,s1_chassis_extra,1,0,0,0,0,0,0
data/s1_chassis_extra/burst003_f04_rgb.png,data/s1_chassis_extra/burst003_f04_depth.npy,s1_chassis_extra,1,0,0,0,0,0,0
data/s1_chassis_extra/burst003_f05_rgb.png,data/s1_chassis_extra/burst003_f05_depth.npy,s1_chassis_extra,1,0,0,0,0,0,0
data/s1_chassis_extra/burst003_f06_rgb.png,data/s1_chassis_extra/burst003_f06_depth.npy,s1_chassis_extra,1,0,0,0,0,0,0
data/s1_chassis_extra/burst003_f07_rgb.png,data/s1_chassis_extra/burst003_f07_depth.npy,s1_chassis_extra,1,0,0,0,0,0,0
data/s1_chassis_extra/burst003_f08_rgb.png,data/s1_chassis_extra/burst003_f08_depth.npy,s1_chassis_extra,1,0,0,0,0,0,0
data/s1_chassis_extra/burst003_f09_rgb.png,data/s1_chassis_extra/burst003_f09_depth.npy,s1_chassis_extra,1,0,0,0,0,0,0
data/s1_chassis_extra/burst004_f00_rgb.png,data/s1_chassis_extra/burst004_f00_depth.npy,s1_chassis_extra,1,0,0,0,0,0,0
data/s1_chassis_extra/burst004_f01_rgb.png,data/s1_chassis_extra/burst004_f01_depth.npy,s1_chassis_extra,1,0,0,0,0,0,0
data/s1_chassis_extra/burst004_f02_rgb.png,data/s1_chassis_extra/burst004_f02_depth.npy,s1_chassis_extra,1,0,0,0,0,0,0
data/s1_chassis_extra/burst004_f03_rgb.png,data/s1_chassis_extra/burst004_f03_depth.npy,s1_chassis_extra,1,0,0,0,0,0,0
data/s1_chassis_extra/burst004_f04_rgb.png,data/s1_chassis_extra/burst004_f04_depth.npy,s1_chassis_extra,1,0,0,0,0,0,0
data/s1_chassis_extra/burst004_f05_rgb.png,data/s1_chassis_extra/burst004_f05_depth.npy,s1_chassis_extra,1,0,0,0,0,0,0
data/s1_chassis_extra/burst004_f06_rgb.png,data/s1_chassis_extra/burst004_f06_depth.npy,s1_chassis_extra,1,0,0,0,0,0,0
data/s1_chassis_extra/burst004_f07_rgb.png,data/s1_chassis_extra/burst004_f07_depth.npy,s1_chassis_extra,1,0,0,0,0,0,0
data/s1_chassis_extra/burst004_f08_rgb.png,data/s1_chassis_extra/burst004_f08_depth.npy,s1_chassis_extra,1,0,0,0,0,0,0
data/s1_chassis_extra/burst004_f09_rgb.png,data/s1_chassis_extra/burst004_f09_depth.npy,s1_chassis_extra,1,0,0,0,0,0,0
data/s1_chassis_extra/burst005_f00_rgb.png,data/s1_chassis_extra/burst005_f00_depth.npy,s1_chassis_extra,1,0,0,0,0,0,0
data/s1_chassis_extra/burst005_f01_rgb.png,data/s1_chassis_extra/burst005_f01_depth.npy,s1_chassis_extra,1,0,0,0,0,0,0
data/s1_chassis_extra/burst005_f02_rgb.png,data/s1_chassis_extra/burst005_f02_depth.npy,s1_chassis_extra,1,0,0,0,0,0,0
data/s1_chassis_extra/burst005_f03_rgb.png,data/s1_chassis_extra/burst005_f03_depth.npy,s1_chassis_extra,1,0,0,0,0,0,0
data/s1_chassis_extra/burst005_f04_rgb.png,data/s1_chassis_extra/burst005_f04_depth.npy,s1_chassis_extra,1,0,0,0,0,0,0
data/s1_chassis_extra/burst005_f05_rgb.png,data/s1_chassis_extra/burst005_f05_depth.npy,s1_chassis_extra,1,0,0,0,0,0,0
data/s1_chassis_extra/burst005_f06_rgb.png,data/s1_chassis_extra/burst005_f06_depth.npy,s1_chassis_extra,1,0,0,0,0,0,0
data/s1_chassis_extra/burst005_f07_rgb.png,data/s1_chassis_extra/burst005_f07_depth.npy,s1_chassis_extra,1,0,0,0,0,0,0
data/s1_chassis_extra/burst005_f08_rgb.png,data/s1_chassis_extra/burst005_f08_depth.npy,s1_chassis_extra,1,0,0,0,0,0,0
data/s1_chassis_extra/burst005_f09_rgb.png,data/s1_chassis_extra/burst005_f09_depth.npy,s1_chassis_extra,1,0,0,0,0,0,0
data/s1_chassis_extra/burst006_f00_rgb.png,data/s1_chassis_extra/burst006_f00_depth.npy,s1_chassis_extra,1,0,0,0,0,0,0
data/s1_chassis_extra/burst006_f01_rgb.png,data/s1_chassis_extra/burst006_f01_depth.npy,s1_chassis_extra,1,0,0,0,0,0,0
data/s1_chassis_extra/burst006_f02_rgb.png,data/s1_chassis_extra/burst006_f02_depth.npy,s1_chassis_extra,1,0,0,0,0,0,0
data/s1_chassis_extra/burst006_f03_rgb.png,data/s1_chassis_extra/burst006_f03_depth.npy,s1_chassis_extra,1,0,0,0,0,0,0
data/s1_chassis_extra/burst006_f04_rgb.png,data/s1_chassis_extra/burst006_f04_depth.npy,s1_chassis_extra,1,0,0,0,0,0,0
data/s1_chassis_extra/burst006_f05_rgb.png,data/s1_chassis_extra/burst006_f05_depth.npy,s1_chassis_extra,1,0,0,0,0,0,0
data/s1_chassis_extra/burst006_f06_rgb.png,data/s1_chassis_extra/burst006_f06_depth.npy,s1_chassis_extra,1,0,0,0,0,0,0
data/s1_chassis_extra/burst006_f07_rgb.png,data/s1_chassis_extra/burst006_f07_depth.npy,s1_chassis_extra,1,0,0,0,0,0,0
data/s1_chassis_extra/burst006_f08_rgb.png,data/s1_chassis_extra/burst006_f08_depth.npy,s1_chassis_extra,1,0,0,0,0,0,0
data/s1_chassis_extra/burst006_f09_rgb.png,data/s1_chassis_extra/burst006_f09_depth.npy,s1_chassis_extra,1,0,0,0,0,0,0
data/s1_chassis_extra/burst007_f00_rgb.png,data/s1_chassis_extra/burst007_f00_depth.npy,s1_chassis_extra,1,0,0,0,0,0,0
data/s1_chassis_extra/burst007_f01_rgb.png,data/s1_chassis_extra/burst007_f01_depth.npy,s1_chassis_extra,1,0,0,0,0,0,0
data/s1_chassis_extra/burst007_f02_rgb.png,data/s1_chassis_extra/burst007_f02_depth.npy,s1_chassis_extra,1,0,0,0,0,0,0
data/s1_chassis_extra/burst007_f03_rgb.png,data/s1_chassis_extra/burst007_f03_depth.npy,s1_chassis_extra,1,0,0,0,0,0,0
data/s1_chassis_extra/burst007_f04_rgb.png,data/s1_chassis_extra/burst007_f04_depth.npy,s1_chassis_extra,1,0,0,0,0,0,0
data/s1_chassis_extra/burst007_f05_rgb.png,data/s1_chassis_extra/burst007_f05_depth.npy,s1_chassis_extra,1,0,0,0,0,0,0
data/s1_chassis_extra/burst007_f06_rgb.png,data/s1_chassis_extra/burst007_f06_depth.npy,s1_chassis_extra,1,0,0,0,0,0,0
data/s1_chassis_extra/burst007_f07_rgb.png,data/s1_chassis_extra/burst007_f07_depth.npy,s1_chassis_extra,1,0,0,0,0,0,0
data/s1_chassis_extra/burst007_f08_rgb.png,data/s1_chassis_extra/burst007_f08_depth.npy,s1_chassis_extra,1,0,0,0,0,0,0
data/s1_chassis_extra/burst007_f09_rgb.png,data/s1_chassis_extra/burst007_f09_depth.npy,s1_chassis_extra,1,0,0,0,0,0,0
data/s1_chassis_extra/burst008_f00_rgb.png,data/s1_chassis_extra/burst008_f00_depth.npy,s1_chassis_extra,1,0,0,0,0,0,0
data/s1_chassis_extra/burst008_f01_rgb.png,data/s1_chassis_extra/burst008_f01_depth.npy,s1_chassis_extra,1,0,0,0,0,0,0
data/s1_chassis_extra/burst008_f02_rgb.png,data/s1_chassis_extra/burst008_f02_depth.npy,s1_chassis_extra,1,0,0,0,0,0,0
data/s1_chassis_extra/burst008_f03_rgb.png,data/s1_chassis_extra/burst008_f03_depth.npy,s1_chassis_extra,1,0,0,0,0,0,0
data/s1_chassis_extra/burst008_f04_rgb.png,data/s1_chassis_extra/burst008_f04_depth.npy,s1_chassis_extra,1,0,0,0,0,0,0
data/s1_chassis_extra/burst008_f05_rgb.png,data/s1_chassis_extra/burst008_f05_depth.npy,s1_chassis_extra,1,0,0,0,0,0,0
data/s1_chassis_extra/burst008_f06_rgb.png,data/s1_chassis_extra/burst008_f06_depth.npy,s1_chassis_extra,1,0,0,0,0,0,0
data/s1_chassis_extra/burst008_f07_rgb.png,data/s1_chassis_extra/burst008_f07_depth.npy,s1_chassis_extra,1,0,0,0,0,0,0
data/s1_chassis_extra/burst008_f08_rgb.png,data/s1_chassis_extra/burst008_f08_depth.npy,s1_chassis_extra,1,0,0,0,0,0,0
data/s1_chassis_extra/burst008_f09_rgb.png,data/s1_chassis_extra/burst008_f09_depth.npy,s1_chassis_extra,1,0,0,0,0,0,0
data/s1_chassis_extra/burst009_f00_rgb.png,data/s1_chassis_extra/burst009_f00_depth.npy,s1_chassis_extra,1,0,0,0,0,0,0
data/s1_chassis_extra/burst009_f01_rgb.png,data/s1_chassis_extra/burst009_f01_depth.npy,s1_chassis_extra,1,0,0,0,0,0,0
data/s1_chassis_extra/burst009_f02_rgb.png,data/s1_chassis_extra/burst009_f02_depth.npy,s1_chassis_extra,1,0,0,0,0,0,0
data/s1_chassis_extra/burst009_f03_rgb.png,data/s1_chassis_extra/burst009_f03_depth.npy,s1_chassis_extra,1,0,0,0,0,0,0
data/s1_chassis_extra/burst009_f04_rgb.png,data/s1_chassis_extra/burst009_f04_depth.npy,s1_chassis_extra,1,0,0,0,0,0,0
data/s1_chassis_extra/burst009_f05_rgb.png,data/s1_chassis_extra/burst009_f05_depth.npy,s1_chassis_extra,1,0,0,0,0,0,0
data/s1_chassis_extra/burst009_f06_rgb.png,data/s1_chassis_extra/burst009_f06_depth.npy,s1_chassis_extra,1,0,0,0,0,0,0
data/s1_chassis_extra/burst009_f07_rgb.png,data/s1_chassis_extra/burst009_f07_depth.npy,s1_chassis_extra,1,0,0,0,0,0,0
data/s1_chassis_extra/burst009_f08_rgb.png,data/s1_chassis_extra/burst009_f08_depth.npy,s1_chassis_extra,1,0,0,0,0,0,0
data/s1_chassis_extra/burst009_f09_rgb.png,data/s1_chassis_extra/burst009_f09_depth.npy,s1_chassis_extra,1,0,0,0,0,0,0
data/s1_chassis_extra/burst010_f00_rgb.png,data/s1_chassis_extra/burst010_f00_depth.npy,s1_chassis_extra,1,0,0,0,0,0,0
data/s1_chassis_extra/burst010_f01_rgb.png,data/s1_chassis_extra/burst010_f01_depth.npy,s1_chassis_extra,1,0,0,0,0,0,0
data/s1_chassis_extra/burst010_f02_rgb.png,data/s1_chassis_extra/burst010_f02_depth.npy,s1_chassis_extra,1,0,0,0,0,0,0
data/s1_chassis_extra/burst010_f03_rgb.png,data/s1_chassis_extra/burst010_f03_depth.npy,s1_chassis_extra,1,0,0,0,0,0,0
data/s1_chassis_extra/burst010_f04_rgb.png,data/s1_chassis_extra/burst010_f04_depth.npy,s1_chassis_extra,1,0,0,0,0,0,0
data/s1_chassis_extra/burst010_f05_rgb.png,data/s1_chassis_extra/burst010_f05_depth.npy,s1_chassis_extra,1,0,0,0,0,0,0
data/s1_chassis_extra/burst010_f06_rgb.png,data/s1_chassis_extra/burst010_f06_depth.npy,s1_chassis_extra,1,0,0,0,0,0,0
data/s1_chassis_extra/burst010_f07_rgb.png,data/s1_chassis_extra/burst010_f07_depth.npy,s1_chassis_extra,1,0,0,0,0,0,0
data/s1_chassis_extra/burst010_f08_rgb.png,data/s1_chassis_extra/burst010_f08_depth.npy,s1_chassis_extra,1,0,0,0,0,0,0
data/s1_chassis_extra/burst010_f09_rgb.png,data/s1_chassis_extra/burst010_f09_depth.npy,s1_chassis_extra,1,0,0,0,0,0,0
data/s1_chassis_extra/burst011_f00_rgb.png,data/s1_chassis_extra/burst011_f00_depth.npy,s1_chassis_extra,1,0,0,0,0,0,0
data/s1_chassis_extra/burst011_f01_rgb.png,data/s1_chassis_extra/burst011_f01_depth.npy,s1_chassis_extra,1,0,0,0,0,0,0
data/s1_chassis_extra/burst011_f02_rgb.png,data/s1_chassis_extra/burst011_f02_depth.npy,s1_chassis_extra,1,0,0,0,0,0,0
data/s1_chassis_extra/burst011_f03_rgb.png,data/s1_chassis_extra/burst011_f03_depth.npy,s1_chassis_extra,1,0,0,0,0,0,0
data/s1_chassis_extra/burst011_f04_rgb.png,data/s1_chassis_extra/burst011_f04_depth.npy,s1_chassis_extra,1,0,0,0,0,0,0
data/s1_chassis_extra/burst011_f05_rgb.png,data/s1_chassis_extra/burst011_f05_depth.npy,s1_chassis_extra,1,0,0,0,0,0,0
data/s1_chassis_extra/burst011_f06_rgb.png,data/s1_chassis_extra/burst011_f06_depth.npy,s1_chassis_extra,1,0,0,0,0,0,0
data/s1_chassis_extra/burst011_f07_rgb.png,data/s1_chassis_extra/burst011_f07_depth.npy,s1_chassis_extra,1,0,0,0,0,0,0
data/s1_chassis_extra/burst011_f08_rgb.png,data/s1_chassis_extra/burst011_f08_depth.npy,s1_chassis_extra,1,0,0,0,0,0,0
data/s1_chassis_extra/burst011_f09_rgb.png,data/s1_chassis_extra/burst011_f09_depth.npy,s1_chassis_extra,1,0,0,0,0,0,0
data/s1_chassis_extra/burst012_f00_rgb.png,data/s1_chassis_extra/burst012_f00_depth.npy,s1_chassis_extra,1,0,0,0,0,0,0
data/s1_chassis_extra/burst012_f01_rgb.png,data/s1_chassis_extra/burst012_f01_depth.npy,s1_chassis_extra,1,0,0,0,0,0,0
data/s1_chassis_extra/burst012_f02_rgb.png,data/s1_chassis_extra/burst012_f02_depth.npy,s1_chassis_extra,1,0,0,0,0,0,0
data/s1_chassis_extra/burst012_f03_rgb.png,data/s1_chassis_extra/burst012_f03_depth.npy,s1_chassis_extra,1,0,0,0,0,0,0
data/s1_chassis_extra/burst012_f04_rgb.png,data/s1_chassis_extra/burst012_f04_depth.npy,s1_chassis_extra,1,0,0,0,0,0,0
data/s1_chassis_extra/burst012_f05_rgb.png,data/s1_chassis_extra/burst012_f05_depth.npy,s1_chassis_extra,1,0,0,0,0,0,0
data/s1_chassis_extra/burst012_f06_rgb.png,data/s1_chassis_extra/burst012_f06_depth.npy,s1_chassis_extra,1,0,0,0,0,0,0
data/s1_chassis_extra/burst012_f07_rgb.png,data/s1_chassis_extra/burst012_f07_depth.npy,s1_chassis_extra,1,0,0,0,0,0,0
data/s1_chassis_extra/burst012_f08_rgb.png,data/s1_chassis_extra/burst012_f08_depth.npy,s1_chassis_extra,1,0,0,0,0,0,0
data/s1_chassis_extra/burst012_f09_rgb.png,data/s1_chassis_extra/burst012_f09_depth.npy,s1_chassis_extra,1,0,0,0,0,0,0
data/s1_chassis_extra/burst013_f00_rgb.png,data/s1_chassis_extra/burst013_f00_depth.npy,s1_chassis_extra,1,0,0,0,0,0,0
data/s1_chassis_extra/burst013_f01_rgb.png,data/s1_chassis_extra/burst013_f01_depth.npy,s1_chassis_extra,1,0,0,0,0,0,0
data/s1_chassis_extra/burst013_f02_rgb.png,data/s1_chassis_extra/burst013_f02_depth.npy,s1_chassis_extra,1,0,0,0,0,0,0
data/s1_chassis_extra/burst013_f03_rgb.png,data/s1_chassis_extra/burst013_f03_depth.npy,s1_chassis_extra,1,0,0,0,0,0,0
data/s1_chassis_extra/burst013_f04_rgb.png,data/s1_chassis_extra/burst013_f04_depth.npy,s1_chassis_extra,1,0,0,0,0,0,0
data/s1_chassis_extra/burst013_f05_rgb.png,data/s1_chassis_extra/burst013_f05_depth.npy,s1_chassis_extra,1,0,0,0,0,0,0
data/s1_chassis_extra/burst013_f06_rgb.png,data/s1_chassis_extra/burst013_f06_depth.npy,s1_chassis_extra,1,0,0,0,0,0,0
data/s1_chassis_extra/burst013_f07_rgb.png,data/s1_chassis_extra/burst013_f07_depth.npy,s1_chassis_extra,1,0,0,0,0,0,0
data/s1_chassis_extra/burst013_f08_rgb.png,data/s1_chassis_extra/burst013_f08_depth.npy,s1_chassis_extra,1,0,0,0,0,0,0
data/s1_chassis_extra/burst013_f09_rgb.png,data/s1_chassis_extra/burst013_f09_depth.npy,s1_chassis_extra,1,0,0,0,0,0,0
data/s1_chassis_extra/burst014_f00_rgb.png,data/s1_chassis_extra/burst014_f00_depth.npy,s1_chassis_extra,1,0,0,0,0,0,0
data/s1_chassis_extra/burst014_f01_rgb.png,data/s1_chassis_extra/burst014_f01_depth.npy,s1_chassis_extra,1,0,0,0,0,0,0
data/s1_chassis_extra/burst014_f02_rgb.png,data/s1_chassis_extra/burst014_f02_depth.npy,s1_chassis_extra,1,0,0,0,0,0,0
data/s1_chassis_extra/burst014_f03_rgb.png,data/s1_chassis_extra/burst014_f03_depth.npy,s1_chassis_extra,1,0,0,0,0,0,0
data/s1_chassis_extra/burst014_f04_rgb.png,data/s1_chassis_extra/burst014_f04_depth.npy,s1_chassis_extra,1,0,0,0,0,0,0
data/s1_chassis_extra/burst014_f05_rgb.png,data/s1_chassis_extra/burst014_f05_depth.npy,s1_chassis_extra,1,0,0,0,0,0,0
data/s1_chassis_extra/burst014_f06_rgb.png,data/s1_chassis_extra/burst014_f06_depth.npy,s1_chassis_extra,1,0,0,0,0,0,0
data/s1_chassis_extra/burst014_f07_rgb.png,data/s1_chassis_extra/burst014_f07_depth.npy,s1_chassis_extra,1,0,0,0,0,0,0
data/s1_chassis_extra/burst014_f08_rgb.png,data/s1_chassis_extra/burst014_f08_depth.npy,s1_chassis_extra,1,0,0,0,0,0,0
data/s1_chassis_extra/burst014_f09_rgb.png,data/s1_chassis_extra/burst014_f09_depth.npy,s1_chassis_extra,1,0,0,0,0,0,0
data/s2a_partial_right/burst000_f00_rgb.png,data/s2a_partial_right/burst000_f00_depth.npy,s2a_partial_right,1,1,0,0,0,0,0
data/s2a_partial_right/burst000_f01_rgb.png,data/s2a_partial_right/burst000_f01_depth.npy,s2a_partial_right,1,1,0,0,0,0,0
data/s2a_partial_right/burst000_f02_rgb.png,data/s2a_partial_right/burst000_f02_depth.npy,s2a_partial_right,1,1,0,0,0,0,0
data/s2a_partial_right/burst000_f03_rgb.png,data/s2a_partial_right/burst000_f03_depth.npy,s2a_partial_right,1,1,0,0,0,0,0
data/s2a_partial_right/burst000_f04_rgb.png,data/s2a_partial_right/burst000_f04_depth.npy,s2a_partial_right,1,1,0,0,0,0,0
data/s2a_partial_right/burst000_f05_rgb.png,data/s2a_partial_right/burst000_f05_depth.npy,s2a_partial_right,1,1,0,0,0,0,0
data/s2a_partial_right/burst000_f06_rgb.png,data/s2a_partial_right/burst000_f06_depth.npy,s2a_partial_right,1,1,0,0,0,0,0
data/s2a_partial_right/burst000_f07_rgb.png,data/s2a_partial_right/burst000_f07_depth.npy,s2a_partial_right,1,1,0,0,0,0,0
data/s2a_partial_right/burst000_f08_rgb.png,data/s2a_partial_right/burst000_f08_depth.npy,s2a_partial_right,1,1,0,0,0,0,0
data/s2a_partial_right/burst000_f09_rgb.png,data/s2a_partial_right/burst000_f09_depth.npy,s2a_partial_right,1,1,0,0,0,0,0
data/s2a_partial_right/burst001_f00_rgb.png,data/s2a_partial_right/burst001_f00_depth.npy,s2a_partial_right,1,1,0,0,0,0,0
data/s2a_partial_right/burst001_f01_rgb.png,data/s2a_partial_right/burst001_f01_depth.npy,s2a_partial_right,1,1,0,0,0,0,0
data/s2a_partial_right/burst001_f02_rgb.png,data/s2a_partial_right/burst001_f02_depth.npy,s2a_partial_right,1,1,0,0,0,0,0
data/s2a_partial_right/burst001_f03_rgb.png,data/s2a_partial_right/burst001_f03_depth.npy,s2a_partial_right,1,1,0,0,0,0,0
data/s2a_partial_right/burst001_f04_rgb.png,data/s2a_partial_right/burst001_f04_depth.npy,s2a_partial_right,1,1,0,0,0,0,0
data/s2a_partial_right/burst001_f05_rgb.png,data/s2a_partial_right/burst001_f05_depth.npy,s2a_partial_right,1,1,0,0,0,0,0
data/s2a_partial_right/burst001_f06_rgb.png,data/s2a_partial_right/burst001_f06_depth.npy,s2a_partial_right,1,1,0,0,0,0,0
data/s2a_partial_right/burst001_f07_rgb.png,data/s2a_partial_right/burst001_f07_depth.npy,s2a_partial_right,1,1,0,0,0,0,0
data/s2a_partial_right/burst001_f08_rgb.png,data/s2a_partial_right/burst001_f08_depth.npy,s2a_partial_right,1,1,0,0,0,0,0
data/s2a_partial_right/burst001_f09_rgb.png,data/s2a_partial_right/burst001_f09_depth.npy,s2a_partial_right,1,1,0,0,0,0,0
data/s2a_partial_right/burst002_f00_rgb.png,data/s2a_partial_right/burst002_f00_depth.npy,s2a_partial_right,1,1,0,0,0,0,0
data/s2a_partial_right/burst002_f01_rgb.png,data/s2a_partial_right/burst002_f01_depth.npy,s2a_partial_right,1,1,0,0,0,0,0
data/s2a_partial_right/burst002_f02_rgb.png,data/s2a_partial_right/burst002_f02_depth.npy,s2a_partial_right,1,1,0,0,0,0,0
data/s2a_partial_right/burst002_f03_rgb.png,data/s2a_partial_right/burst002_f03_depth.npy,s2a_partial_right,1,1,0,0,0,0,0
data/s2a_partial_right/burst002_f04_rgb.png,data/s2a_partial_right/burst002_f04_depth.npy,s2a_partial_right,1,1,0,0,0,0,0
data/s2a_partial_right/burst002_f05_rgb.png,data/s2a_partial_right/burst002_f05_depth.npy,s2a_partial_right,1,1,0,0,0,0,0
data/s2a_partial_right/burst002_f06_rgb.png,data/s2a_partial_right/burst002_f06_depth.npy,s2a_partial_right,1,1,0,0,0,0,0
data/s2a_partial_right/burst002_f07_rgb.png,data/s2a_partial_right/burst002_f07_depth.npy,s2a_partial_right,1,1,0,0,0,0,0
data/s2a_partial_right/burst002_f08_rgb.png,data/s2a_partial_right/burst002_f08_depth.npy,s2a_partial_right,1,1,0,0,0,0,0
data/s2a_partial_right/burst002_f09_rgb.png,data/s2a_partial_right/burst002_f09_depth.npy,s2a_partial_right,1,1,0,0,0,0,0
data/s2a_partial_right/burst003_f00_rgb.png,data/s2a_partial_right/burst003_f00_depth.npy,s2a_partial_right,1,1,0,0,0,0,0
data/s2a_partial_right/burst003_f01_rgb.png,data/s2a_partial_right/burst003_f01_depth.npy,s2a_partial_right,1,1,0,0,0,0,0
data/s2a_partial_right/burst003_f02_rgb.png,data/s2a_partial_right/burst003_f02_depth.npy,s2a_partial_right,1,1,0,0,0,0,0
data/s2a_partial_right/burst003_f03_rgb.png,data/s2a_partial_right/burst003_f03_depth.npy,s2a_partial_right,1,1,0,0,0,0,0
data/s2a_partial_right/burst003_f04_rgb.png,data/s2a_partial_right/burst003_f04_depth.npy,s2a_partial_right,1,1,0,0,0,0,0
data/s2a_partial_right/burst003_f05_rgb.png,data/s2a_partial_right/burst003_f05_depth.npy,s2a_partial_right,1,1,0,0,0,0,0
data/s2a_partial_right/burst003_f06_rgb.png,data/s2a_partial_right/burst003_f06_depth.npy,s2a_partial_right,1,1,0,0,0,0,0
data/s2a_partial_right/burst003_f07_rgb.png,data/s2a_partial_right/burst003_f07_depth.npy,s2a_partial_right,1,1,0,0,0,0,0
data/s2a_partial_right/burst003_f08_rgb.png,data/s2a_partial_right/burst003_f08_depth.npy,s2a_partial_right,1,1,0,0,0,0,0
data/s2a_partial_right/burst003_f09_rgb.png,data/s2a_partial_right/burst003_f09_depth.npy,s2a_partial_right,1,1,0,0,0,0,0
data/s2a_partial_right/burst004_f00_rgb.png,data/s2a_partial_right/burst004_f00_depth.npy,s2a_partial_right,1,1,0,0,0,0,0
data/s2a_partial_right/burst004_f01_rgb.png,data/s2a_partial_right/burst004_f01_depth.npy,s2a_partial_right,1,1,0,0,0,0,0
data/s2a_partial_right/burst004_f02_rgb.png,data/s2a_partial_right/burst004_f02_depth.npy,s2a_partial_right,1,1,0,0,0,0,0
data/s2a_partial_right/burst004_f03_rgb.png,data/s2a_partial_right/burst004_f03_depth.npy,s2a_partial_right,1,1,0,0,0,0,0
data/s2a_partial_right/burst004_f04_rgb.png,data/s2a_partial_right/burst004_f04_depth.npy,s2a_partial_right,1,1,0,0,0,0,0
data/s2a_partial_right/burst004_f05_rgb.png,data/s2a_partial_right/burst004_f05_depth.npy,s2a_partial_right,1,1,0,0,0,0,0
data/s2a_partial_right/burst004_f06_rgb.png,data/s2a_partial_right/burst004_f06_depth.npy,s2a_partial_right,1,1,0,0,0,0,0
data/s2a_partial_right/burst004_f07_rgb.png,data/s2a_partial_right/burst004_f07_depth.npy,s2a_partial_right,1,1,0,0,0,0,0
data/s2a_partial_right/burst004_f08_rgb.png,data/s2a_partial_right/burst004_f08_depth.npy,s2a_partial_right,1,1,0,0,0,0,0
data/s2a_partial_right/burst004_f09_rgb.png,data/s2a_partial_right/burst004_f09_depth.npy,s2a_partial_right,1,1,0,0,0,0,0
data/s2a_partial_right/burst005_f00_rgb.png,data/s2a_partial_right/burst005_f00_depth.npy,s2a_partial_right,1,1,0,0,0,0,0
data/s2a_partial_right/burst005_f01_rgb.png,data/s2a_partial_right/burst005_f01_depth.npy,s2a_partial_right,1,1,0,0,0,0,0
data/s2a_partial_right/burst005_f02_rgb.png,data/s2a_partial_right/burst005_f02_depth.npy,s2a_partial_right,1,1,0,0,0,0,0
data/s2a_partial_right/burst005_f03_rgb.png,data/s2a_partial_right/burst005_f03_depth.npy,s2a_partial_right,1,1,0,0,0,0,0
data/s2a_partial_right/burst005_f04_rgb.png,data/s2a_partial_right/burst005_f04_depth.npy,s2a_partial_right,1,1,0,0,0,0,0
data/s2a_partial_right/burst005_f05_rgb.png,data/s2a_partial_right/burst005_f05_depth.npy,s2a_partial_right,1,1,0,0,0,0,0
data/s2a_partial_right/burst005_f06_rgb.png,data/s2a_partial_right/burst005_f06_depth.npy,s2a_partial_right,1,1,0,0,0,0,0
data/s2a_partial_right/burst005_f07_rgb.png,data/s2a_partial_right/burst005_f07_depth.npy,s2a_partial_right,1,1,0,0,0,0,0
data/s2a_partial_right/burst005_f08_rgb.png,data/s2a_partial_right/burst005_f08_depth.npy,s2a_partial_right,1,1,0,0,0,0,0
data/s2a_partial_right/burst005_f09_rgb.png,data/s2a_partial_right/burst005_f09_depth.npy,s2a_partial_right,1,1,0,0,0,0,0
data/s2a_partial_right/burst006_f00_rgb.png,data/s2a_partial_right/burst006_f00_depth.npy,s2a_partial_right,1,1,0,0,0,0,0
data/s2a_partial_right/burst006_f01_rgb.png,data/s2a_partial_right/burst006_f01_depth.npy,s2a_partial_right,1,1,0,0,0,0,0
data/s2a_partial_right/burst006_f02_rgb.png,data/s2a_partial_right/burst006_f02_depth.npy,s2a_partial_right,1,1,0,0,0,0,0
data/s2a_partial_right/burst006_f03_rgb.png,data/s2a_partial_right/burst006_f03_depth.npy,s2a_partial_right,1,1,0,0,0,0,0
data/s2a_partial_right/burst006_f04_rgb.png,data/s2a_partial_right/burst006_f04_depth.npy,s2a_partial_right,1,1,0,0,0,0,0
data/s2a_partial_right/burst006_f05_rgb.png,data/s2a_partial_right/burst006_f05_depth.npy,s2a_partial_right,1,1,0,0,0,0,0
data/s2a_partial_right/burst006_f06_rgb.png,data/s2a_partial_right/burst006_f06_depth.npy,s2a_partial_right,1,1,0,0,0,0,0
data/s2a_partial_right/burst006_f07_rgb.png,data/s2a_partial_right/burst006_f07_depth.npy,s2a_partial_right,1,1,0,0,0,0,0
data/s2a_partial_right/burst006_f08_rgb.png,data/s2a_partial_right/burst006_f08_depth.npy,s2a_partial_right,1,1,0,0,0,0,0
data/s2a_partial_right/burst006_f09_rgb.png,data/s2a_partial_right/burst006_f09_depth.npy,s2a_partial_right,1,1,0,0,0,0,0
data/s2a_partial_right/burst007_f00_rgb.png,data/s2a_partial_right/burst007_f00_depth.npy,s2a_partial_right,1,1,0,0,0,0,0
data/s2a_partial_right/burst007_f01_rgb.png,data/s2a_partial_right/burst007_f01_depth.npy,s2a_partial_right,1,1,0,0,0,0,0
data/s2a_partial_right/burst007_f02_rgb.png,data/s2a_partial_right/burst007_f02_depth.npy,s2a_partial_right,1,1,0,0,0,0,0
data/s2a_partial_right/burst007_f03_rgb.png,data/s2a_partial_right/burst007_f03_depth.npy,s2a_partial_right,1,1,0,0,0,0,0
data/s2a_partial_right/burst007_f04_rgb.png,data/s2a_partial_right/burst007_f04_depth.npy,s2a_partial_right,1,1,0,0,0,0,0
data/s2a_partial_right/burst007_f05_rgb.png,data/s2a_partial_right/burst007_f05_depth.npy,s2a_partial_right,1,1,0,0,0,0,0
data/s2a_partial_right/burst007_f06_rgb.png,data/s2a_partial_right/burst007_f06_depth.npy,s2a_partial_right,1,1,0,0,0,0,0
data/s2a_partial_right/burst007_f07_rgb.png,data/s2a_partial_right/burst007_f07_depth.npy,s2a_partial_right,1,1,0,0,0,0,0
data/s2a_partial_right/burst007_f08_rgb.png,data/s2a_partial_right/burst007_f08_depth.npy,s2a_partial_right,1,1,0,0,0,0,0
data/s2a_partial_right/burst007_f09_rgb.png,data/s2a_partial_right/burst007_f09_depth.npy,s2a_partial_right,1,1,0,0,0,0,0
data/s2a_partial_right/burst008_f00_rgb.png,data/s2a_partial_right/burst008_f00_depth.npy,s2a_partial_right,1,1,0,0,0,0,0
data/s2a_partial_right/burst008_f01_rgb.png,data/s2a_partial_right/burst008_f01_depth.npy,s2a_partial_right,1,1,0,0,0,0,0
data/s2a_partial_right/burst008_f02_rgb.png,data/s2a_partial_right/burst008_f02_depth.npy,s2a_partial_right,1,1,0,0,0,0,0
data/s2a_partial_right/burst008_f03_rgb.png,data/s2a_partial_right/burst008_f03_depth.npy,s2a_partial_right,1,1,0,0,0,0,0
data/s2a_partial_right/burst008_f04_rgb.png,data/s2a_partial_right/burst008_f04_depth.npy,s2a_partial_right,1,1,0,0,0,0,0
data/s2a_partial_right/burst008_f05_rgb.png,data/s2a_partial_right/burst008_f05_depth.npy,s2a_partial_right,1,1,0,0,0,0,0
data/s2a_partial_right/burst008_f06_rgb.png,data/s2a_partial_right/burst008_f06_depth.npy,s2a_partial_right,1,1,0,0,0,0,0
data/s2a_partial_right/burst008_f07_rgb.png,data/s2a_partial_right/burst008_f07_depth.npy,s2a_partial_right,1,1,0,0,0,0,0
data/s2a_partial_right/burst008_f08_rgb.png,data/s2a_partial_right/burst008_f08_depth.npy,s2a_partial_right,1,1,0,0,0,0,0
data/s2a_partial_right/burst008_f09_rgb.png,data/s2a_partial_right/burst008_f09_depth.npy,s2a_partial_right,1,1,0,0,0,0,0
data/s2a_partial_right/burst009_f00_rgb.png,data/s2a_partial_right/burst009_f00_depth.npy,s2a_partial_right,1,1,0,0,0,0,0
data/s2a_partial_right/burst009_f01_rgb.png,data/s2a_partial_right/burst009_f01_depth.npy,s2a_partial_right,1,1,0,0,0,0,0
data/s2a_partial_right/burst009_f02_rgb.png,data/s2a_partial_right/burst009_f02_depth.npy,s2a_partial_right,1,1,0,0,0,0,0
data/s2a_partial_right/burst009_f03_rgb.png,data/s2a_partial_right/burst009_f03_depth.npy,s2a_partial_right,1,1,0,0,0,0,0
data/s2a_partial_right/burst009_f04_rgb.png,data/s2a_partial_right/burst009_f04_depth.npy,s2a_partial_right,1,1,0,0,0,0,0
data/s2a_partial_right/burst009_f05_rgb.png,data/s2a_partial_right/burst009_f05_depth.npy,s2a_partial_right,1,1,0,0,0,0,0
data/s2a_partial_right/burst009_f06_rgb.png,data/s2a_partial_right/burst009_f06_depth.npy,s2a_partial_right,1,1,0,0,0,0,0
data/s2a_partial_right/burst009_f07_rgb.png,data/s2a_partial_right/burst009_f07_depth.npy,s2a_partial_right,1,1,0,0,0,0,0
data/s2a_partial_right/burst009_f08_rgb.png,data/s2a_partial_right/burst009_f08_depth.npy,s2a_partial_right,1,1,0,0,0,0,0
data/s2a_partial_right/burst009_f09_rgb.png,data/s2a_partial_right/burst009_f09_depth.npy,s2a_partial_right,1,1,0,0,0,0,0
data/s2a_partial_right/burst010_f00_rgb.png,data/s2a_partial_right/burst010_f00_depth.npy,s2a_partial_right,1,1,0,0,0,0,0
data/s2a_partial_right/burst010_f01_rgb.png,data/s2a_partial_right/burst010_f01_depth.npy,s2a_partial_right,1,1,0,0,0,0,0
data/s2a_partial_right/burst010_f02_rgb.png,data/s2a_partial_right/burst010_f02_depth.npy,s2a_partial_right,1,1,0,0,0,0,0
data/s2a_partial_right/burst010_f03_rgb.png,data/s2a_partial_right/burst010_f03_depth.npy,s2a_partial_right,1,1,0,0,0,0,0
data/s2a_partial_right/burst010_f04_rgb.png,data/s2a_partial_right/burst010_f04_depth.npy,s2a_partial_right,1,1,0,0,0,0,0
data/s2a_partial_right/burst010_f05_rgb.png,data/s2a_partial_right/burst010_f05_depth.npy,s2a_partial_right,1,1,0,0,0,0,0
data/s2a_partial_right/burst010_f06_rgb.png,data/s2a_partial_right/burst010_f06_depth.npy,s2a_partial_right,1,1,0,0,0,0,0
data/s2a_partial_right/burst010_f07_rgb.png,data/s2a_partial_right/burst010_f07_depth.npy,s2a_partial_right,1,1,0,0,0,0,0
data/s2a_partial_right/burst010_f08_rgb.png,data/s2a_partial_right/burst010_f08_depth.npy,s2a_partial_right,1,1,0,0,0,0,0
data/s2a_partial_right/burst010_f09_rgb.png,data/s2a_partial_right/burst010_f09_depth.npy,s2a_partial_right,1,1,0,0,0,0,0
data/s2a_partial_right/burst011_f00_rgb.png,data/s2a_partial_right/burst011_f00_depth.npy,s2a_partial_right,1,1,0,0,0,0,0
data/s2a_partial_right/burst011_f01_rgb.png,data/s2a_partial_right/burst011_f01_depth.npy,s2a_partial_right,1,1,0,0,0,0,0
data/s2a_partial_right/burst011_f02_rgb.png,data/s2a_partial_right/burst011_f02_depth.npy,s2a_partial_right,1,1,0,0,0,0,0
data/s2a_partial_right/burst011_f03_rgb.png,data/s2a_partial_right/burst011_f03_depth.npy,s2a_partial_right,1,1,0,0,0,0,0
data/s2a_partial_right/burst011_f04_rgb.png,data/s2a_partial_right/burst011_f04_depth.npy,s2a_partial_right,1,1,0,0,0,0,0
data/s2a_partial_right/burst011_f05_rgb.png,data/s2a_partial_right/burst011_f05_depth.npy,s2a_partial_right,1,1,0,0,0,0,0
data/s2a_partial_right/burst011_f06_rgb.png,data/s2a_partial_right/burst011_f06_depth.npy,s2a_partial_right,1,1,0,0,0,0,0
data/s2a_partial_right/burst011_f07_rgb.png,data/s2a_partial_right/burst011_f07_depth.npy,s2a_partial_right,1,1,0,0,0,0,0
data/s2a_partial_right/burst011_f08_rgb.png,data/s2a_partial_right/burst011_f08_depth.npy,s2a_partial_right,1,1,0,0,0,0,0
data/s2a_partial_right/burst011_f09_rgb.png,data/s2a_partial_right/burst011_f09_depth.npy,s2a_partial_right,1,1,0,0,0,0,0
data/s2a_partial_right/burst012_f00_rgb.png,data/s2a_partial_right/burst012_f00_depth.npy,s2a_partial_right,1,1,0,0,0,0,0
data/s2a_partial_right/burst012_f01_rgb.png,data/s2a_partial_right/burst012_f01_depth.npy,s2a_partial_right,1,1,0,0,0,0,0
data/s2a_partial_right/burst012_f02_rgb.png,data/s2a_partial_right/burst012_f02_depth.npy,s2a_partial_right,1,1,0,0,0,0,0
data/s2a_partial_right/burst012_f03_rgb.png,data/s2a_partial_right/burst012_f03_depth.npy,s2a_partial_right,1,1,0,0,0,0,0
data/s2a_partial_right/burst012_f04_rgb.png,data/s2a_partial_right/burst012_f04_depth.npy,s2a_partial_right,1,1,0,0,0,0,0
data/s2a_partial_right/burst012_f05_rgb.png,data/s2a_partial_right/burst012_f05_depth.npy,s2a_partial_right,1,1,0,0,0,0,0
data/s2a_partial_right/burst012_f06_rgb.png,data/s2a_partial_right/burst012_f06_depth.npy,s2a_partial_right,1,1,0,0,0,0,0
data/s2a_partial_right/burst012_f07_rgb.png,data/s2a_partial_right/burst012_f07_depth.npy,s2a_partial_right,1,1,0,0,0,0,0
data/s2a_partial_right/burst012_f08_rgb.png,data/s2a_partial_right/burst012_f08_depth.npy,s2a_partial_right,1,1,0,0,0,0,0
data/s2a_partial_right/burst012_f09_rgb.png,data/s2a_partial_right/burst012_f09_depth.npy,s2a_partial_right,1,1,0,0,0,0,0
data/s2a_partial_right/burst013_f00_rgb.png,data/s2a_partial_right/burst013_f00_depth.npy,s2a_partial_right,1,1,0,0,0,0,0
data/s2a_partial_right/burst013_f01_rgb.png,data/s2a_partial_right/burst013_f01_depth.npy,s2a_partial_right,1,1,0,0,0,0,0
data/s2a_partial_right/burst013_f02_rgb.png,data/s2a_partial_right/burst013_f02_depth.npy,s2a_partial_right,1,1,0,0,0,0,0
data/s2a_partial_right/burst013_f03_rgb.png,data/s2a_partial_right/burst013_f03_depth.npy,s2a_partial_right,1,1,0,0,0,0,0
data/s2a_partial_right/burst013_f04_rgb.png,data/s2a_partial_right/burst013_f04_depth.npy,s2a_partial_right,1,1,0,0,0,0,0
data/s2a_partial_right/burst013_f05_rgb.png,data/s2a_partial_right/burst013_f05_depth.npy,s2a_partial_right,1,1,0,0,0,0,0
data/s2a_partial_right/burst013_f06_rgb.png,data/s2a_partial_right/burst013_f06_depth.npy,s2a_partial_right,1,1,0,0,0,0,0
data/s2a_partial_right/burst013_f07_rgb.png,data/s2a_partial_right/burst013_f07_depth.npy,s2a_partial_right,1,1,0,0,0,0,0
data/s2a_partial_right/burst013_f08_rgb.png,data/s2a_partial_right/burst013_f08_depth.npy,s2a_partial_right,1,1,0,0,0,0,0
data/s2a_partial_right/burst013_f09_rgb.png,data/s2a_partial_right/burst013_f09_depth.npy,s2a_partial_right,1,1,0,0,0,0,0
data/s2a_partial_right/burst014_f00_rgb.png,data/s2a_partial_right/burst014_f00_depth.npy,s2a_partial_right,1,1,0,0,0,0,0
data/s2a_partial_right/burst014_f01_rgb.png,data/s2a_partial_right/burst014_f01_depth.npy,s2a_partial_right,1,1,0,0,0,0,0
data/s2a_partial_right/burst014_f02_rgb.png,data/s2a_partial_right/burst014_f02_depth.npy,s2a_partial_right,1,1,0,0,0,0,0
data/s2a_partial_right/burst014_f03_rgb.png,data/s2a_partial_right/burst014_f03_depth.npy,s2a_partial_right,1,1,0,0,0,0,0
data/s2a_partial_right/burst014_f04_rgb.png,data/s2a_partial_right/burst014_f04_depth.npy,s2a_partial_right,1,1,0,0,0,0,0
data/s2a_partial_right/burst014_f05_rgb.png,data/s2a_partial_right/burst014_f05_depth.npy,s2a_partial_right,1,1,0,0,0,0,0
data/s2a_partial_right/burst014_f06_rgb.png,data/s2a_partial_right/burst014_f06_depth.npy,s2a_partial_right,1,1,0,0,0,0,0
data/s2a_partial_right/burst014_f07_rgb.png,data/s2a_partial_right/burst014_f07_depth.npy,s2a_partial_right,1,1,0,0,0,0,0
data/s2a_partial_right/burst014_f08_rgb.png,data/s2a_partial_right/burst014_f08_depth.npy,s2a_partial_right,1,1,0,0,0,0,0
data/s2a_partial_right/burst014_f09_rgb.png,data/s2a_partial_right/burst014_f09_depth.npy,s2a_partial_right,1,1,0,0,0,0,0
data/s2a_partial_right/burst015_f00_rgb.png,data/s2a_partial_right/burst015_f00_depth.npy,s2a_partial_right,1,1,0,0,0,0,0
data/s2a_partial_right/burst015_f01_rgb.png,data/s2a_partial_right/burst015_f01_depth.npy,s2a_partial_right,1,1,0,0,0,0,0
data/s2a_partial_right/burst015_f02_rgb.png,data/s2a_partial_right/burst015_f02_depth.npy,s2a_partial_right,1,1,0,0,0,0,0
data/s2a_partial_right/burst015_f03_rgb.png,data/s2a_partial_right/burst015_f03_depth.npy,s2a_partial_right,1,1,0,0,0,0,0
data/s2a_partial_right/burst015_f04_rgb.png,data/s2a_partial_right/burst015_f04_depth.npy,s2a_partial_right,1,1,0,0,0,0,0
data/s2a_partial_right/burst015_f05_rgb.png,data/s2a_partial_right/burst015_f05_depth.npy,s2a_partial_right,1,1,0,0,0,0,0
data/s2a_partial_right/burst015_f06_rgb.png,data/s2a_partial_right/burst015_f06_depth.npy,s2a_partial_right,1,1,0,0,0,0,0
data/s2a_partial_right/burst015_f07_rgb.png,data/s2a_partial_right/burst015_f07_depth.npy,s2a_partial_right,1,1,0,0,0,0,0
data/s2a_partial_right/burst015_f08_rgb.png,data/s2a_partial_right/burst015_f08_depth.npy,s2a_partial_right,1,1,0,0,0,0,0
data/s2a_partial_right/burst015_f09_rgb.png,data/s2a_partial_right/burst015_f09_depth.npy,s2a_partial_right,1,1,0,0,0,0,0
data/s2a_partial_right/burst016_f00_rgb.png,data/s2a_partial_right/burst016_f00_depth.npy,s2a_partial_right,1,1,0,0,0,0,0
data/s2a_partial_right/burst016_f01_rgb.png,data/s2a_partial_right/burst016_f01_depth.npy,s2a_partial_right,1,1,0,0,0,0,0
data/s2a_partial_right/burst016_f02_rgb.png,data/s2a_partial_right/burst016_f02_depth.npy,s2a_partial_right,1,1,0,0,0,0,0
data/s2a_partial_right/burst016_f03_rgb.png,data/s2a_partial_right/burst016_f03_depth.npy,s2a_partial_right,1,1,0,0,0,0,0
data/s2a_partial_right/burst016_f04_rgb.png,data/s2a_partial_right/burst016_f04_depth.npy,s2a_partial_right,1,1,0,0,0,0,0
data/s2a_partial_right/burst016_f05_rgb.png,data/s2a_partial_right/burst016_f05_depth.npy,s2a_partial_right,1,1,0,0,0,0,0
data/s2a_partial_right/burst016_f06_rgb.png,data/s2a_partial_right/burst016_f06_depth.npy,s2a_partial_right,1,1,0,0,0,0,0
data/s2a_partial_right/burst016_f07_rgb.png,data/s2a_partial_right/burst016_f07_depth.npy,s2a_partial_right,1,1,0,0,0,0,0
data/s2a_partial_right/burst016_f08_rgb.png,data/s2a_partial_right/burst016_f08_depth.npy,s2a_partial_right,1,1,0,0,0,0,0
data/s2a_partial_right/burst016_f09_rgb.png,data/s2a_partial_right/burst016_f09_depth.npy,s2a_partial_right,1,1,0,0,0,0,0
data/s2a_partial_right/burst017_f00_rgb.png,data/s2a_partial_right/burst017_f00_depth.npy,s2a_partial_right,1,1,0,0,0,0,0
data/s2a_partial_right/burst017_f01_rgb.png,data/s2a_partial_right/burst017_f01_depth.npy,s2a_partial_right,1,1,0,0,0,0,0
data/s2a_partial_right/burst017_f02_rgb.png,data/s2a_partial_right/burst017_f02_depth.npy,s2a_partial_right,1,1,0,0,0,0,0
data/s2a_partial_right/burst017_f03_rgb.png,data/s2a_partial_right/burst017_f03_depth.npy,s2a_partial_right,1,1,0,0,0,0,0
data/s2a_partial_right/burst017_f04_rgb.png,data/s2a_partial_right/burst017_f04_depth.npy,s2a_partial_right,1,1,0,0,0,0,0
data/s2a_partial_right/burst017_f05_rgb.png,data/s2a_partial_right/burst017_f05_depth.npy,s2a_partial_right,1,1,0,0,0,0,0
data/s2a_partial_right/burst017_f06_rgb.png,data/s2a_partial_right/burst017_f06_depth.npy,s2a_partial_right,1,1,0,0,0,0,0
data/s2a_partial_right/burst017_f07_rgb.png,data/s2a_partial_right/burst017_f07_depth.npy,s2a_partial_right,1,1,0,0,0,0,0
data/s2a_partial_right/burst017_f08_rgb.png,data/s2a_partial_right/burst017_f08_depth.npy,s2a_partial_right,1,1,0,0,0,0,0
data/s2a_partial_right/burst017_f09_rgb.png,data/s2a_partial_right/burst017_f09_depth.npy,s2a_partial_right,1,1,0,0,0,0,0
data/s2a_partial_right/burst018_f00_rgb.png,data/s2a_partial_right/burst018_f00_depth.npy,s2a_partial_right,1,1,0,0,0,0,0
data/s2a_partial_right/burst018_f01_rgb.png,data/s2a_partial_right/burst018_f01_depth.npy,s2a_partial_right,1,1,0,0,0,0,0
data/s2a_partial_right/burst018_f02_rgb.png,data/s2a_partial_right/burst018_f02_depth.npy,s2a_partial_right,1,1,0,0,0,0,0
data/s2a_partial_right/burst018_f03_rgb.png,data/s2a_partial_right/burst018_f03_depth.npy,s2a_partial_right,1,1,0,0,0,0,0
data/s2a_partial_right/burst018_f04_rgb.png,data/s2a_partial_right/burst018_f04_depth.npy,s2a_partial_right,1,1,0,0,0,0,0
data/s2a_partial_right/burst018_f05_rgb.png,data/s2a_partial_right/burst018_f05_depth.npy,s2a_partial_right,1,1,0,0,0,0,0
data/s2a_partial_right/burst018_f06_rgb.png,data/s2a_partial_right/burst018_f06_depth.npy,s2a_partial_right,1,1,0,0,0,0,0
data/s2a_partial_right/burst018_f07_rgb.png,data/s2a_partial_right/burst018_f07_depth.npy,s2a_partial_right,1,1,0,0,0,0,0
data/s2a_partial_right/burst018_f08_rgb.png,data/s2a_partial_right/burst018_f08_depth.npy,s2a_partial_right,1,1,0,0,0,0,0
data/s2a_partial_right/burst018_f09_rgb.png,data/s2a_partial_right/burst018_f09_depth.npy,s2a_partial_right,1,1,0,0,0,0,0
data/s2a_partial_right/burst019_f00_rgb.png,data/s2a_partial_right/burst019_f00_depth.npy,s2a_partial_right,1,1,0,0,0,0,0
data/s2a_partial_right/burst019_f01_rgb.png,data/s2a_partial_right/burst019_f01_depth.npy,s2a_partial_right,1,1,0,0,0,0,0
data/s2a_partial_right/burst019_f02_rgb.png,data/s2a_partial_right/burst019_f02_depth.npy,s2a_partial_right,1,1,0,0,0,0,0
data/s2a_partial_right/burst019_f03_rgb.png,data/s2a_partial_right/burst019_f03_depth.npy,s2a_partial_right,1,1,0,0,0,0,0
data/s2a_partial_right/burst019_f04_rgb.png,data/s2a_partial_right/burst019_f04_depth.npy,s2a_partial_right,1,1,0,0,0,0,0
data/s2a_partial_right/burst019_f05_rgb.png,data/s2a_partial_right/burst019_f05_depth.npy,s2a_partial_right,1,1,0,0,0,0,0
data/s2a_partial_right/burst019_f06_rgb.png,data/s2a_partial_right/burst019_f06_depth.npy,s2a_partial_right,1,1,0,0,0,0,0
data/s2a_partial_right/burst019_f07_rgb.png,data/s2a_partial_right/burst019_f07_depth.npy,s2a_partial_right,1,1,0,0,0,0,0
data/s2a_partial_right/burst019_f08_rgb.png,data/s2a_partial_right/burst019_f08_depth.npy,s2a_partial_right,1,1,0,0,0,0,0
data/s2a_partial_right/burst019_f09_rgb.png,data/s2a_partial_right/burst019_f09_depth.npy,s2a_partial_right,1,1,0,0,0,0,0
data/s2a_partial_right/burst020_f00_rgb.png,data/s2a_partial_right/burst020_f00_depth.npy,s2a_partial_right,1,1,0,0,0,0,0
data/s2a_partial_right/burst020_f01_rgb.png,data/s2a_partial_right/burst020_f01_depth.npy,s2a_partial_right,1,1,0,0,0,0,0
data/s2a_partial_right/burst020_f02_rgb.png,data/s2a_partial_right/burst020_f02_depth.npy,s2a_partial_right,1,1,0,0,0,0,0
data/s2a_partial_right/burst020_f03_rgb.png,data/s2a_partial_right/burst020_f03_depth.npy,s2a_partial_right,1,1,0,0,0,0,0
data/s2a_partial_right/burst020_f04_rgb.png,data/s2a_partial_right/burst020_f04_depth.npy,s2a_partial_right,1,1,0,0,0,0,0
data/s2a_partial_right/burst020_f05_rgb.png,data/s2a_partial_right/burst020_f05_depth.npy,s2a_partial_right,1,1,0,0,0,0,0
data/s2a_partial_right/burst020_f06_rgb.png,data/s2a_partial_right/burst020_f06_depth.npy,s2a_partial_right,1,1,0,0,0,0,0
data/s2a_partial_right/burst020_f07_rgb.png,data/s2a_partial_right/burst020_f07_depth.npy,s2a_partial_right,1,1,0,0,0,0,0
data/s2a_partial_right/burst020_f08_rgb.png,data/s2a_partial_right/burst020_f08_depth.npy,s2a_partial_right,1,1,0,0,0,0,0
data/s2a_partial_right/burst020_f09_rgb.png,data/s2a_partial_right/burst020_f09_depth.npy,s2a_partial_right,1,1,0,0,0,0,0
data/s2a_partial_right/burst021_f00_rgb.png,data/s2a_partial_right/burst021_f00_depth.npy,s2a_partial_right,1,1,0,0,0,0,0
data/s2a_partial_right/burst021_f01_rgb.png,data/s2a_partial_right/burst021_f01_depth.npy,s2a_partial_right,1,1,0,0,0,0,0
data/s2a_partial_right/burst021_f02_rgb.png,data/s2a_partial_right/burst021_f02_depth.npy,s2a_partial_right,1,1,0,0,0,0,0
data/s2a_partial_right/burst021_f03_rgb.png,data/s2a_partial_right/burst021_f03_depth.npy,s2a_partial_right,1,1,0,0,0,0,0
data/s2a_partial_right/burst021_f04_rgb.png,data/s2a_partial_right/burst021_f04_depth.npy,s2a_partial_right,1,1,0,0,0,0,0
data/s2a_partial_right/burst021_f05_rgb.png,data/s2a_partial_right/burst021_f05_depth.npy,s2a_partial_right,1,1,0,0,0,0,0
data/s2a_partial_right/burst021_f06_rgb.png,data/s2a_partial_right/burst021_f06_depth.npy,s2a_partial_right,1,1,0,0,0,0,0
data/s2a_partial_right/burst021_f07_rgb.png,data/s2a_partial_right/burst021_f07_depth.npy,s2a_partial_right,1,1,0,0,0,0,0
data/s2a_partial_right/burst021_f08_rgb.png,data/s2a_partial_right/burst021_f08_depth.npy,s2a_partial_right,1,1,0,0,0,0,0
data/s2a_partial_right/burst021_f09_rgb.png,data/s2a_partial_right/burst021_f09_depth.npy,s2a_partial_right,1,1,0,0,0,0,0
data/s2a_partial_right/burst022_f00_rgb.png,data/s2a_partial_right/burst022_f00_depth.npy,s2a_partial_right,1,1,0,0,0,0,0
data/s2a_partial_right/burst022_f01_rgb.png,data/s2a_partial_right/burst022_f01_depth.npy,s2a_partial_right,1,1,0,0,0,0,0
data/s2a_partial_right/burst022_f02_rgb.png,data/s2a_partial_right/burst022_f02_depth.npy,s2a_partial_right,1,1,0,0,0,0,0
data/s2a_partial_right/burst022_f03_rgb.png,data/s2a_partial_right/burst022_f03_depth.npy,s2a_partial_right,1,1,0,0,0,0,0
data/s2a_partial_right/burst022_f04_rgb.png,data/s2a_partial_right/burst022_f04_depth.npy,s2a_partial_right,1,1,0,0,0,0,0
data/s2a_partial_right/burst022_f05_rgb.png,data/s2a_partial_right/burst022_f05_depth.npy,s2a_partial_right,1,1,0,0,0,0,0
data/s2a_partial_right/burst022_f06_rgb.png,data/s2a_partial_right/burst022_f06_depth.npy,s2a_partial_right,1,1,0,0,0,0,0
data/s2a_partial_right/burst022_f07_rgb.png,data/s2a_partial_right/burst022_f07_depth.npy,s2a_partial_right,1,1,0,0,0,0,0
data/s2a_partial_right/burst022_f08_rgb.png,data/s2a_partial_right/burst022_f08_depth.npy,s2a_partial_right,1,1,0,0,0,0,0
data/s2a_partial_right/burst022_f09_rgb.png,data/s2a_partial_right/burst022_f09_depth.npy,s2a_partial_right,1,1,0,0,0,0,0
data/s2a_partial_right/burst023_f00_rgb.png,data/s2a_partial_right/burst023_f00_depth.npy,s2a_partial_right,1,1,0,0,0,0,0
data/s2a_partial_right/burst023_f01_rgb.png,data/s2a_partial_right/burst023_f01_depth.npy,s2a_partial_right,1,1,0,0,0,0,0
data/s2a_partial_right/burst023_f02_rgb.png,data/s2a_partial_right/burst023_f02_depth.npy,s2a_partial_right,1,1,0,0,0,0,0
data/s2a_partial_right/burst023_f03_rgb.png,data/s2a_partial_right/burst023_f03_depth.npy,s2a_partial_right,1,1,0,0,0,0,0
data/s2a_partial_right/burst023_f04_rgb.png,data/s2a_partial_right/burst023_f04_depth.npy,s2a_partial_right,1,1,0,0,0,0,0
data/s2a_partial_right/burst023_f05_rgb.png,data/s2a_partial_right/burst023_f05_depth.npy,s2a_partial_right,1,1,0,0,0,0,0
data/s2a_partial_right/burst023_f06_rgb.png,data/s2a_partial_right/burst023_f06_depth.npy,s2a_partial_right,1,1,0,0,0,0,0
data/s2a_partial_right/burst023_f07_rgb.png,data/s2a_partial_right/burst023_f07_depth.npy,s2a_partial_right,1,1,0,0,0,0,0
data/s2a_partial_right/burst023_f08_rgb.png,data/s2a_partial_right/burst023_f08_depth.npy,s2a_partial_right,1,1,0,0,0,0,0
data/s2a_partial_right/burst023_f09_rgb.png,data/s2a_partial_right/burst023_f09_depth.npy,s2a_partial_right,1,1,0,0,0,0,0
data/s2a_partial_right/burst024_f00_rgb.png,data/s2a_partial_right/burst024_f00_depth.npy,s2a_partial_right,1,1,0,0,0,0,0
data/s2a_partial_right/burst024_f01_rgb.png,data/s2a_partial_right/burst024_f01_depth.npy,s2a_partial_right,1,1,0,0,0,0,0
data/s2a_partial_right/burst024_f02_rgb.png,data/s2a_partial_right/burst024_f02_depth.npy,s2a_partial_right,1,1,0,0,0,0,0
data/s2a_partial_right/burst024_f03_rgb.png,data/s2a_partial_right/burst024_f03_depth.npy,s2a_partial_right,1,1,0,0,0,0,0
data/s2a_partial_right/burst024_f04_rgb.png,data/s2a_partial_right/burst024_f04_depth.npy,s2a_partial_right,1,1,0,0,0,0,0
data/s2a_partial_right/burst024_f05_rgb.png,data/s2a_partial_right/burst024_f05_depth.npy,s2a_partial_right,1,1,0,0,0,0,0
data/s2a_partial_right/burst024_f06_rgb.png,data/s2a_partial_right/burst024_f06_depth.npy,s2a_partial_right,1,1,0,0,0,0,0
data/s2a_partial_right/burst024_f07_rgb.png,data/s2a_partial_right/burst024_f07_depth.npy,s2a_partial_right,1,1,0,0,0,0,0
data/s2a_partial_right/burst024_f08_rgb.png,data/s2a_partial_right/burst024_f08_depth.npy,s2a_partial_right,1,1,0,0,0,0,0
data/s2a_partial_right/burst024_f09_rgb.png,data/s2a_partial_right/burst024_f09_depth.npy,s2a_partial_right,1,1,0,0,0,0,0
data/s2a_partial_right/burst025_f00_rgb.png,data/s2a_partial_right/burst025_f00_depth.npy,s2a_partial_right,1,1,0,0,0,0,0
data/s2a_partial_right/burst025_f01_rgb.png,data/s2a_partial_right/burst025_f01_depth.npy,s2a_partial_right,1,1,0,0,0,0,0
data/s2a_partial_right/burst025_f02_rgb.png,data/s2a_partial_right/burst025_f02_depth.npy,s2a_partial_right,1,1,0,0,0,0,0
data/s2a_partial_right/burst025_f03_rgb.png,data/s2a_partial_right/burst025_f03_depth.npy,s2a_partial_right,1,1,0,0,0,0,0
data/s2a_partial_right/burst025_f04_rgb.png,data/s2a_partial_right/burst025_f04_depth.npy,s2a_partial_right,1,1,0,0,0,0,0
data/s2a_partial_right/burst025_f05_rgb.png,data/s2a_partial_right/burst025_f05_depth.npy,s2a_partial_right,1,1,0,0,0,0,0
data/s2a_partial_right/burst025_f06_rgb.png,data/s2a_partial_right/burst025_f06_depth.npy,s2a_partial_right,1,1,0,0,0,0,0
data/s2a_partial_right/burst025_f07_rgb.png,data/s2a_partial_right/burst025_f07_depth.npy,s2a_partial_right,1,1,0,0,0,0,0
data/s2a_partial_right/burst025_f08_rgb.png,data/s2a_partial_right/burst025_f08_depth.npy,s2a_partial_right,1,1,0,0,0,0,0
data/s2a_partial_right/burst025_f09_rgb.png,data/s2a_partial_right/burst025_f09_depth.npy,s2a_partial_right,1,1,0,0,0,0,0
data/s2a_partial_right/burst026_f00_rgb.png,data/s2a_partial_right/burst026_f00_depth.npy,s2a_partial_right,1,1,0,0,0,0,0
data/s2a_partial_right/burst026_f01_rgb.png,data/s2a_partial_right/burst026_f01_depth.npy,s2a_partial_right,1,1,0,0,0,0,0
data/s2a_partial_right/burst026_f02_rgb.png,data/s2a_partial_right/burst026_f02_depth.npy,s2a_partial_right,1,1,0,0,0,0,0
data/s2a_partial_right/burst026_f03_rgb.png,data/s2a_partial_right/burst026_f03_depth.npy,s2a_partial_right,1,1,0,0,0,0,0
data/s2a_partial_right/burst026_f04_rgb.png,data/s2a_partial_right/burst026_f04_depth.npy,s2a_partial_right,1,1,0,0,0,0,0
data/s2a_partial_right/burst026_f05_rgb.png,data/s2a_partial_right/burst026_f05_depth.npy,s2a_partial_right,1,1,0,0,0,0,0
data/s2a_partial_right/burst026_f06_rgb.png,data/s2a_partial_right/burst026_f06_depth.npy,s2a_partial_right,1,1,0,0,0,0,0
data/s2a_partial_right/burst026_f07_rgb.png,data/s2a_partial_right/burst026_f07_depth.npy,s2a_partial_right,1,1,0,0,0,0,0
data/s2a_partial_right/burst026_f08_rgb.png,data/s2a_partial_right/burst026_f08_depth.npy,s2a_partial_right,1,1,0,0,0,0,0
data/s2a_partial_right/burst026_f09_rgb.png,data/s2a_partial_right/burst026_f09_depth.npy,s2a_partial_right,1,1,0,0,0,0,0
data/s2a_partial_right/burst027_f00_rgb.png,data/s2a_partial_right/burst027_f00_depth.npy,s2a_partial_right,1,1,0,0,0,0,0
data/s2a_partial_right/burst027_f01_rgb.png,data/s2a_partial_right/burst027_f01_depth.npy,s2a_partial_right,1,1,0,0,0,0,0
data/s2a_partial_right/burst027_f02_rgb.png,data/s2a_partial_right/burst027_f02_depth.npy,s2a_partial_right,1,1,0,0,0,0,0
data/s2a_partial_right/burst027_f03_rgb.png,data/s2a_partial_right/burst027_f03_depth.npy,s2a_partial_right,1,1,0,0,0,0,0
data/s2a_partial_right/burst027_f04_rgb.png,data/s2a_partial_right/burst027_f04_depth.npy,s2a_partial_right,1,1,0,0,0,0,0
data/s2a_partial_right/burst027_f05_rgb.png,data/s2a_partial_right/burst027_f05_depth.npy,s2a_partial_right,1,1,0,0,0,0,0
data/s2a_partial_right/burst027_f06_rgb.png,data/s2a_partial_right/burst027_f06_depth.npy,s2a_partial_right,1,1,0,0,0,0,0
data/s2a_partial_right/burst027_f07_rgb.png,data/s2a_partial_right/burst027_f07_depth.npy,s2a_partial_right,1,1,0,0,0,0,0
data/s2a_partial_right/burst027_f08_rgb.png,data/s2a_partial_right/burst027_f08_depth.npy,s2a_partial_right,1,1,0,0,0,0,0
data/s2a_partial_right/burst027_f09_rgb.png,data/s2a_partial_right/burst027_f09_depth.npy,s2a_partial_right,1,1,0,0,0,0,0
data/s2a_partial_right/burst028_f00_rgb.png,data/s2a_partial_right/burst028_f00_depth.npy,s2a_partial_right,1,1,0,0,0,0,0
data/s2a_partial_right/burst028_f01_rgb.png,data/s2a_partial_right/burst028_f01_depth.npy,s2a_partial_right,1,1,0,0,0,0,0
data/s2a_partial_right/burst028_f02_rgb.png,data/s2a_partial_right/burst028_f02_depth.npy,s2a_partial_right,1,1,0,0,0,0,0
data/s2a_partial_right/burst028_f03_rgb.png,data/s2a_partial_right/burst028_f03_depth.npy,s2a_partial_right,1,1,0,0,0,0,0
data/s2a_partial_right/burst028_f04_rgb.png,data/s2a_partial_right/burst028_f04_depth.npy,s2a_partial_right,1,1,0,0,0,0,0
data/s2a_partial_right/burst028_f05_rgb.png,data/s2a_partial_right/burst028_f05_depth.npy,s2a_partial_right,1,1,0,0,0,0,0
data/s2a_partial_right/burst028_f06_rgb.png,data/s2a_partial_right/burst028_f06_depth.npy,s2a_partial_right,1,1,0,0,0,0,0
data/s2a_partial_right/burst028_f07_rgb.png,data/s2a_partial_right/burst028_f07_depth.npy,s2a_partial_right,1,1,0,0,0,0,0
data/s2a_partial_right/burst028_f08_rgb.png,data/s2a_partial_right/burst028_f08_depth.npy,s2a_partial_right,1,1,0,0,0,0,0
data/s2a_partial_right/burst028_f09_rgb.png,data/s2a_partial_right/burst028_f09_depth.npy,s2a_partial_right,1,1,0,0,0,0,0
data/s2a_partial_right/burst029_f00_rgb.png,data/s2a_partial_right/burst029_f00_depth.npy,s2a_partial_right,1,1,0,0,0,0,0
data/s2a_partial_right/burst029_f01_rgb.png,data/s2a_partial_right/burst029_f01_depth.npy,s2a_partial_right,1,1,0,0,0,0,0
data/s2a_partial_right/burst029_f02_rgb.png,data/s2a_partial_right/burst029_f02_depth.npy,s2a_partial_right,1,1,0,0,0,0,0
data/s2a_partial_right/burst029_f03_rgb.png,data/s2a_partial_right/burst029_f03_depth.npy,s2a_partial_right,1,1,0,0,0,0,0
data/s2a_partial_right/burst029_f04_rgb.png,data/s2a_partial_right/burst029_f04_depth.npy,s2a_partial_right,1,1,0,0,0,0,0
data/s2a_partial_right/burst029_f05_rgb.png,data/s2a_partial_right/burst029_f05_depth.npy,s2a_partial_right,1,1,0,0,0,0,0
data/s2a_partial_right/burst029_f06_rgb.png,data/s2a_partial_right/burst029_f06_depth.npy,s2a_partial_right,1,1,0,0,0,0,0
data/s2a_partial_right/burst029_f07_rgb.png,data/s2a_partial_right/burst029_f07_depth.npy,s2a_partial_right,1,1,0,0,0,0,0
data/s2a_partial_right/burst029_f08_rgb.png,data/s2a_partial_right/burst029_f08_depth.npy,s2a_partial_right,1,1,0,0,0,0,0
data/s2a_partial_right/burst029_f09_rgb.png,data/s2a_partial_right/burst029_f09_depth.npy,s2a_partial_right,1,1,0,0,0,0,0
data/s2a_partial_right/burst030_f00_rgb.png,data/s2a_partial_right/burst030_f00_depth.npy,s2a_partial_right,1,1,0,0,0,0,0
data/s2a_partial_right/burst030_f01_rgb.png,data/s2a_partial_right/burst030_f01_depth.npy,s2a_partial_right,1,1,0,0,0,0,0
data/s2a_partial_right/burst030_f02_rgb.png,data/s2a_partial_right/burst030_f02_depth.npy,s2a_partial_right,1,1,0,0,0,0,0
data/s2a_partial_right/burst030_f03_rgb.png,data/s2a_partial_right/burst030_f03_depth.npy,s2a_partial_right,1,1,0,0,0,0,0
data/s2a_partial_right/burst030_f04_rgb.png,data/s2a_partial_right/burst030_f04_depth.npy,s2a_partial_right,1,1,0,0,0,0,0
data/s2a_partial_right/burst030_f05_rgb.png,data/s2a_partial_right/burst030_f05_depth.npy,s2a_partial_right,1,1,0,0,0,0,0
data/s2a_partial_right/burst030_f06_rgb.png,data/s2a_partial_right/burst030_f06_depth.npy,s2a_partial_right,1,1,0,0,0,0,0
data/s2a_partial_right/burst030_f07_rgb.png,data/s2a_partial_right/burst030_f07_depth.npy,s2a_partial_right,1,1,0,0,0,0,0
data/s2a_partial_right/burst030_f08_rgb.png,data/s2a_partial_right/burst030_f08_depth.npy,s2a_partial_right,1,1,0,0,0,0,0
data/s2a_partial_right/burst030_f09_rgb.png,data/s2a_partial_right/burst030_f09_depth.npy,s2a_partial_right,1,1,0,0,0,0,0
data/s2a_partial_right/burst031_f00_rgb.png,data/s2a_partial_right/burst031_f00_depth.npy,s2a_partial_right,1,1,0,0,0,0,0
data/s2a_partial_right/burst031_f01_rgb.png,data/s2a_partial_right/burst031_f01_depth.npy,s2a_partial_right,1,1,0,0,0,0,0
data/s2a_partial_right/burst031_f02_rgb.png,data/s2a_partial_right/burst031_f02_depth.npy,s2a_partial_right,1,1,0,0,0,0,0
data/s2a_partial_right/burst031_f03_rgb.png,data/s2a_partial_right/burst031_f03_depth.npy,s2a_partial_right,1,1,0,0,0,0,0
data/s2a_partial_right/burst031_f04_rgb.png,data/s2a_partial_right/burst031_f04_depth.npy,s2a_partial_right,1,1,0,0,0,0,0
data/s2a_partial_right/burst031_f05_rgb.png,data/s2a_partial_right/burst031_f05_depth.npy,s2a_partial_right,1,1,0,0,0,0,0
data/s2a_partial_right/burst031_f06_rgb.png,data/s2a_partial_right/burst031_f06_depth.npy,s2a_partial_right,1,1,0,0,0,0,0
data/s2a_partial_right/burst031_f07_rgb.png,data/s2a_partial_right/burst031_f07_depth.npy,s2a_partial_right,1,1,0,0,0,0,0
data/s2a_partial_right/burst031_f08_rgb.png,data/s2a_partial_right/burst031_f08_depth.npy,s2a_partial_right,1,1,0,0,0,0,0
data/s2a_partial_right/burst031_f09_rgb.png,data/s2a_partial_right/burst031_f09_depth.npy,s2a_partial_right,1,1,0,0,0,0,0
data/s2a_partial_right/burst032_f00_rgb.png,data/s2a_partial_right/burst032_f00_depth.npy,s2a_partial_right,1,1,0,0,0,0,0
data/s2a_partial_right/burst032_f01_rgb.png,data/s2a_partial_right/burst032_f01_depth.npy,s2a_partial_right,1,1,0,0,0,0,0
data/s2a_partial_right/burst032_f02_rgb.png,data/s2a_partial_right/burst032_f02_depth.npy,s2a_partial_right,1,1,0,0,0,0,0
data/s2a_partial_right/burst032_f03_rgb.png,data/s2a_partial_right/burst032_f03_depth.npy,s2a_partial_right,1,1,0,0,0,0,0
data/s2a_partial_right/burst032_f04_rgb.png,data/s2a_partial_right/burst032_f04_depth.npy,s2a_partial_right,1,1,0,0,0,0,0
data/s2a_partial_right/burst032_f05_rgb.png,data/s2a_partial_right/burst032_f05_depth.npy,s2a_partial_right,1,1,0,0,0,0,0
data/s2a_partial_right/burst032_f06_rgb.png,data/s2a_partial_right/burst032_f06_depth.npy,s2a_partial_right,1,1,0,0,0,0,0
data/s2a_partial_right/burst032_f07_rgb.png,data/s2a_partial_right/burst032_f07_depth.npy,s2a_partial_right,1,1,0,0,0,0,0
data/s2a_partial_right/burst032_f08_rgb.png,data/s2a_partial_right/burst032_f08_depth.npy,s2a_partial_right,1,1,0,0,0,0,0
data/s2a_partial_right/burst032_f09_rgb.png,data/s2a_partial_right/burst032_f09_depth.npy,s2a_partial_right,1,1,0,0,0,0,0
data/s2a_partial_right/burst033_f00_rgb.png,data/s2a_partial_right/burst033_f00_depth.npy,s2a_partial_right,1,1,0,0,0,0,0
data/s2a_partial_right/burst033_f01_rgb.png,data/s2a_partial_right/burst033_f01_depth.npy,s2a_partial_right,1,1,0,0,0,0,0
data/s2a_partial_right/burst033_f02_rgb.png,data/s2a_partial_right/burst033_f02_depth.npy,s2a_partial_right,1,1,0,0,0,0,0
data/s2a_partial_right/burst033_f03_rgb.png,data/s2a_partial_right/burst033_f03_depth.npy,s2a_partial_right,1,1,0,0,0,0,0
data/s2a_partial_right/burst033_f04_rgb.png,data/s2a_partial_right/burst033_f04_depth.npy,s2a_partial_right,1,1,0,0,0,0,0
data/s2a_partial_right/burst033_f05_rgb.png,data/s2a_partial_right/burst033_f05_depth.npy,s2a_partial_right,1,1,0,0,0,0,0
data/s2a_partial_right/burst033_f06_rgb.png,data/s2a_partial_right/burst033_f06_depth.npy,s2a_partial_right,1,1,0,0,0,0,0
data/s2a_partial_right/burst033_f07_rgb.png,data/s2a_partial_right/burst033_f07_depth.npy,s2a_partial_right,1,1,0,0,0,0,0
data/s2a_partial_right/burst033_f08_rgb.png,data/s2a_partial_right/burst033_f08_depth.npy,s2a_partial_right,1,1,0,0,0,0,0
data/s2a_partial_right/burst033_f09_rgb.png,data/s2a_partial_right/burst033_f09_depth.npy,s2a_partial_right,1,1,0,0,0,0,0
data/s2a_partial_right/burst034_f00_rgb.png,data/s2a_partial_right/burst034_f00_depth.npy,s2a_partial_right,1,1,0,0,0,0,0
data/s2a_partial_right/burst034_f01_rgb.png,data/s2a_partial_right/burst034_f01_depth.npy,s2a_partial_right,1,1,0,0,0,0,0
data/s2a_partial_right/burst034_f02_rgb.png,data/s2a_partial_right/burst034_f02_depth.npy,s2a_partial_right,1,1,0,0,0,0,0
data/s2a_partial_right/burst034_f03_rgb.png,data/s2a_partial_right/burst034_f03_depth.npy,s2a_partial_right,1,1,0,0,0,0,0
data/s2a_partial_right/burst034_f04_rgb.png,data/s2a_partial_right/burst034_f04_depth.npy,s2a_partial_right,1,1,0,0,0,0,0
data/s2a_partial_right/burst034_f05_rgb.png,data/s2a_partial_right/burst034_f05_depth.npy,s2a_partial_right,1,1,0,0,0,0,0
data/s2a_partial_right/burst034_f06_rgb.png,data/s2a_partial_right/burst034_f06_depth.npy,s2a_partial_right,1,1,0,0,0,0,0
data/s2a_partial_right/burst034_f07_rgb.png,data/s2a_partial_right/burst034_f07_depth.npy,s2a_partial_right,1,1,0,0,0,0,0
data/s2a_partial_right/burst034_f08_rgb.png,data/s2a_partial_right/burst034_f08_depth.npy,s2a_partial_right,1,1,0,0,0,0,0
data/s2a_partial_right/burst034_f09_rgb.png,data/s2a_partial_right/burst034_f09_depth.npy,s2a_partial_right,1,1,0,0,0,0,0
data/s2a_partial_right/burst035_f00_rgb.png,data/s2a_partial_right/burst035_f00_depth.npy,s2a_partial_right,1,1,0,0,0,0,0
data/s2a_partial_right/burst035_f01_rgb.png,data/s2a_partial_right/burst035_f01_depth.npy,s2a_partial_right,1,1,0,0,0,0,0
data/s2a_partial_right/burst035_f02_rgb.png,data/s2a_partial_right/burst035_f02_depth.npy,s2a_partial_right,1,1,0,0,0,0,0
data/s2a_partial_right/burst035_f03_rgb.png,data/s2a_partial_right/burst035_f03_depth.npy,s2a_partial_right,1,1,0,0,0,0,0
data/s2a_partial_right/burst035_f04_rgb.png,data/s2a_partial_right/burst035_f04_depth.npy,s2a_partial_right,1,1,0,0,0,0,0
data/s2a_partial_right/burst035_f05_rgb.png,data/s2a_partial_right/burst035_f05_depth.npy,s2a_partial_right,1,1,0,0,0,0,0
data/s2a_partial_right/burst035_f06_rgb.png,data/s2a_partial_right/burst035_f06_depth.npy,s2a_partial_right,1,1,0,0,0,0,0
data/s2a_partial_right/burst035_f07_rgb.png,data/s2a_partial_right/burst035_f07_depth.npy,s2a_partial_right,1,1,0,0,0,0,0
data/s2a_partial_right/burst035_f08_rgb.png,data/s2a_partial_right/burst035_f08_depth.npy,s2a_partial_right,1,1,0,0,0,0,0
data/s2a_partial_right/burst035_f09_rgb.png,data/s2a_partial_right/burst035_f09_depth.npy,s2a_partial_right,1,1,0,0,0,0,0
data/s2a_partial_right/burst036_f00_rgb.png,data/s2a_partial_right/burst036_f00_depth.npy,s2a_partial_right,1,1,0,0,0,0,0
data/s2a_partial_right/burst036_f01_rgb.png,data/s2a_partial_right/burst036_f01_depth.npy,s2a_partial_right,1,1,0,0,0,0,0
data/s2a_partial_right/burst036_f02_rgb.png,data/s2a_partial_right/burst036_f02_depth.npy,s2a_partial_right,1,1,0,0,0,0,0
data/s2a_partial_right/burst036_f03_rgb.png,data/s2a_partial_right/burst036_f03_depth.npy,s2a_partial_right,1,1,0,0,0,0,0
data/s2a_partial_right/burst036_f04_rgb.png,data/s2a_partial_right/burst036_f04_depth.npy,s2a_partial_right,1,1,0,0,0,0,0
data/s2a_partial_right/burst036_f05_rgb.png,data/s2a_partial_right/burst036_f05_depth.npy,s2a_partial_right,1,1,0,0,0,0,0
data/s2a_partial_right/burst036_f06_rgb.png,data/s2a_partial_right/burst036_f06_depth.npy,s2a_partial_right,1,1,0,0,0,0,0
data/s2a_partial_right/burst036_f07_rgb.png,data/s2a_partial_right/burst036_f07_depth.npy,s2a_partial_right,1,1,0,0,0,0,0
data/s2a_partial_right/burst036_f08_rgb.png,data/s2a_partial_right/burst036_f08_depth.npy,s2a_partial_right,1,1,0,0,0,0,0
data/s2a_partial_right/burst036_f09_rgb.png,data/s2a_partial_right/burst036_f09_depth.npy,s2a_partial_right,1,1,0,0,0,0,0
data/s2a_partial_right/burst037_f00_rgb.png,data/s2a_partial_right/burst037_f00_depth.npy,s2a_partial_right,1,1,0,0,0,0,0
data/s2a_partial_right/burst037_f01_rgb.png,data/s2a_partial_right/burst037_f01_depth.npy,s2a_partial_right,1,1,0,0,0,0,0
data/s2a_partial_right/burst037_f02_rgb.png,data/s2a_partial_right/burst037_f02_depth.npy,s2a_partial_right,1,1,0,0,0,0,0
data/s2a_partial_right/burst037_f03_rgb.png,data/s2a_partial_right/burst037_f03_depth.npy,s2a_partial_right,1,1,0,0,0,0,0
data/s2a_partial_right/burst037_f04_rgb.png,data/s2a_partial_right/burst037_f04_depth.npy,s2a_partial_right,1,1,0,0,0,0,0
data/s2a_partial_right/burst037_f05_rgb.png,data/s2a_partial_right/burst037_f05_depth.npy,s2a_partial_right,1,1,0,0,0,0,0
data/s2a_partial_right/burst037_f06_rgb.png,data/s2a_partial_right/burst037_f06_depth.npy,s2a_partial_right,1,1,0,0,0,0,0
data/s2a_partial_right/burst037_f07_rgb.png,data/s2a_partial_right/burst037_f07_depth.npy,s2a_partial_right,1,1,0,0,0,0,0
data/s2a_partial_right/burst037_f08_rgb.png,data/s2a_partial_right/burst037_f08_depth.npy,s2a_partial_right,1,1,0,0,0,0,0
data/s2a_partial_right/burst037_f09_rgb.png,data/s2a_partial_right/burst037_f09_depth.npy,s2a_partial_right,1,1,0,0,0,0,0
data/s2a_partial_right/burst038_f00_rgb.png,data/s2a_partial_right/burst038_f00_depth.npy,s2a_partial_right,1,1,0,0,0,0,0
data/s2a_partial_right/burst038_f01_rgb.png,data/s2a_partial_right/burst038_f01_depth.npy,s2a_partial_right,1,1,0,0,0,0,0
data/s2a_partial_right/burst038_f02_rgb.png,data/s2a_partial_right/burst038_f02_depth.npy,s2a_partial_right,1,1,0,0,0,0,0
data/s2a_partial_right/burst038_f03_rgb.png,data/s2a_partial_right/burst038_f03_depth.npy,s2a_partial_right,1,1,0,0,0,0,0
data/s2a_partial_right/burst038_f04_rgb.png,data/s2a_partial_right/burst038_f04_depth.npy,s2a_partial_right,1,1,0,0,0,0,0
data/s2a_partial_right/burst038_f05_rgb.png,data/s2a_partial_right/burst038_f05_depth.npy,s2a_partial_right,1,1,0,0,0,0,0
data/s2a_partial_right/burst038_f06_rgb.png,data/s2a_partial_right/burst038_f06_depth.npy,s2a_partial_right,1,1,0,0,0,0,0
data/s2a_partial_right/burst038_f07_rgb.png,data/s2a_partial_right/burst038_f07_depth.npy,s2a_partial_right,1,1,0,0,0,0,0
data/s2a_partial_right/burst038_f08_rgb.png,data/s2a_partial_right/burst038_f08_depth.npy,s2a_partial_right,1,1,0,0,0,0,0
data/s2a_partial_right/burst038_f09_rgb.png,data/s2a_partial_right/burst038_f09_depth.npy,s2a_partial_right,1,1,0,0,0,0,0
data/s2a_partial_right/burst039_f00_rgb.png,data/s2a_partial_right/burst039_f00_depth.npy,s2a_partial_right,1,1,0,0,0,0,0
data/s2a_partial_right/burst039_f01_rgb.png,data/s2a_partial_right/burst039_f01_depth.npy,s2a_partial_right,1,1,0,0,0,0,0
data/s2a_partial_right/burst039_f02_rgb.png,data/s2a_partial_right/burst039_f02_depth.npy,s2a_partial_right,1,1,0,0,0,0,0
data/s2a_partial_right/burst039_f03_rgb.png,data/s2a_partial_right/burst039_f03_depth.npy,s2a_partial_right,1,1,0,0,0,0,0
data/s2a_partial_right/burst039_f04_rgb.png,data/s2a_partial_right/burst039_f04_depth.npy,s2a_partial_right,1,1,0,0,0,0,0
data/s2a_partial_right/burst039_f05_rgb.png,data/s2a_partial_right/burst039_f05_depth.npy,s2a_partial_right,1,1,0,0,0,0,0
data/s2a_partial_right/burst039_f06_rgb.png,data/s2a_partial_right/burst039_f06_depth.npy,s2a_partial_right,1,1,0,0,0,0,0
data/s2a_partial_right/burst039_f07_rgb.png,data/s2a_partial_right/burst039_f07_depth.npy,s2a_partial_right,1,1,0,0,0,0,0
data/s2a_partial_right/burst039_f08_rgb.png,data/s2a_partial_right/burst039_f08_depth.npy,s2a_partial_right,1,1,0,0,0,0,0
data/s2a_partial_right/burst039_f09_rgb.png,data/s2a_partial_right/burst039_f09_depth.npy,s2a_partial_right,1,1,0,0,0,0,0
data/s2a_partial_right/burst040_f00_rgb.png,data/s2a_partial_right/burst040_f00_depth.npy,s2a_partial_right,1,1,0,0,0,0,0
data/s2a_partial_right/burst040_f01_rgb.png,data/s2a_partial_right/burst040_f01_depth.npy,s2a_partial_right,1,1,0,0,0,0,0
data/s2a_partial_right/burst040_f02_rgb.png,data/s2a_partial_right/burst040_f02_depth.npy,s2a_partial_right,1,1,0,0,0,0,0
data/s2a_partial_right/burst040_f03_rgb.png,data/s2a_partial_right/burst040_f03_depth.npy,s2a_partial_right,1,1,0,0,0,0,0
data/s2a_partial_right/burst040_f04_rgb.png,data/s2a_partial_right/burst040_f04_depth.npy,s2a_partial_right,1,1,0,0,0,0,0
data/s2a_partial_right/burst040_f05_rgb.png,data/s2a_partial_right/burst040_f05_depth.npy,s2a_partial_right,1,1,0,0,0,0,0
data/s2a_partial_right/burst040_f06_rgb.png,data/s2a_partial_right/burst040_f06_depth.npy,s2a_partial_right,1,1,0,0,0,0,0
data/s2a_partial_right/burst040_f07_rgb.png,data/s2a_partial_right/burst040_f07_depth.npy,s2a_partial_right,1,1,0,0,0,0,0
data/s2a_partial_right/burst040_f08_rgb.png,data/s2a_partial_right/burst040_f08_depth.npy,s2a_partial_right,1,1,0,0,0,0,0
data/s2a_partial_right/burst040_f09_rgb.png,data/s2a_partial_right/burst040_f09_depth.npy,s2a_partial_right,1,1,0,0,0,0,0
data/s2a_partial_right/burst041_f00_rgb.png,data/s2a_partial_right/burst041_f00_depth.npy,s2a_partial_right,1,1,0,0,0,0,0
data/s2a_partial_right/burst041_f01_rgb.png,data/s2a_partial_right/burst041_f01_depth.npy,s2a_partial_right,1,1,0,0,0,0,0
data/s2a_partial_right/burst041_f02_rgb.png,data/s2a_partial_right/burst041_f02_depth.npy,s2a_partial_right,1,1,0,0,0,0,0
data/s2a_partial_right/burst041_f03_rgb.png,data/s2a_partial_right/burst041_f03_depth.npy,s2a_partial_right,1,1,0,0,0,0,0
data/s2a_partial_right/burst041_f04_rgb.png,data/s2a_partial_right/burst041_f04_depth.npy,s2a_partial_right,1,1,0,0,0,0,0
data/s2a_partial_right/burst041_f05_rgb.png,data/s2a_partial_right/burst041_f05_depth.npy,s2a_partial_right,1,1,0,0,0,0,0
data/s2a_partial_right/burst041_f06_rgb.png,data/s2a_partial_right/burst041_f06_depth.npy,s2a_partial_right,1,1,0,0,0,0,0
data/s2a_partial_right/burst041_f07_rgb.png,data/s2a_partial_right/burst041_f07_depth.npy,s2a_partial_right,1,1,0,0,0,0,0
data/s2a_partial_right/burst041_f08_rgb.png,data/s2a_partial_right/burst041_f08_depth.npy,s2a_partial_right,1,1,0,0,0,0,0
data/s2a_partial_right/burst041_f09_rgb.png,data/s2a_partial_right/burst041_f09_depth.npy,s2a_partial_right,1,1,0,0,0,0,0
data/s2a_partial_right/burst042_f00_rgb.png,data/s2a_partial_right/burst042_f00_depth.npy,s2a_partial_right,1,1,0,0,0,0,0
data/s2a_partial_right/burst042_f01_rgb.png,data/s2a_partial_right/burst042_f01_depth.npy,s2a_partial_right,1,1,0,0,0,0,0
data/s2a_partial_right/burst042_f02_rgb.png,data/s2a_partial_right/burst042_f02_depth.npy,s2a_partial_right,1,1,0,0,0,0,0
data/s2a_partial_right/burst042_f03_rgb.png,data/s2a_partial_right/burst042_f03_depth.npy,s2a_partial_right,1,1,0,0,0,0,0
data/s2a_partial_right/burst042_f04_rgb.png,data/s2a_partial_right/burst042_f04_depth.npy,s2a_partial_right,1,1,0,0,0,0,0
data/s2a_partial_right/burst042_f05_rgb.png,data/s2a_partial_right/burst042_f05_depth.npy,s2a_partial_right,1,1,0,0,0,0,0
data/s2a_partial_right/burst042_f06_rgb.png,data/s2a_partial_right/burst042_f06_depth.npy,s2a_partial_right,1,1,0,0,0,0,0
data/s2a_partial_right/burst042_f07_rgb.png,data/s2a_partial_right/burst042_f07_depth.npy,s2a_partial_right,1,1,0,0,0,0,0
data/s2a_partial_right/burst042_f08_rgb.png,data/s2a_partial_right/burst042_f08_depth.npy,s2a_partial_right,1,1,0,0,0,0,0
data/s2a_partial_right/burst042_f09_rgb.png,data/s2a_partial_right/burst042_f09_depth.npy,s2a_partial_right,1,1,0,0,0,0,0
data/s2a_partial_right/burst043_f00_rgb.png,data/s2a_partial_right/burst043_f00_depth.npy,s2a_partial_right,1,1,0,0,0,0,0
data/s2a_partial_right/burst043_f01_rgb.png,data/s2a_partial_right/burst043_f01_depth.npy,s2a_partial_right,1,1,0,0,0,0,0
data/s2a_partial_right/burst043_f02_rgb.png,data/s2a_partial_right/burst043_f02_depth.npy,s2a_partial_right,1,1,0,0,0,0,0
data/s2a_partial_right/burst043_f03_rgb.png,data/s2a_partial_right/burst043_f03_depth.npy,s2a_partial_right,1,1,0,0,0,0,0
data/s2a_partial_right/burst043_f04_rgb.png,data/s2a_partial_right/burst043_f04_depth.npy,s2a_partial_right,1,1,0,0,0,0,0
data/s2a_partial_right/burst043_f05_rgb.png,data/s2a_partial_right/burst043_f05_depth.npy,s2a_partial_right,1,1,0,0,0,0,0
data/s2a_partial_right/burst043_f06_rgb.png,data/s2a_partial_right/burst043_f06_depth.npy,s2a_partial_right,1,1,0,0,0,0,0
data/s2a_partial_right/burst043_f07_rgb.png,data/s2a_partial_right/burst043_f07_depth.npy,s2a_partial_right,1,1,0,0,0,0,0
data/s2a_partial_right/burst043_f08_rgb.png,data/s2a_partial_right/burst043_f08_depth.npy,s2a_partial_right,1,1,0,0,0,0,0
data/s2a_partial_right/burst043_f09_rgb.png,data/s2a_partial_right/burst043_f09_depth.npy,s2a_partial_right,1,1,0,0,0,0,0
data/s2a_partial_right/burst044_f00_rgb.png,data/s2a_partial_right/burst044_f00_depth.npy,s2a_partial_right,1,1,0,0,0,0,0
data/s2a_partial_right/burst044_f01_rgb.png,data/s2a_partial_right/burst044_f01_depth.npy,s2a_partial_right,1,1,0,0,0,0,0
data/s2a_partial_right/burst044_f02_rgb.png,data/s2a_partial_right/burst044_f02_depth.npy,s2a_partial_right,1,1,0,0,0,0,0
data/s2a_partial_right/burst044_f03_rgb.png,data/s2a_partial_right/burst044_f03_depth.npy,s2a_partial_right,1,1,0,0,0,0,0
data/s2a_partial_right/burst044_f04_rgb.png,data/s2a_partial_right/burst044_f04_depth.npy,s2a_partial_right,1,1,0,0,0,0,0
data/s2a_partial_right/burst044_f05_rgb.png,data/s2a_partial_right/burst044_f05_depth.npy,s2a_partial_right,1,1,0,0,0,0,0
data/s2a_partial_right/burst044_f06_rgb.png,data/s2a_partial_right/burst044_f06_depth.npy,s2a_partial_right,1,1,0,0,0,0,0
data/s2a_partial_right/burst044_f07_rgb.png,data/s2a_partial_right/burst044_f07_depth.npy,s2a_partial_right,1,1,0,0,0,0,0
data/s2a_partial_right/burst044_f08_rgb.png,data/s2a_partial_right/burst044_f08_depth.npy,s2a_partial_right,1,1,0,0,0,0,0
data/s2a_partial_right/burst044_f09_rgb.png,data/s2a_partial_right/burst044_f09_depth.npy,s2a_partial_right,1,1,0,0,0,0,0
data/s2a_partial_right_rear/burst000_f00_rgb.png,data/s2a_partial_right_rear/burst000_f00_depth.npy,s2a_partial_right_rear,1,0,1,0,0,0,0
data/s2a_partial_right_rear/burst000_f01_rgb.png,data/s2a_partial_right_rear/burst000_f01_depth.npy,s2a_partial_right_rear,1,0,1,0,0,0,0
data/s2a_partial_right_rear/burst000_f02_rgb.png,data/s2a_partial_right_rear/burst000_f02_depth.npy,s2a_partial_right_rear,1,0,1,0,0,0,0
data/s2a_partial_right_rear/burst000_f03_rgb.png,data/s2a_partial_right_rear/burst000_f03_depth.npy,s2a_partial_right_rear,1,0,1,0,0,0,0
data/s2a_partial_right_rear/burst000_f04_rgb.png,data/s2a_partial_right_rear/burst000_f04_depth.npy,s2a_partial_right_rear,1,0,1,0,0,0,0
data/s2a_partial_right_rear/burst000_f05_rgb.png,data/s2a_partial_right_rear/burst000_f05_depth.npy,s2a_partial_right_rear,1,0,1,0,0,0,0
data/s2a_partial_right_rear/burst000_f06_rgb.png,data/s2a_partial_right_rear/burst000_f06_depth.npy,s2a_partial_right_rear,1,0,1,0,0,0,0
data/s2a_partial_right_rear/burst000_f07_rgb.png,data/s2a_partial_right_rear/burst000_f07_depth.npy,s2a_partial_right_rear,1,0,1,0,0,0,0
data/s2a_partial_right_rear/burst000_f08_rgb.png,data/s2a_partial_right_rear/burst000_f08_depth.npy,s2a_partial_right_rear,1,0,1,0,0,0,0
data/s2a_partial_right_rear/burst000_f09_rgb.png,data/s2a_partial_right_rear/burst000_f09_depth.npy,s2a_partial_right_rear,1,0,1,0,0,0,0
data/s2a_partial_right_rear/burst001_f00_rgb.png,data/s2a_partial_right_rear/burst001_f00_depth.npy,s2a_partial_right_rear,1,0,1,0,0,0,0
data/s2a_partial_right_rear/burst001_f01_rgb.png,data/s2a_partial_right_rear/burst001_f01_depth.npy,s2a_partial_right_rear,1,0,1,0,0,0,0
data/s2a_partial_right_rear/burst001_f02_rgb.png,data/s2a_partial_right_rear/burst001_f02_depth.npy,s2a_partial_right_rear,1,0,1,0,0,0,0
data/s2a_partial_right_rear/burst001_f03_rgb.png,data/s2a_partial_right_rear/burst001_f03_depth.npy,s2a_partial_right_rear,1,0,1,0,0,0,0
data/s2a_partial_right_rear/burst001_f04_rgb.png,data/s2a_partial_right_rear/burst001_f04_depth.npy,s2a_partial_right_rear,1,0,1,0,0,0,0
data/s2a_partial_right_rear/burst001_f05_rgb.png,data/s2a_partial_right_rear/burst001_f05_depth.npy,s2a_partial_right_rear,1,0,1,0,0,0,0
data/s2a_partial_right_rear/burst001_f06_rgb.png,data/s2a_partial_right_rear/burst001_f06_depth.npy,s2a_partial_right_rear,1,0,1,0,0,0,0
data/s2a_partial_right_rear/burst001_f07_rgb.png,data/s2a_partial_right_rear/burst001_f07_depth.npy,s2a_partial_right_rear,1,0,1,0,0,0,0
data/s2a_partial_right_rear/burst001_f08_rgb.png,data/s2a_partial_right_rear/burst001_f08_depth.npy,s2a_partial_right_rear,1,0,1,0,0,0,0
data/s2a_partial_right_rear/burst001_f09_rgb.png,data/s2a_partial_right_rear/burst001_f09_depth.npy,s2a_partial_right_rear,1,0,1,0,0,0,0
data/s2a_partial_right_rear/burst002_f00_rgb.png,data/s2a_partial_right_rear/burst002_f00_depth.npy,s2a_partial_right_rear,1,0,1,0,0,0,0
data/s2a_partial_right_rear/burst002_f01_rgb.png,data/s2a_partial_right_rear/burst002_f01_depth.npy,s2a_partial_right_rear,1,0,1,0,0,0,0
data/s2a_partial_right_rear/burst002_f02_rgb.png,data/s2a_partial_right_rear/burst002_f02_depth.npy,s2a_partial_right_rear,1,0,1,0,0,0,0
data/s2a_partial_right_rear/burst002_f03_rgb.png,data/s2a_partial_right_rear/burst002_f03_depth.npy,s2a_partial_right_rear,1,0,1,0,0,0,0
data/s2a_partial_right_rear/burst002_f04_rgb.png,data/s2a_partial_right_rear/burst002_f04_depth.npy,s2a_partial_right_rear,1,0,1,0,0,0,0
data/s2a_partial_right_rear/burst002_f05_rgb.png,data/s2a_partial_right_rear/burst002_f05_depth.npy,s2a_partial_right_rear,1,0,1,0,0,0,0
data/s2a_partial_right_rear/burst002_f06_rgb.png,data/s2a_partial_right_rear/burst002_f06_depth.npy,s2a_partial_right_rear,1,0,1,0,0,0,0
data/s2a_partial_right_rear/burst002_f07_rgb.png,data/s2a_partial_right_rear/burst002_f07_depth.npy,s2a_partial_right_rear,1,0,1,0,0,0,0
data/s2a_partial_right_rear/burst002_f08_rgb.png,data/s2a_partial_right_rear/burst002_f08_depth.npy,s2a_partial_right_rear,1,0,1,0,0,0,0
data/s2a_partial_right_rear/burst002_f09_rgb.png,data/s2a_partial_right_rear/burst002_f09_depth.npy,s2a_partial_right_rear,1,0,1,0,0,0,0
data/s2a_partial_right_rear/burst003_f00_rgb.png,data/s2a_partial_right_rear/burst003_f00_depth.npy,s2a_partial_right_rear,1,0,1,0,0,0,0
data/s2a_partial_right_rear/burst003_f01_rgb.png,data/s2a_partial_right_rear/burst003_f01_depth.npy,s2a_partial_right_rear,1,0,1,0,0,0,0
data/s2a_partial_right_rear/burst003_f02_rgb.png,data/s2a_partial_right_rear/burst003_f02_depth.npy,s2a_partial_right_rear,1,0,1,0,0,0,0
data/s2a_partial_right_rear/burst003_f03_rgb.png,data/s2a_partial_right_rear/burst003_f03_depth.npy,s2a_partial_right_rear,1,0,1,0,0,0,0
data/s2a_partial_right_rear/burst003_f04_rgb.png,data/s2a_partial_right_rear/burst003_f04_depth.npy,s2a_partial_right_rear,1,0,1,0,0,0,0
data/s2a_partial_right_rear/burst003_f05_rgb.png,data/s2a_partial_right_rear/burst003_f05_depth.npy,s2a_partial_right_rear,1,0,1,0,0,0,0
data/s2a_partial_right_rear/burst003_f06_rgb.png,data/s2a_partial_right_rear/burst003_f06_depth.npy,s2a_partial_right_rear,1,0,1,0,0,0,0
data/s2a_partial_right_rear/burst003_f07_rgb.png,data/s2a_partial_right_rear/burst003_f07_depth.npy,s2a_partial_right_rear,1,0,1,0,0,0,0
data/s2a_partial_right_rear/burst003_f08_rgb.png,data/s2a_partial_right_rear/burst003_f08_depth.npy,s2a_partial_right_rear,1,0,1,0,0,0,0
data/s2a_partial_right_rear/burst003_f09_rgb.png,data/s2a_partial_right_rear/burst003_f09_depth.npy,s2a_partial_right_rear,1,0,1,0,0,0,0
data/s2a_partial_right_rear/burst004_f00_rgb.png,data/s2a_partial_right_rear/burst004_f00_depth.npy,s2a_partial_right_rear,1,0,1,0,0,0,0
data/s2a_partial_right_rear/burst004_f01_rgb.png,data/s2a_partial_right_rear/burst004_f01_depth.npy,s2a_partial_right_rear,1,0,1,0,0,0,0
data/s2a_partial_right_rear/burst004_f02_rgb.png,data/s2a_partial_right_rear/burst004_f02_depth.npy,s2a_partial_right_rear,1,0,1,0,0,0,0
data/s2a_partial_right_rear/burst004_f03_rgb.png,data/s2a_partial_right_rear/burst004_f03_depth.npy,s2a_partial_right_rear,1,0,1,0,0,0,0
data/s2a_partial_right_rear/burst004_f04_rgb.png,data/s2a_partial_right_rear/burst004_f04_depth.npy,s2a_partial_right_rear,1,0,1,0,0,0,0
data/s2a_partial_right_rear/burst004_f05_rgb.png,data/s2a_partial_right_rear/burst004_f05_depth.npy,s2a_partial_right_rear,1,0,1,0,0,0,0
data/s2a_partial_right_rear/burst004_f06_rgb.png,data/s2a_partial_right_rear/burst004_f06_depth.npy,s2a_partial_right_rear,1,0,1,0,0,0,0
data/s2a_partial_right_rear/burst004_f07_rgb.png,data/s2a_partial_right_rear/burst004_f07_depth.npy,s2a_partial_right_rear,1,0,1,0,0,0,0
data/s2a_partial_right_rear/burst004_f08_rgb.png,data/s2a_partial_right_rear/burst004_f08_depth.npy,s2a_partial_right_rear,1,0,1,0,0,0,0
data/s2a_partial_right_rear/burst004_f09_rgb.png,data/s2a_partial_right_rear/burst004_f09_depth.npy,s2a_partial_right_rear,1,0,1,0,0,0,0
data/s2a_partial_right_rear/burst005_f00_rgb.png,data/s2a_partial_right_rear/burst005_f00_depth.npy,s2a_partial_right_rear,1,0,1,0,0,0,0
data/s2a_partial_right_rear/burst005_f01_rgb.png,data/s2a_partial_right_rear/burst005_f01_depth.npy,s2a_partial_right_rear,1,0,1,0,0,0,0
data/s2a_partial_right_rear/burst005_f02_rgb.png,data/s2a_partial_right_rear/burst005_f02_depth.npy,s2a_partial_right_rear,1,0,1,0,0,0,0
data/s2a_partial_right_rear/burst005_f03_rgb.png,data/s2a_partial_right_rear/burst005_f03_depth.npy,s2a_partial_right_rear,1,0,1,0,0,0,0
data/s2a_partial_right_rear/burst005_f04_rgb.png,data/s2a_partial_right_rear/burst005_f04_depth.npy,s2a_partial_right_rear,1,0,1,0,0,0,0
data/s2a_partial_right_rear/burst005_f05_rgb.png,data/s2a_partial_right_rear/burst005_f05_depth.npy,s2a_partial_right_rear,1,0,1,0,0,0,0
data/s2a_partial_right_rear/burst005_f06_rgb.png,data/s2a_partial_right_rear/burst005_f06_depth.npy,s2a_partial_right_rear,1,0,1,0,0,0,0
data/s2a_partial_right_rear/burst005_f07_rgb.png,data/s2a_partial_right_rear/burst005_f07_depth.npy,s2a_partial_right_rear,1,0,1,0,0,0,0
data/s2a_partial_right_rear/burst005_f08_rgb.png,data/s2a_partial_right_rear/burst005_f08_depth.npy,s2a_partial_right_rear,1,0,1,0,0,0,0
data/s2a_partial_right_rear/burst005_f09_rgb.png,data/s2a_partial_right_rear/burst005_f09_depth.npy,s2a_partial_right_rear,1,0,1,0,0,0,0
data/s2a_partial_right_rear/burst006_f00_rgb.png,data/s2a_partial_right_rear/burst006_f00_depth.npy,s2a_partial_right_rear,1,0,1,0,0,0,0
data/s2a_partial_right_rear/burst006_f01_rgb.png,data/s2a_partial_right_rear/burst006_f01_depth.npy,s2a_partial_right_rear,1,0,1,0,0,0,0
data/s2a_partial_right_rear/burst006_f02_rgb.png,data/s2a_partial_right_rear/burst006_f02_depth.npy,s2a_partial_right_rear,1,0,1,0,0,0,0
data/s2a_partial_right_rear/burst006_f03_rgb.png,data/s2a_partial_right_rear/burst006_f03_depth.npy,s2a_partial_right_rear,1,0,1,0,0,0,0
data/s2a_partial_right_rear/burst006_f04_rgb.png,data/s2a_partial_right_rear/burst006_f04_depth.npy,s2a_partial_right_rear,1,0,1,0,0,0,0
data/s2a_partial_right_rear/burst006_f05_rgb.png,data/s2a_partial_right_rear/burst006_f05_depth.npy,s2a_partial_right_rear,1,0,1,0,0,0,0
data/s2a_partial_right_rear/burst006_f06_rgb.png,data/s2a_partial_right_rear/burst006_f06_depth.npy,s2a_partial_right_rear,1,0,1,0,0,0,0
data/s2a_partial_right_rear/burst006_f07_rgb.png,data/s2a_partial_right_rear/burst006_f07_depth.npy,s2a_partial_right_rear,1,0,1,0,0,0,0
data/s2a_partial_right_rear/burst006_f08_rgb.png,data/s2a_partial_right_rear/burst006_f08_depth.npy,s2a_partial_right_rear,1,0,1,0,0,0,0
data/s2a_partial_right_rear/burst006_f09_rgb.png,data/s2a_partial_right_rear/burst006_f09_depth.npy,s2a_partial_right_rear,1,0,1,0,0,0,0
data/s2a_partial_right_rear/burst007_f00_rgb.png,data/s2a_partial_right_rear/burst007_f00_depth.npy,s2a_partial_right_rear,1,0,1,0,0,0,0
data/s2a_partial_right_rear/burst007_f01_rgb.png,data/s2a_partial_right_rear/burst007_f01_depth.npy,s2a_partial_right_rear,1,0,1,0,0,0,0
data/s2a_partial_right_rear/burst007_f02_rgb.png,data/s2a_partial_right_rear/burst007_f02_depth.npy,s2a_partial_right_rear,1,0,1,0,0,0,0
data/s2a_partial_right_rear/burst007_f03_rgb.png,data/s2a_partial_right_rear/burst007_f03_depth.npy,s2a_partial_right_rear,1,0,1,0,0,0,0
data/s2a_partial_right_rear/burst007_f04_rgb.png,data/s2a_partial_right_rear/burst007_f04_depth.npy,s2a_partial_right_rear,1,0,1,0,0,0,0
data/s2a_partial_right_rear/burst007_f05_rgb.png,data/s2a_partial_right_rear/burst007_f05_depth.npy,s2a_partial_right_rear,1,0,1,0,0,0,0
data/s2a_partial_right_rear/burst007_f06_rgb.png,data/s2a_partial_right_rear/burst007_f06_depth.npy,s2a_partial_right_rear,1,0,1,0,0,0,0
data/s2a_partial_right_rear/burst007_f07_rgb.png,data/s2a_partial_right_rear/burst007_f07_depth.npy,s2a_partial_right_rear,1,0,1,0,0,0,0
data/s2a_partial_right_rear/burst007_f08_rgb.png,data/s2a_partial_right_rear/burst007_f08_depth.npy,s2a_partial_right_rear,1,0,1,0,0,0,0
data/s2a_partial_right_rear/burst007_f09_rgb.png,data/s2a_partial_right_rear/burst007_f09_depth.npy,s2a_partial_right_rear,1,0,1,0,0,0,0
data/s2a_partial_right_rear/burst008_f00_rgb.png,data/s2a_partial_right_rear/burst008_f00_depth.npy,s2a_partial_right_rear,1,0,1,0,0,0,0
data/s2a_partial_right_rear/burst008_f01_rgb.png,data/s2a_partial_right_rear/burst008_f01_depth.npy,s2a_partial_right_rear,1,0,1,0,0,0,0
data/s2a_partial_right_rear/burst008_f02_rgb.png,data/s2a_partial_right_rear/burst008_f02_depth.npy,s2a_partial_right_rear,1,0,1,0,0,0,0
data/s2a_partial_right_rear/burst008_f03_rgb.png,data/s2a_partial_right_rear/burst008_f03_depth.npy,s2a_partial_right_rear,1,0,1,0,0,0,0
data/s2a_partial_right_rear/burst008_f04_rgb.png,data/s2a_partial_right_rear/burst008_f04_depth.npy,s2a_partial_right_rear,1,0,1,0,0,0,0
data/s2a_partial_right_rear/burst008_f05_rgb.png,data/s2a_partial_right_rear/burst008_f05_depth.npy,s2a_partial_right_rear,1,0,1,0,0,0,0
data/s2a_partial_right_rear/burst008_f06_rgb.png,data/s2a_partial_right_rear/burst008_f06_depth.npy,s2a_partial_right_rear,1,0,1,0,0,0,0
data/s2a_partial_right_rear/burst008_f07_rgb.png,data/s2a_partial_right_rear/burst008_f07_depth.npy,s2a_partial_right_rear,1,0,1,0,0,0,0
data/s2a_partial_right_rear/burst008_f08_rgb.png,data/s2a_partial_right_rear/burst008_f08_depth.npy,s2a_partial_right_rear,1,0,1,0,0,0,0
data/s2a_partial_right_rear/burst008_f09_rgb.png,data/s2a_partial_right_rear/burst008_f09_depth.npy,s2a_partial_right_rear,1,0,1,0,0,0,0
data/s2a_partial_right_rear/burst009_f00_rgb.png,data/s2a_partial_right_rear/burst009_f00_depth.npy,s2a_partial_right_rear,1,0,1,0,0,0,0
data/s2a_partial_right_rear/burst009_f01_rgb.png,data/s2a_partial_right_rear/burst009_f01_depth.npy,s2a_partial_right_rear,1,0,1,0,0,0,0
data/s2a_partial_right_rear/burst009_f02_rgb.png,data/s2a_partial_right_rear/burst009_f02_depth.npy,s2a_partial_right_rear,1,0,1,0,0,0,0
data/s2a_partial_right_rear/burst009_f03_rgb.png,data/s2a_partial_right_rear/burst009_f03_depth.npy,s2a_partial_right_rear,1,0,1,0,0,0,0
data/s2a_partial_right_rear/burst009_f04_rgb.png,data/s2a_partial_right_rear/burst009_f04_depth.npy,s2a_partial_right_rear,1,0,1,0,0,0,0
data/s2a_partial_right_rear/burst009_f05_rgb.png,data/s2a_partial_right_rear/burst009_f05_depth.npy,s2a_partial_right_rear,1,0,1,0,0,0,0
data/s2a_partial_right_rear/burst009_f06_rgb.png,data/s2a_partial_right_rear/burst009_f06_depth.npy,s2a_partial_right_rear,1,0,1,0,0,0,0
data/s2a_partial_right_rear/burst009_f07_rgb.png,data/s2a_partial_right_rear/burst009_f07_depth.npy,s2a_partial_right_rear,1,0,1,0,0,0,0
data/s2a_partial_right_rear/burst009_f08_rgb.png,data/s2a_partial_right_rear/burst009_f08_depth.npy,s2a_partial_right_rear,1,0,1,0,0,0,0
data/s2a_partial_right_rear/burst009_f09_rgb.png,data/s2a_partial_right_rear/burst009_f09_depth.npy,s2a_partial_right_rear,1,0,1,0,0,0,0
data/s2a_partial_right_rear/burst010_f00_rgb.png,data/s2a_partial_right_rear/burst010_f00_depth.npy,s2a_partial_right_rear,1,0,1,0,0,0,0
data/s2a_partial_right_rear/burst010_f01_rgb.png,data/s2a_partial_right_rear/burst010_f01_depth.npy,s2a_partial_right_rear,1,0,1,0,0,0,0
data/s2a_partial_right_rear/burst010_f02_rgb.png,data/s2a_partial_right_rear/burst010_f02_depth.npy,s2a_partial_right_rear,1,0,1,0,0,0,0
data/s2a_partial_right_rear/burst010_f03_rgb.png,data/s2a_partial_right_rear/burst010_f03_depth.npy,s2a_partial_right_rear,1,0,1,0,0,0,0
data/s2a_partial_right_rear/burst010_f04_rgb.png,data/s2a_partial_right_rear/burst010_f04_depth.npy,s2a_partial_right_rear,1,0,1,0,0,0,0
data/s2a_partial_right_rear/burst010_f05_rgb.png,data/s2a_partial_right_rear/burst010_f05_depth.npy,s2a_partial_right_rear,1,0,1,0,0,0,0
data/s2a_partial_right_rear/burst010_f06_rgb.png,data/s2a_partial_right_rear/burst010_f06_depth.npy,s2a_partial_right_rear,1,0,1,0,0,0,0
data/s2a_partial_right_rear/burst010_f07_rgb.png,data/s2a_partial_right_rear/burst010_f07_depth.npy,s2a_partial_right_rear,1,0,1,0,0,0,0
data/s2a_partial_right_rear/burst010_f08_rgb.png,data/s2a_partial_right_rear/burst010_f08_depth.npy,s2a_partial_right_rear,1,0,1,0,0,0,0
data/s2a_partial_right_rear/burst010_f09_rgb.png,data/s2a_partial_right_rear/burst010_f09_depth.npy,s2a_partial_right_rear,1,0,1,0,0,0,0
data/s2a_partial_right_rear/burst011_f00_rgb.png,data/s2a_partial_right_rear/burst011_f00_depth.npy,s2a_partial_right_rear,1,0,1,0,0,0,0
data/s2a_partial_right_rear/burst011_f01_rgb.png,data/s2a_partial_right_rear/burst011_f01_depth.npy,s2a_partial_right_rear,1,0,1,0,0,0,0
data/s2a_partial_right_rear/burst011_f02_rgb.png,data/s2a_partial_right_rear/burst011_f02_depth.npy,s2a_partial_right_rear,1,0,1,0,0,0,0
data/s2a_partial_right_rear/burst011_f03_rgb.png,data/s2a_partial_right_rear/burst011_f03_depth.npy,s2a_partial_right_rear,1,0,1,0,0,0,0
data/s2a_partial_right_rear/burst011_f04_rgb.png,data/s2a_partial_right_rear/burst011_f04_depth.npy,s2a_partial_right_rear,1,0,1,0,0,0,0
data/s2a_partial_right_rear/burst011_f05_rgb.png,data/s2a_partial_right_rear/burst011_f05_depth.npy,s2a_partial_right_rear,1,0,1,0,0,0,0
data/s2a_partial_right_rear/burst011_f06_rgb.png,data/s2a_partial_right_rear/burst011_f06_depth.npy,s2a_partial_right_rear,1,0,1,0,0,0,0
data/s2a_partial_right_rear/burst011_f07_rgb.png,data/s2a_partial_right_rear/burst011_f07_depth.npy,s2a_partial_right_rear,1,0,1,0,0,0,0
data/s2a_partial_right_rear/burst011_f08_rgb.png,data/s2a_partial_right_rear/burst011_f08_depth.npy,s2a_partial_right_rear,1,0,1,0,0,0,0
data/s2a_partial_right_rear/burst011_f09_rgb.png,data/s2a_partial_right_rear/burst011_f09_depth.npy,s2a_partial_right_rear,1,0,1,0,0,0,0
data/s2a_partial_right_rear/burst012_f00_rgb.png,data/s2a_partial_right_rear/burst012_f00_depth.npy,s2a_partial_right_rear,1,0,1,0,0,0,0
data/s2a_partial_right_rear/burst012_f01_rgb.png,data/s2a_partial_right_rear/burst012_f01_depth.npy,s2a_partial_right_rear,1,0,1,0,0,0,0
data/s2a_partial_right_rear/burst012_f02_rgb.png,data/s2a_partial_right_rear/burst012_f02_depth.npy,s2a_partial_right_rear,1,0,1,0,0,0,0
data/s2a_partial_right_rear/burst012_f03_rgb.png,data/s2a_partial_right_rear/burst012_f03_depth.npy,s2a_partial_right_rear,1,0,1,0,0,0,0
data/s2a_partial_right_rear/burst012_f04_rgb.png,data/s2a_partial_right_rear/burst012_f04_depth.npy,s2a_partial_right_rear,1,0,1,0,0,0,0
data/s2a_partial_right_rear/burst012_f05_rgb.png,data/s2a_partial_right_rear/burst012_f05_depth.npy,s2a_partial_right_rear,1,0,1,0,0,0,0
data/s2a_partial_right_rear/burst012_f06_rgb.png,data/s2a_partial_right_rear/burst012_f06_depth.npy,s2a_partial_right_rear,1,0,1,0,0,0,0
data/s2a_partial_right_rear/burst012_f07_rgb.png,data/s2a_partial_right_rear/burst012_f07_depth.npy,s2a_partial_right_rear,1,0,1,0,0,0,0
data/s2a_partial_right_rear/burst012_f08_rgb.png,data/s2a_partial_right_rear/burst012_f08_depth.npy,s2a_partial_right_rear,1,0,1,0,0,0,0
data/s2a_partial_right_rear/burst012_f09_rgb.png,data/s2a_partial_right_rear/burst012_f09_depth.npy,s2a_partial_right_rear,1,0,1,0,0,0,0
data/s2a_partial_right_rear/burst013_f00_rgb.png,data/s2a_partial_right_rear/burst013_f00_depth.npy,s2a_partial_right_rear,1,0,1,0,0,0,0
data/s2a_partial_right_rear/burst013_f01_rgb.png,data/s2a_partial_right_rear/burst013_f01_depth.npy,s2a_partial_right_rear,1,0,1,0,0,0,0
data/s2a_partial_right_rear/burst013_f02_rgb.png,data/s2a_partial_right_rear/burst013_f02_depth.npy,s2a_partial_right_rear,1,0,1,0,0,0,0
data/s2a_partial_right_rear/burst013_f03_rgb.png,data/s2a_partial_right_rear/burst013_f03_depth.npy,s2a_partial_right_rear,1,0,1,0,0,0,0
data/s2a_partial_right_rear/burst013_f04_rgb.png,data/s2a_partial_right_rear/burst013_f04_depth.npy,s2a_partial_right_rear,1,0,1,0,0,0,0
data/s2a_partial_right_rear/burst013_f05_rgb.png,data/s2a_partial_right_rear/burst013_f05_depth.npy,s2a_partial_right_rear,1,0,1,0,0,0,0
data/s2a_partial_right_rear/burst013_f06_rgb.png,data/s2a_partial_right_rear/burst013_f06_depth.npy,s2a_partial_right_rear,1,0,1,0,0,0,0
data/s2a_partial_right_rear/burst013_f07_rgb.png,data/s2a_partial_right_rear/burst013_f07_depth.npy,s2a_partial_right_rear,1,0,1,0,0,0,0
data/s2a_partial_right_rear/burst013_f08_rgb.png,data/s2a_partial_right_rear/burst013_f08_depth.npy,s2a_partial_right_rear,1,0,1,0,0,0,0
data/s2a_partial_right_rear/burst013_f09_rgb.png,data/s2a_partial_right_rear/burst013_f09_depth.npy,s2a_partial_right_rear,1,0,1,0,0,0,0
data/s2a_partial_right_rear/burst014_f00_rgb.png,data/s2a_partial_right_rear/burst014_f00_depth.npy,s2a_partial_right_rear,1,0,1,0,0,0,0
data/s2a_partial_right_rear/burst014_f01_rgb.png,data/s2a_partial_right_rear/burst014_f01_depth.npy,s2a_partial_right_rear,1,0,1,0,0,0,0
data/s2a_partial_right_rear/burst014_f02_rgb.png,data/s2a_partial_right_rear/burst014_f02_depth.npy,s2a_partial_right_rear,1,0,1,0,0,0,0
data/s2a_partial_right_rear/burst014_f03_rgb.png,data/s2a_partial_right_rear/burst014_f03_depth.npy,s2a_partial_right_rear,1,0,1,0,0,0,0
data/s2a_partial_right_rear/burst014_f04_rgb.png,data/s2a_partial_right_rear/burst014_f04_depth.npy,s2a_partial_right_rear,1,0,1,0,0,0,0
data/s2a_partial_right_rear/burst014_f05_rgb.png,data/s2a_partial_right_rear/burst014_f05_depth.npy,s2a_partial_right_rear,1,0,1,0,0,0,0
data/s2a_partial_right_rear/burst014_f06_rgb.png,data/s2a_partial_right_rear/burst014_f06_depth.npy,s2a_partial_right_rear,1,0,1,0,0,0,0
data/s2a_partial_right_rear/burst014_f07_rgb.png,data/s2a_partial_right_rear/burst014_f07_depth.npy,s2a_partial_right_rear,1,0,1,0,0,0,0
data/s2a_partial_right_rear/burst014_f08_rgb.png,data/s2a_partial_right_rear/burst014_f08_depth.npy,s2a_partial_right_rear,1,0,1,0,0,0,0
data/s2a_partial_right_rear/burst014_f09_rgb.png,data/s2a_partial_right_rear/burst014_f09_depth.npy,s2a_partial_right_rear,1,0,1,0,0,0,0
data/s2a_partial_right_rear/burst015_f00_rgb.png,data/s2a_partial_right_rear/burst015_f00_depth.npy,s2a_partial_right_rear,1,0,1,0,0,0,0
data/s2a_partial_right_rear/burst015_f01_rgb.png,data/s2a_partial_right_rear/burst015_f01_depth.npy,s2a_partial_right_rear,1,0,1,0,0,0,0
data/s2a_partial_right_rear/burst015_f02_rgb.png,data/s2a_partial_right_rear/burst015_f02_depth.npy,s2a_partial_right_rear,1,0,1,0,0,0,0
data/s2a_partial_right_rear/burst015_f03_rgb.png,data/s2a_partial_right_rear/burst015_f03_depth.npy,s2a_partial_right_rear,1,0,1,0,0,0,0
data/s2a_partial_right_rear/burst015_f04_rgb.png,data/s2a_partial_right_rear/burst015_f04_depth.npy,s2a_partial_right_rear,1,0,1,0,0,0,0
data/s2a_partial_right_rear/burst015_f05_rgb.png,data/s2a_partial_right_rear/burst015_f05_depth.npy,s2a_partial_right_rear,1,0,1,0,0,0,0
data/s2a_partial_right_rear/burst015_f06_rgb.png,data/s2a_partial_right_rear/burst015_f06_depth.npy,s2a_partial_right_rear,1,0,1,0,0,0,0
data/s2a_partial_right_rear/burst015_f07_rgb.png,data/s2a_partial_right_rear/burst015_f07_depth.npy,s2a_partial_right_rear,1,0,1,0,0,0,0
data/s2a_partial_right_rear/burst015_f08_rgb.png,data/s2a_partial_right_rear/burst015_f08_depth.npy,s2a_partial_right_rear,1,0,1,0,0,0,0
data/s2a_partial_right_rear/burst015_f09_rgb.png,data/s2a_partial_right_rear/burst015_f09_depth.npy,s2a_partial_right_rear,1,0,1,0,0,0,0
data/s2a_partial_right_rear/burst016_f00_rgb.png,data/s2a_partial_right_rear/burst016_f00_depth.npy,s2a_partial_right_rear,1,0,1,0,0,0,0
data/s2a_partial_right_rear/burst016_f01_rgb.png,data/s2a_partial_right_rear/burst016_f01_depth.npy,s2a_partial_right_rear,1,0,1,0,0,0,0
data/s2a_partial_right_rear/burst016_f02_rgb.png,data/s2a_partial_right_rear/burst016_f02_depth.npy,s2a_partial_right_rear,1,0,1,0,0,0,0
data/s2a_partial_right_rear/burst016_f03_rgb.png,data/s2a_partial_right_rear/burst016_f03_depth.npy,s2a_partial_right_rear,1,0,1,0,0,0,0
data/s2a_partial_right_rear/burst016_f04_rgb.png,data/s2a_partial_right_rear/burst016_f04_depth.npy,s2a_partial_right_rear,1,0,1,0,0,0,0
data/s2a_partial_right_rear/burst016_f05_rgb.png,data/s2a_partial_right_rear/burst016_f05_depth.npy,s2a_partial_right_rear,1,0,1,0,0,0,0
data/s2a_partial_right_rear/burst016_f06_rgb.png,data/s2a_partial_right_rear/burst016_f06_depth.npy,s2a_partial_right_rear,1,0,1,0,0,0,0
data/s2a_partial_right_rear/burst016_f07_rgb.png,data/s2a_partial_right_rear/burst016_f07_depth.npy,s2a_partial_right_rear,1,0,1,0,0,0,0
data/s2a_partial_right_rear/burst016_f08_rgb.png,data/s2a_partial_right_rear/burst016_f08_depth.npy,s2a_partial_right_rear,1,0,1,0,0,0,0
data/s2a_partial_right_rear/burst016_f09_rgb.png,data/s2a_partial_right_rear/burst016_f09_depth.npy,s2a_partial_right_rear,1,0,1,0,0,0,0
data/s2a_partial_right_rear/burst017_f00_rgb.png,data/s2a_partial_right_rear/burst017_f00_depth.npy,s2a_partial_right_rear,1,0,1,0,0,0,0
data/s2a_partial_right_rear/burst017_f01_rgb.png,data/s2a_partial_right_rear/burst017_f01_depth.npy,s2a_partial_right_rear,1,0,1,0,0,0,0
data/s2a_partial_right_rear/burst017_f02_rgb.png,data/s2a_partial_right_rear/burst017_f02_depth.npy,s2a_partial_right_rear,1,0,1,0,0,0,0
data/s2a_partial_right_rear/burst017_f03_rgb.png,data/s2a_partial_right_rear/burst017_f03_depth.npy,s2a_partial_right_rear,1,0,1,0,0,0,0
data/s2a_partial_right_rear/burst017_f04_rgb.png,data/s2a_partial_right_rear/burst017_f04_depth.npy,s2a_partial_right_rear,1,0,1,0,0,0,0
data/s2a_partial_right_rear/burst017_f05_rgb.png,data/s2a_partial_right_rear/burst017_f05_depth.npy,s2a_partial_right_rear,1,0,1,0,0,0,0
data/s2a_partial_right_rear/burst017_f06_rgb.png,data/s2a_partial_right_rear/burst017_f06_depth.npy,s2a_partial_right_rear,1,0,1,0,0,0,0
data/s2a_partial_right_rear/burst017_f07_rgb.png,data/s2a_partial_right_rear/burst017_f07_depth.npy,s2a_partial_right_rear,1,0,1,0,0,0,0
data/s2a_partial_right_rear/burst017_f08_rgb.png,data/s2a_partial_right_rear/burst017_f08_depth.npy,s2a_partial_right_rear,1,0,1,0,0,0,0
data/s2a_partial_right_rear/burst017_f09_rgb.png,data/s2a_partial_right_rear/burst017_f09_depth.npy,s2a_partial_right_rear,1,0,1,0,0,0,0
data/s2a_partial_right_rear/burst018_f00_rgb.png,data/s2a_partial_right_rear/burst018_f00_depth.npy,s2a_partial_right_rear,1,0,1,0,0,0,0
data/s2a_partial_right_rear/burst018_f01_rgb.png,data/s2a_partial_right_rear/burst018_f01_depth.npy,s2a_partial_right_rear,1,0,1,0,0,0,0
data/s2a_partial_right_rear/burst018_f02_rgb.png,data/s2a_partial_right_rear/burst018_f02_depth.npy,s2a_partial_right_rear,1,0,1,0,0,0,0
data/s2a_partial_right_rear/burst018_f03_rgb.png,data/s2a_partial_right_rear/burst018_f03_depth.npy,s2a_partial_right_rear,1,0,1,0,0,0,0
data/s2a_partial_right_rear/burst018_f04_rgb.png,data/s2a_partial_right_rear/burst018_f04_depth.npy,s2a_partial_right_rear,1,0,1,0,0,0,0
data/s2a_partial_right_rear/burst018_f05_rgb.png,data/s2a_partial_right_rear/burst018_f05_depth.npy,s2a_partial_right_rear,1,0,1,0,0,0,0
data/s2a_partial_right_rear/burst018_f06_rgb.png,data/s2a_partial_right_rear/burst018_f06_depth.npy,s2a_partial_right_rear,1,0,1,0,0,0,0
data/s2a_partial_right_rear/burst018_f07_rgb.png,data/s2a_partial_right_rear/burst018_f07_depth.npy,s2a_partial_right_rear,1,0,1,0,0,0,0
data/s2a_partial_right_rear/burst018_f08_rgb.png,data/s2a_partial_right_rear/burst018_f08_depth.npy,s2a_partial_right_rear,1,0,1,0,0,0,0
data/s2a_partial_right_rear/burst018_f09_rgb.png,data/s2a_partial_right_rear/burst018_f09_depth.npy,s2a_partial_right_rear,1,0,1,0,0,0,0
data/s2a_partial_right_rear/burst019_f00_rgb.png,data/s2a_partial_right_rear/burst019_f00_depth.npy,s2a_partial_right_rear,1,0,1,0,0,0,0
data/s2a_partial_right_rear/burst019_f01_rgb.png,data/s2a_partial_right_rear/burst019_f01_depth.npy,s2a_partial_right_rear,1,0,1,0,0,0,0
data/s2a_partial_right_rear/burst019_f02_rgb.png,data/s2a_partial_right_rear/burst019_f02_depth.npy,s2a_partial_right_rear,1,0,1,0,0,0,0
data/s2a_partial_right_rear/burst019_f03_rgb.png,data/s2a_partial_right_rear/burst019_f03_depth.npy,s2a_partial_right_rear,1,0,1,0,0,0,0
data/s2a_partial_right_rear/burst019_f04_rgb.png,data/s2a_partial_right_rear/burst019_f04_depth.npy,s2a_partial_right_rear,1,0,1,0,0,0,0
data/s2a_partial_right_rear/burst019_f05_rgb.png,data/s2a_partial_right_rear/burst019_f05_depth.npy,s2a_partial_right_rear,1,0,1,0,0,0,0
data/s2a_partial_right_rear/burst019_f06_rgb.png,data/s2a_partial_right_rear/burst019_f06_depth.npy,s2a_partial_right_rear,1,0,1,0,0,0,0
data/s2a_partial_right_rear/burst019_f07_rgb.png,data/s2a_partial_right_rear/burst019_f07_depth.npy,s2a_partial_right_rear,1,0,1,0,0,0,0
data/s2a_partial_right_rear/burst019_f08_rgb.png,data/s2a_partial_right_rear/burst019_f08_depth.npy,s2a_partial_right_rear,1,0,1,0,0,0,0
data/s2a_partial_right_rear/burst019_f09_rgb.png,data/s2a_partial_right_rear/burst019_f09_depth.npy,s2a_partial_right_rear,1,0,1,0,0,0,0
data/s2a_right_complete/burst000_f00_rgb.png,data/s2a_right_complete/burst000_f00_depth.npy,s2a_right_complete,1,1,1,0,0,0,0
data/s2a_right_complete/burst000_f01_rgb.png,data/s2a_right_complete/burst000_f01_depth.npy,s2a_right_complete,1,1,1,0,0,0,0
data/s2a_right_complete/burst000_f02_rgb.png,data/s2a_right_complete/burst000_f02_depth.npy,s2a_right_complete,1,1,1,0,0,0,0
data/s2a_right_complete/burst000_f03_rgb.png,data/s2a_right_complete/burst000_f03_depth.npy,s2a_right_complete,1,1,1,0,0,0,0
data/s2a_right_complete/burst000_f04_rgb.png,data/s2a_right_complete/burst000_f04_depth.npy,s2a_right_complete,1,1,1,0,0,0,0
data/s2a_right_complete/burst000_f05_rgb.png,data/s2a_right_complete/burst000_f05_depth.npy,s2a_right_complete,1,1,1,0,0,0,0
data/s2a_right_complete/burst000_f06_rgb.png,data/s2a_right_complete/burst000_f06_depth.npy,s2a_right_complete,1,1,1,0,0,0,0
data/s2a_right_complete/burst000_f07_rgb.png,data/s2a_right_complete/burst000_f07_depth.npy,s2a_right_complete,1,1,1,0,0,0,0
data/s2a_right_complete/burst000_f08_rgb.png,data/s2a_right_complete/burst000_f08_depth.npy,s2a_right_complete,1,1,1,0,0,0,0
data/s2a_right_complete/burst000_f09_rgb.png,data/s2a_right_complete/burst000_f09_depth.npy,s2a_right_complete,1,1,1,0,0,0,0
data/s2a_right_complete/burst001_f00_rgb.png,data/s2a_right_complete/burst001_f00_depth.npy,s2a_right_complete,1,1,1,0,0,0,0
data/s2a_right_complete/burst001_f01_rgb.png,data/s2a_right_complete/burst001_f01_depth.npy,s2a_right_complete,1,1,1,0,0,0,0
data/s2a_right_complete/burst001_f02_rgb.png,data/s2a_right_complete/burst001_f02_depth.npy,s2a_right_complete,1,1,1,0,0,0,0
data/s2a_right_complete/burst001_f03_rgb.png,data/s2a_right_complete/burst001_f03_depth.npy,s2a_right_complete,1,1,1,0,0,0,0
data/s2a_right_complete/burst001_f04_rgb.png,data/s2a_right_complete/burst001_f04_depth.npy,s2a_right_complete,1,1,1,0,0,0,0
data/s2a_right_complete/burst001_f05_rgb.png,data/s2a_right_complete/burst001_f05_depth.npy,s2a_right_complete,1,1,1,0,0,0,0
data/s2a_right_complete/burst001_f06_rgb.png,data/s2a_right_complete/burst001_f06_depth.npy,s2a_right_complete,1,1,1,0,0,0,0
data/s2a_right_complete/burst001_f07_rgb.png,data/s2a_right_complete/burst001_f07_depth.npy,s2a_right_complete,1,1,1,0,0,0,0
data/s2a_right_complete/burst001_f08_rgb.png,data/s2a_right_complete/burst001_f08_depth.npy,s2a_right_complete,1,1,1,0,0,0,0
data/s2a_right_complete/burst001_f09_rgb.png,data/s2a_right_complete/burst001_f09_depth.npy,s2a_right_complete,1,1,1,0,0,0,0
data/s2a_right_complete/burst002_f00_rgb.png,data/s2a_right_complete/burst002_f00_depth.npy,s2a_right_complete,1,1,1,0,0,0,0
data/s2a_right_complete/burst002_f01_rgb.png,data/s2a_right_complete/burst002_f01_depth.npy,s2a_right_complete,1,1,1,0,0,0,0
data/s2a_right_complete/burst002_f02_rgb.png,data/s2a_right_complete/burst002_f02_depth.npy,s2a_right_complete,1,1,1,0,0,0,0
data/s2a_right_complete/burst002_f03_rgb.png,data/s2a_right_complete/burst002_f03_depth.npy,s2a_right_complete,1,1,1,0,0,0,0
data/s2a_right_complete/burst002_f04_rgb.png,data/s2a_right_complete/burst002_f04_depth.npy,s2a_right_complete,1,1,1,0,0,0,0
data/s2a_right_complete/burst002_f05_rgb.png,data/s2a_right_complete/burst002_f05_depth.npy,s2a_right_complete,1,1,1,0,0,0,0
data/s2a_right_complete/burst002_f06_rgb.png,data/s2a_right_complete/burst002_f06_depth.npy,s2a_right_complete,1,1,1,0,0,0,0
data/s2a_right_complete/burst002_f07_rgb.png,data/s2a_right_complete/burst002_f07_depth.npy,s2a_right_complete,1,1,1,0,0,0,0
data/s2a_right_complete/burst002_f08_rgb.png,data/s2a_right_complete/burst002_f08_depth.npy,s2a_right_complete,1,1,1,0,0,0,0
data/s2a_right_complete/burst002_f09_rgb.png,data/s2a_right_complete/burst002_f09_depth.npy,s2a_right_complete,1,1,1,0,0,0,0
data/s2a_right_complete/burst003_f00_rgb.png,data/s2a_right_complete/burst003_f00_depth.npy,s2a_right_complete,1,1,1,0,0,0,0
data/s2a_right_complete/burst003_f01_rgb.png,data/s2a_right_complete/burst003_f01_depth.npy,s2a_right_complete,1,1,1,0,0,0,0
data/s2a_right_complete/burst003_f02_rgb.png,data/s2a_right_complete/burst003_f02_depth.npy,s2a_right_complete,1,1,1,0,0,0,0
data/s2a_right_complete/burst003_f03_rgb.png,data/s2a_right_complete/burst003_f03_depth.npy,s2a_right_complete,1,1,1,0,0,0,0
data/s2a_right_complete/burst003_f04_rgb.png,data/s2a_right_complete/burst003_f04_depth.npy,s2a_right_complete,1,1,1,0,0,0,0
data/s2a_right_complete/burst003_f05_rgb.png,data/s2a_right_complete/burst003_f05_depth.npy,s2a_right_complete,1,1,1,0,0,0,0
data/s2a_right_complete/burst003_f06_rgb.png,data/s2a_right_complete/burst003_f06_depth.npy,s2a_right_complete,1,1,1,0,0,0,0
data/s2a_right_complete/burst003_f07_rgb.png,data/s2a_right_complete/burst003_f07_depth.npy,s2a_right_complete,1,1,1,0,0,0,0
data/s2a_right_complete/burst003_f08_rgb.png,data/s2a_right_complete/burst003_f08_depth.npy,s2a_right_complete,1,1,1,0,0,0,0
data/s2a_right_complete/burst003_f09_rgb.png,data/s2a_right_complete/burst003_f09_depth.npy,s2a_right_complete,1,1,1,0,0,0,0
data/s2a_right_complete/burst004_f00_rgb.png,data/s2a_right_complete/burst004_f00_depth.npy,s2a_right_complete,1,1,1,0,0,0,0
data/s2a_right_complete/burst004_f01_rgb.png,data/s2a_right_complete/burst004_f01_depth.npy,s2a_right_complete,1,1,1,0,0,0,0
data/s2a_right_complete/burst004_f02_rgb.png,data/s2a_right_complete/burst004_f02_depth.npy,s2a_right_complete,1,1,1,0,0,0,0
data/s2a_right_complete/burst004_f03_rgb.png,data/s2a_right_complete/burst004_f03_depth.npy,s2a_right_complete,1,1,1,0,0,0,0
data/s2a_right_complete/burst004_f04_rgb.png,data/s2a_right_complete/burst004_f04_depth.npy,s2a_right_complete,1,1,1,0,0,0,0
data/s2a_right_complete/burst004_f05_rgb.png,data/s2a_right_complete/burst004_f05_depth.npy,s2a_right_complete,1,1,1,0,0,0,0
data/s2a_right_complete/burst004_f06_rgb.png,data/s2a_right_complete/burst004_f06_depth.npy,s2a_right_complete,1,1,1,0,0,0,0
data/s2a_right_complete/burst004_f07_rgb.png,data/s2a_right_complete/burst004_f07_depth.npy,s2a_right_complete,1,1,1,0,0,0,0
data/s2a_right_complete/burst004_f08_rgb.png,data/s2a_right_complete/burst004_f08_depth.npy,s2a_right_complete,1,1,1,0,0,0,0
data/s2a_right_complete/burst004_f09_rgb.png,data/s2a_right_complete/burst004_f09_depth.npy,s2a_right_complete,1,1,1,0,0,0,0
data/s2a_right_complete/burst005_f00_rgb.png,data/s2a_right_complete/burst005_f00_depth.npy,s2a_right_complete,1,1,1,0,0,0,0
data/s2a_right_complete/burst005_f01_rgb.png,data/s2a_right_complete/burst005_f01_depth.npy,s2a_right_complete,1,1,1,0,0,0,0
data/s2a_right_complete/burst005_f02_rgb.png,data/s2a_right_complete/burst005_f02_depth.npy,s2a_right_complete,1,1,1,0,0,0,0
data/s2a_right_complete/burst005_f03_rgb.png,data/s2a_right_complete/burst005_f03_depth.npy,s2a_right_complete,1,1,1,0,0,0,0
data/s2a_right_complete/burst005_f04_rgb.png,data/s2a_right_complete/burst005_f04_depth.npy,s2a_right_complete,1,1,1,0,0,0,0
data/s2a_right_complete/burst005_f05_rgb.png,data/s2a_right_complete/burst005_f05_depth.npy,s2a_right_complete,1,1,1,0,0,0,0
data/s2a_right_complete/burst005_f06_rgb.png,data/s2a_right_complete/burst005_f06_depth.npy,s2a_right_complete,1,1,1,0,0,0,0
data/s2a_right_complete/burst005_f07_rgb.png,data/s2a_right_complete/burst005_f07_depth.npy,s2a_right_complete,1,1,1,0,0,0,0
data/s2a_right_complete/burst005_f08_rgb.png,data/s2a_right_complete/burst005_f08_depth.npy,s2a_right_complete,1,1,1,0,0,0,0
data/s2a_right_complete/burst005_f09_rgb.png,data/s2a_right_complete/burst005_f09_depth.npy,s2a_right_complete,1,1,1,0,0,0,0
data/s2a_right_complete/burst006_f00_rgb.png,data/s2a_right_complete/burst006_f00_depth.npy,s2a_right_complete,1,1,1,0,0,0,0
data/s2a_right_complete/burst006_f01_rgb.png,data/s2a_right_complete/burst006_f01_depth.npy,s2a_right_complete,1,1,1,0,0,0,0
data/s2a_right_complete/burst006_f02_rgb.png,data/s2a_right_complete/burst006_f02_depth.npy,s2a_right_complete,1,1,1,0,0,0,0
data/s2a_right_complete/burst006_f03_rgb.png,data/s2a_right_complete/burst006_f03_depth.npy,s2a_right_complete,1,1,1,0,0,0,0
data/s2a_right_complete/burst006_f04_rgb.png,data/s2a_right_complete/burst006_f04_depth.npy,s2a_right_complete,1,1,1,0,0,0,0
data/s2a_right_complete/burst006_f05_rgb.png,data/s2a_right_complete/burst006_f05_depth.npy,s2a_right_complete,1,1,1,0,0,0,0
data/s2a_right_complete/burst006_f06_rgb.png,data/s2a_right_complete/burst006_f06_depth.npy,s2a_right_complete,1,1,1,0,0,0,0
data/s2a_right_complete/burst006_f07_rgb.png,data/s2a_right_complete/burst006_f07_depth.npy,s2a_right_complete,1,1,1,0,0,0,0
data/s2a_right_complete/burst006_f08_rgb.png,data/s2a_right_complete/burst006_f08_depth.npy,s2a_right_complete,1,1,1,0,0,0,0
data/s2a_right_complete/burst006_f09_rgb.png,data/s2a_right_complete/burst006_f09_depth.npy,s2a_right_complete,1,1,1,0,0,0,0
data/s2a_right_complete/burst007_f00_rgb.png,data/s2a_right_complete/burst007_f00_depth.npy,s2a_right_complete,1,1,1,0,0,0,0
data/s2a_right_complete/burst007_f01_rgb.png,data/s2a_right_complete/burst007_f01_depth.npy,s2a_right_complete,1,1,1,0,0,0,0
data/s2a_right_complete/burst007_f02_rgb.png,data/s2a_right_complete/burst007_f02_depth.npy,s2a_right_complete,1,1,1,0,0,0,0
data/s2a_right_complete/burst007_f03_rgb.png,data/s2a_right_complete/burst007_f03_depth.npy,s2a_right_complete,1,1,1,0,0,0,0
data/s2a_right_complete/burst007_f04_rgb.png,data/s2a_right_complete/burst007_f04_depth.npy,s2a_right_complete,1,1,1,0,0,0,0
data/s2a_right_complete/burst007_f05_rgb.png,data/s2a_right_complete/burst007_f05_depth.npy,s2a_right_complete,1,1,1,0,0,0,0
data/s2a_right_complete/burst007_f06_rgb.png,data/s2a_right_complete/burst007_f06_depth.npy,s2a_right_complete,1,1,1,0,0,0,0
data/s2a_right_complete/burst007_f07_rgb.png,data/s2a_right_complete/burst007_f07_depth.npy,s2a_right_complete,1,1,1,0,0,0,0
data/s2a_right_complete/burst007_f08_rgb.png,data/s2a_right_complete/burst007_f08_depth.npy,s2a_right_complete,1,1,1,0,0,0,0
data/s2a_right_complete/burst007_f09_rgb.png,data/s2a_right_complete/burst007_f09_depth.npy,s2a_right_complete,1,1,1,0,0,0,0
data/s2a_right_complete/burst008_f00_rgb.png,data/s2a_right_complete/burst008_f00_depth.npy,s2a_right_complete,1,1,1,0,0,0,0
data/s2a_right_complete/burst008_f01_rgb.png,data/s2a_right_complete/burst008_f01_depth.npy,s2a_right_complete,1,1,1,0,0,0,0
data/s2a_right_complete/burst008_f02_rgb.png,data/s2a_right_complete/burst008_f02_depth.npy,s2a_right_complete,1,1,1,0,0,0,0
data/s2a_right_complete/burst008_f03_rgb.png,data/s2a_right_complete/burst008_f03_depth.npy,s2a_right_complete,1,1,1,0,0,0,0
data/s2a_right_complete/burst008_f04_rgb.png,data/s2a_right_complete/burst008_f04_depth.npy,s2a_right_complete,1,1,1,0,0,0,0
data/s2a_right_complete/burst008_f05_rgb.png,data/s2a_right_complete/burst008_f05_depth.npy,s2a_right_complete,1,1,1,0,0,0,0
data/s2a_right_complete/burst008_f06_rgb.png,data/s2a_right_complete/burst008_f06_depth.npy,s2a_right_complete,1,1,1,0,0,0,0
data/s2a_right_complete/burst008_f07_rgb.png,data/s2a_right_complete/burst008_f07_depth.npy,s2a_right_complete,1,1,1,0,0,0,0
data/s2a_right_complete/burst008_f08_rgb.png,data/s2a_right_complete/burst008_f08_depth.npy,s2a_right_complete,1,1,1,0,0,0,0
data/s2a_right_complete/burst008_f09_rgb.png,data/s2a_right_complete/burst008_f09_depth.npy,s2a_right_complete,1,1,1,0,0,0,0
data/s2a_right_complete/burst009_f00_rgb.png,data/s2a_right_complete/burst009_f00_depth.npy,s2a_right_complete,1,1,1,0,0,0,0
data/s2a_right_complete/burst009_f01_rgb.png,data/s2a_right_complete/burst009_f01_depth.npy,s2a_right_complete,1,1,1,0,0,0,0
data/s2a_right_complete/burst009_f02_rgb.png,data/s2a_right_complete/burst009_f02_depth.npy,s2a_right_complete,1,1,1,0,0,0,0
data/s2a_right_complete/burst009_f03_rgb.png,data/s2a_right_complete/burst009_f03_depth.npy,s2a_right_complete,1,1,1,0,0,0,0
data/s2a_right_complete/burst009_f04_rgb.png,data/s2a_right_complete/burst009_f04_depth.npy,s2a_right_complete,1,1,1,0,0,0,0
data/s2a_right_complete/burst009_f05_rgb.png,data/s2a_right_complete/burst009_f05_depth.npy,s2a_right_complete,1,1,1,0,0,0,0
data/s2a_right_complete/burst009_f06_rgb.png,data/s2a_right_complete/burst009_f06_depth.npy,s2a_right_complete,1,1,1,0,0,0,0
data/s2a_right_complete/burst009_f07_rgb.png,data/s2a_right_complete/burst009_f07_depth.npy,s2a_right_complete,1,1,1,0,0,0,0
data/s2a_right_complete/burst009_f08_rgb.png,data/s2a_right_complete/burst009_f08_depth.npy,s2a_right_complete,1,1,1,0,0,0,0
data/s2a_right_complete/burst009_f09_rgb.png,data/s2a_right_complete/burst009_f09_depth.npy,s2a_right_complete,1,1,1,0,0,0,0
data/s2a_right_complete/burst010_f00_rgb.png,data/s2a_right_complete/burst010_f00_depth.npy,s2a_right_complete,1,1,1,0,0,0,0
data/s2a_right_complete/burst010_f01_rgb.png,data/s2a_right_complete/burst010_f01_depth.npy,s2a_right_complete,1,1,1,0,0,0,0
data/s2a_right_complete/burst010_f02_rgb.png,data/s2a_right_complete/burst010_f02_depth.npy,s2a_right_complete,1,1,1,0,0,0,0
data/s2a_right_complete/burst010_f03_rgb.png,data/s2a_right_complete/burst010_f03_depth.npy,s2a_right_complete,1,1,1,0,0,0,0
data/s2a_right_complete/burst010_f04_rgb.png,data/s2a_right_complete/burst010_f04_depth.npy,s2a_right_complete,1,1,1,0,0,0,0
data/s2a_right_complete/burst010_f05_rgb.png,data/s2a_right_complete/burst010_f05_depth.npy,s2a_right_complete,1,1,1,0,0,0,0
data/s2a_right_complete/burst010_f06_rgb.png,data/s2a_right_complete/burst010_f06_depth.npy,s2a_right_complete,1,1,1,0,0,0,0
data/s2a_right_complete/burst010_f07_rgb.png,data/s2a_right_complete/burst010_f07_depth.npy,s2a_right_complete,1,1,1,0,0,0,0
data/s2a_right_complete/burst010_f08_rgb.png,data/s2a_right_complete/burst010_f08_depth.npy,s2a_right_complete,1,1,1,0,0,0,0
data/s2a_right_complete/burst010_f09_rgb.png,data/s2a_right_complete/burst010_f09_depth.npy,s2a_right_complete,1,1,1,0,0,0,0
data/s2a_right_complete/burst011_f00_rgb.png,data/s2a_right_complete/burst011_f00_depth.npy,s2a_right_complete,1,1,1,0,0,0,0
data/s2a_right_complete/burst011_f01_rgb.png,data/s2a_right_complete/burst011_f01_depth.npy,s2a_right_complete,1,1,1,0,0,0,0
data/s2a_right_complete/burst011_f02_rgb.png,data/s2a_right_complete/burst011_f02_depth.npy,s2a_right_complete,1,1,1,0,0,0,0
data/s2a_right_complete/burst011_f03_rgb.png,data/s2a_right_complete/burst011_f03_depth.npy,s2a_right_complete,1,1,1,0,0,0,0
data/s2a_right_complete/burst011_f04_rgb.png,data/s2a_right_complete/burst011_f04_depth.npy,s2a_right_complete,1,1,1,0,0,0,0
data/s2a_right_complete/burst011_f05_rgb.png,data/s2a_right_complete/burst011_f05_depth.npy,s2a_right_complete,1,1,1,0,0,0,0
data/s2a_right_complete/burst011_f06_rgb.png,data/s2a_right_complete/burst011_f06_depth.npy,s2a_right_complete,1,1,1,0,0,0,0
data/s2a_right_complete/burst011_f07_rgb.png,data/s2a_right_complete/burst011_f07_depth.npy,s2a_right_complete,1,1,1,0,0,0,0
data/s2a_right_complete/burst011_f08_rgb.png,data/s2a_right_complete/burst011_f08_depth.npy,s2a_right_complete,1,1,1,0,0,0,0
data/s2a_right_complete/burst011_f09_rgb.png,data/s2a_right_complete/burst011_f09_depth.npy,s2a_right_complete,1,1,1,0,0,0,0
data/s2a_right_complete/burst012_f00_rgb.png,data/s2a_right_complete/burst012_f00_depth.npy,s2a_right_complete,1,1,1,0,0,0,0
data/s2a_right_complete/burst012_f01_rgb.png,data/s2a_right_complete/burst012_f01_depth.npy,s2a_right_complete,1,1,1,0,0,0,0
data/s2a_right_complete/burst012_f02_rgb.png,data/s2a_right_complete/burst012_f02_depth.npy,s2a_right_complete,1,1,1,0,0,0,0
data/s2a_right_complete/burst012_f03_rgb.png,data/s2a_right_complete/burst012_f03_depth.npy,s2a_right_complete,1,1,1,0,0,0,0
data/s2a_right_complete/burst012_f04_rgb.png,data/s2a_right_complete/burst012_f04_depth.npy,s2a_right_complete,1,1,1,0,0,0,0
data/s2a_right_complete/burst012_f05_rgb.png,data/s2a_right_complete/burst012_f05_depth.npy,s2a_right_complete,1,1,1,0,0,0,0
data/s2a_right_complete/burst012_f06_rgb.png,data/s2a_right_complete/burst012_f06_depth.npy,s2a_right_complete,1,1,1,0,0,0,0
data/s2a_right_complete/burst012_f07_rgb.png,data/s2a_right_complete/burst012_f07_depth.npy,s2a_right_complete,1,1,1,0,0,0,0
data/s2a_right_complete/burst012_f08_rgb.png,data/s2a_right_complete/burst012_f08_depth.npy,s2a_right_complete,1,1,1,0,0,0,0
data/s2a_right_complete/burst012_f09_rgb.png,data/s2a_right_complete/burst012_f09_depth.npy,s2a_right_complete,1,1,1,0,0,0,0
data/s2a_right_complete/burst013_f00_rgb.png,data/s2a_right_complete/burst013_f00_depth.npy,s2a_right_complete,1,1,1,0,0,0,0
data/s2a_right_complete/burst013_f01_rgb.png,data/s2a_right_complete/burst013_f01_depth.npy,s2a_right_complete,1,1,1,0,0,0,0
data/s2a_right_complete/burst013_f02_rgb.png,data/s2a_right_complete/burst013_f02_depth.npy,s2a_right_complete,1,1,1,0,0,0,0
data/s2a_right_complete/burst013_f03_rgb.png,data/s2a_right_complete/burst013_f03_depth.npy,s2a_right_complete,1,1,1,0,0,0,0
data/s2a_right_complete/burst013_f04_rgb.png,data/s2a_right_complete/burst013_f04_depth.npy,s2a_right_complete,1,1,1,0,0,0,0
data/s2a_right_complete/burst013_f05_rgb.png,data/s2a_right_complete/burst013_f05_depth.npy,s2a_right_complete,1,1,1,0,0,0,0
data/s2a_right_complete/burst013_f06_rgb.png,data/s2a_right_complete/burst013_f06_depth.npy,s2a_right_complete,1,1,1,0,0,0,0
data/s2a_right_complete/burst013_f07_rgb.png,data/s2a_right_complete/burst013_f07_depth.npy,s2a_right_complete,1,1,1,0,0,0,0
data/s2a_right_complete/burst013_f08_rgb.png,data/s2a_right_complete/burst013_f08_depth.npy,s2a_right_complete,1,1,1,0,0,0,0
data/s2a_right_complete/burst013_f09_rgb.png,data/s2a_right_complete/burst013_f09_depth.npy,s2a_right_complete,1,1,1,0,0,0,0
data/s2a_right_complete/burst014_f00_rgb.png,data/s2a_right_complete/burst014_f00_depth.npy,s2a_right_complete,1,1,1,0,0,0,0
data/s2a_right_complete/burst014_f01_rgb.png,data/s2a_right_complete/burst014_f01_depth.npy,s2a_right_complete,1,1,1,0,0,0,0
data/s2a_right_complete/burst014_f02_rgb.png,data/s2a_right_complete/burst014_f02_depth.npy,s2a_right_complete,1,1,1,0,0,0,0
data/s2a_right_complete/burst014_f03_rgb.png,data/s2a_right_complete/burst014_f03_depth.npy,s2a_right_complete,1,1,1,0,0,0,0
data/s2a_right_complete/burst014_f04_rgb.png,data/s2a_right_complete/burst014_f04_depth.npy,s2a_right_complete,1,1,1,0,0,0,0
data/s2a_right_complete/burst014_f05_rgb.png,data/s2a_right_complete/burst014_f05_depth.npy,s2a_right_complete,1,1,1,0,0,0,0
data/s2a_right_complete/burst014_f06_rgb.png,data/s2a_right_complete/burst014_f06_depth.npy,s2a_right_complete,1,1,1,0,0,0,0
data/s2a_right_complete/burst014_f07_rgb.png,data/s2a_right_complete/burst014_f07_depth.npy,s2a_right_complete,1,1,1,0,0,0,0
data/s2a_right_complete/burst014_f08_rgb.png,data/s2a_right_complete/burst014_f08_depth.npy,s2a_right_complete,1,1,1,0,0,0,0
data/s2a_right_complete/burst014_f09_rgb.png,data/s2a_right_complete/burst014_f09_depth.npy,s2a_right_complete,1,1,1,0,0,0,0
data/s2a_right_complete/burst015_f00_rgb.png,data/s2a_right_complete/burst015_f00_depth.npy,s2a_right_complete,1,1,1,0,0,0,0
data/s2a_right_complete/burst015_f01_rgb.png,data/s2a_right_complete/burst015_f01_depth.npy,s2a_right_complete,1,1,1,0,0,0,0
data/s2a_right_complete/burst015_f02_rgb.png,data/s2a_right_complete/burst015_f02_depth.npy,s2a_right_complete,1,1,1,0,0,0,0
data/s2a_right_complete/burst015_f03_rgb.png,data/s2a_right_complete/burst015_f03_depth.npy,s2a_right_complete,1,1,1,0,0,0,0
data/s2a_right_complete/burst015_f04_rgb.png,data/s2a_right_complete/burst015_f04_depth.npy,s2a_right_complete,1,1,1,0,0,0,0
data/s2a_right_complete/burst015_f05_rgb.png,data/s2a_right_complete/burst015_f05_depth.npy,s2a_right_complete,1,1,1,0,0,0,0
data/s2a_right_complete/burst015_f06_rgb.png,data/s2a_right_complete/burst015_f06_depth.npy,s2a_right_complete,1,1,1,0,0,0,0
data/s2a_right_complete/burst015_f07_rgb.png,data/s2a_right_complete/burst015_f07_depth.npy,s2a_right_complete,1,1,1,0,0,0,0
data/s2a_right_complete/burst015_f08_rgb.png,data/s2a_right_complete/burst015_f08_depth.npy,s2a_right_complete,1,1,1,0,0,0,0
data/s2a_right_complete/burst015_f09_rgb.png,data/s2a_right_complete/burst015_f09_depth.npy,s2a_right_complete,1,1,1,0,0,0,0
data/s2a_right_complete/burst016_f00_rgb.png,data/s2a_right_complete/burst016_f00_depth.npy,s2a_right_complete,1,1,1,0,0,0,0
data/s2a_right_complete/burst016_f01_rgb.png,data/s2a_right_complete/burst016_f01_depth.npy,s2a_right_complete,1,1,1,0,0,0,0
data/s2a_right_complete/burst016_f02_rgb.png,data/s2a_right_complete/burst016_f02_depth.npy,s2a_right_complete,1,1,1,0,0,0,0
data/s2a_right_complete/burst016_f03_rgb.png,data/s2a_right_complete/burst016_f03_depth.npy,s2a_right_complete,1,1,1,0,0,0,0
data/s2a_right_complete/burst016_f04_rgb.png,data/s2a_right_complete/burst016_f04_depth.npy,s2a_right_complete,1,1,1,0,0,0,0
data/s2a_right_complete/burst016_f05_rgb.png,data/s2a_right_complete/burst016_f05_depth.npy,s2a_right_complete,1,1,1,0,0,0,0
data/s2a_right_complete/burst016_f06_rgb.png,data/s2a_right_complete/burst016_f06_depth.npy,s2a_right_complete,1,1,1,0,0,0,0
data/s2a_right_complete/burst016_f07_rgb.png,data/s2a_right_complete/burst016_f07_depth.npy,s2a_right_complete,1,1,1,0,0,0,0
data/s2a_right_complete/burst016_f08_rgb.png,data/s2a_right_complete/burst016_f08_depth.npy,s2a_right_complete,1,1,1,0,0,0,0
data/s2a_right_complete/burst016_f09_rgb.png,data/s2a_right_complete/burst016_f09_depth.npy,s2a_right_complete,1,1,1,0,0,0,0
data/s2a_right_complete/burst017_f00_rgb.png,data/s2a_right_complete/burst017_f00_depth.npy,s2a_right_complete,1,1,1,0,0,0,0
data/s2a_right_complete/burst017_f01_rgb.png,data/s2a_right_complete/burst017_f01_depth.npy,s2a_right_complete,1,1,1,0,0,0,0
data/s2a_right_complete/burst017_f02_rgb.png,data/s2a_right_complete/burst017_f02_depth.npy,s2a_right_complete,1,1,1,0,0,0,0
data/s2a_right_complete/burst017_f03_rgb.png,data/s2a_right_complete/burst017_f03_depth.npy,s2a_right_complete,1,1,1,0,0,0,0
data/s2a_right_complete/burst017_f04_rgb.png,data/s2a_right_complete/burst017_f04_depth.npy,s2a_right_complete,1,1,1,0,0,0,0
data/s2a_right_complete/burst017_f05_rgb.png,data/s2a_right_complete/burst017_f05_depth.npy,s2a_right_complete,1,1,1,0,0,0,0
data/s2a_right_complete/burst017_f06_rgb.png,data/s2a_right_complete/burst017_f06_depth.npy,s2a_right_complete,1,1,1,0,0,0,0
data/s2a_right_complete/burst017_f07_rgb.png,data/s2a_right_complete/burst017_f07_depth.npy,s2a_right_complete,1,1,1,0,0,0,0
data/s2a_right_complete/burst017_f08_rgb.png,data/s2a_right_complete/burst017_f08_depth.npy,s2a_right_complete,1,1,1,0,0,0,0
data/s2a_right_complete/burst017_f09_rgb.png,data/s2a_right_complete/burst017_f09_depth.npy,s2a_right_complete,1,1,1,0,0,0,0
data/s2a_right_complete/burst018_f00_rgb.png,data/s2a_right_complete/burst018_f00_depth.npy,s2a_right_complete,1,1,1,0,0,0,0
data/s2a_right_complete/burst018_f01_rgb.png,data/s2a_right_complete/burst018_f01_depth.npy,s2a_right_complete,1,1,1,0,0,0,0
data/s2a_right_complete/burst018_f02_rgb.png,data/s2a_right_complete/burst018_f02_depth.npy,s2a_right_complete,1,1,1,0,0,0,0
data/s2a_right_complete/burst018_f03_rgb.png,data/s2a_right_complete/burst018_f03_depth.npy,s2a_right_complete,1,1,1,0,0,0,0
data/s2a_right_complete/burst018_f04_rgb.png,data/s2a_right_complete/burst018_f04_depth.npy,s2a_right_complete,1,1,1,0,0,0,0
data/s2a_right_complete/burst018_f05_rgb.png,data/s2a_right_complete/burst018_f05_depth.npy,s2a_right_complete,1,1,1,0,0,0,0
data/s2a_right_complete/burst018_f06_rgb.png,data/s2a_right_complete/burst018_f06_depth.npy,s2a_right_complete,1,1,1,0,0,0,0
data/s2a_right_complete/burst018_f07_rgb.png,data/s2a_right_complete/burst018_f07_depth.npy,s2a_right_complete,1,1,1,0,0,0,0
data/s2a_right_complete/burst018_f08_rgb.png,data/s2a_right_complete/burst018_f08_depth.npy,s2a_right_complete,1,1,1,0,0,0,0
data/s2a_right_complete/burst018_f09_rgb.png,data/s2a_right_complete/burst018_f09_depth.npy,s2a_right_complete,1,1,1,0,0,0,0
data/s2a_right_complete/burst019_f00_rgb.png,data/s2a_right_complete/burst019_f00_depth.npy,s2a_right_complete,1,1,1,0,0,0,0
data/s2a_right_complete/burst019_f01_rgb.png,data/s2a_right_complete/burst019_f01_depth.npy,s2a_right_complete,1,1,1,0,0,0,0
data/s2a_right_complete/burst019_f02_rgb.png,data/s2a_right_complete/burst019_f02_depth.npy,s2a_right_complete,1,1,1,0,0,0,0
data/s2a_right_complete/burst019_f03_rgb.png,data/s2a_right_complete/burst019_f03_depth.npy,s2a_right_complete,1,1,1,0,0,0,0
data/s2a_right_complete/burst019_f04_rgb.png,data/s2a_right_complete/burst019_f04_depth.npy,s2a_right_complete,1,1,1,0,0,0,0
data/s2a_right_complete/burst019_f05_rgb.png,data/s2a_right_complete/burst019_f05_depth.npy,s2a_right_complete,1,1,1,0,0,0,0
data/s2a_right_complete/burst019_f06_rgb.png,data/s2a_right_complete/burst019_f06_depth.npy,s2a_right_complete,1,1,1,0,0,0,0
data/s2a_right_complete/burst019_f07_rgb.png,data/s2a_right_complete/burst019_f07_depth.npy,s2a_right_complete,1,1,1,0,0,0,0
data/s2a_right_complete/burst019_f08_rgb.png,data/s2a_right_complete/burst019_f08_depth.npy,s2a_right_complete,1,1,1,0,0,0,0
data/s2a_right_complete/burst019_f09_rgb.png,data/s2a_right_complete/burst019_f09_depth.npy,s2a_right_complete,1,1,1,0,0,0,0
data/s2a_right_complete/burst020_f00_rgb.png,data/s2a_right_complete/burst020_f00_depth.npy,s2a_right_complete,1,1,1,0,0,0,0
data/s2a_right_complete/burst020_f01_rgb.png,data/s2a_right_complete/burst020_f01_depth.npy,s2a_right_complete,1,1,1,0,0,0,0
data/s2a_right_complete/burst020_f02_rgb.png,data/s2a_right_complete/burst020_f02_depth.npy,s2a_right_complete,1,1,1,0,0,0,0
data/s2a_right_complete/burst020_f03_rgb.png,data/s2a_right_complete/burst020_f03_depth.npy,s2a_right_complete,1,1,1,0,0,0,0
data/s2a_right_complete/burst020_f04_rgb.png,data/s2a_right_complete/burst020_f04_depth.npy,s2a_right_complete,1,1,1,0,0,0,0
data/s2a_right_complete/burst020_f05_rgb.png,data/s2a_right_complete/burst020_f05_depth.npy,s2a_right_complete,1,1,1,0,0,0,0
data/s2a_right_complete/burst020_f06_rgb.png,data/s2a_right_complete/burst020_f06_depth.npy,s2a_right_complete,1,1,1,0,0,0,0
data/s2a_right_complete/burst020_f07_rgb.png,data/s2a_right_complete/burst020_f07_depth.npy,s2a_right_complete,1,1,1,0,0,0,0
data/s2a_right_complete/burst020_f08_rgb.png,data/s2a_right_complete/burst020_f08_depth.npy,s2a_right_complete,1,1,1,0,0,0,0
data/s2a_right_complete/burst020_f09_rgb.png,data/s2a_right_complete/burst020_f09_depth.npy,s2a_right_complete,1,1,1,0,0,0,0
data/s2a_right_complete/burst021_f00_rgb.png,data/s2a_right_complete/burst021_f00_depth.npy,s2a_right_complete,1,1,1,0,0,0,0
data/s2a_right_complete/burst021_f01_rgb.png,data/s2a_right_complete/burst021_f01_depth.npy,s2a_right_complete,1,1,1,0,0,0,0
data/s2a_right_complete/burst021_f02_rgb.png,data/s2a_right_complete/burst021_f02_depth.npy,s2a_right_complete,1,1,1,0,0,0,0
data/s2a_right_complete/burst021_f03_rgb.png,data/s2a_right_complete/burst021_f03_depth.npy,s2a_right_complete,1,1,1,0,0,0,0
data/s2a_right_complete/burst021_f04_rgb.png,data/s2a_right_complete/burst021_f04_depth.npy,s2a_right_complete,1,1,1,0,0,0,0
data/s2a_right_complete/burst021_f05_rgb.png,data/s2a_right_complete/burst021_f05_depth.npy,s2a_right_complete,1,1,1,0,0,0,0
data/s2a_right_complete/burst021_f06_rgb.png,data/s2a_right_complete/burst021_f06_depth.npy,s2a_right_complete,1,1,1,0,0,0,0
data/s2a_right_complete/burst021_f07_rgb.png,data/s2a_right_complete/burst021_f07_depth.npy,s2a_right_complete,1,1,1,0,0,0,0
data/s2a_right_complete/burst021_f08_rgb.png,data/s2a_right_complete/burst021_f08_depth.npy,s2a_right_complete,1,1,1,0,0,0,0
data/s2a_right_complete/burst021_f09_rgb.png,data/s2a_right_complete/burst021_f09_depth.npy,s2a_right_complete,1,1,1,0,0,0,0
data/s2a_right_complete/burst022_f00_rgb.png,data/s2a_right_complete/burst022_f00_depth.npy,s2a_right_complete,1,1,1,0,0,0,0
data/s2a_right_complete/burst022_f01_rgb.png,data/s2a_right_complete/burst022_f01_depth.npy,s2a_right_complete,1,1,1,0,0,0,0
data/s2a_right_complete/burst022_f02_rgb.png,data/s2a_right_complete/burst022_f02_depth.npy,s2a_right_complete,1,1,1,0,0,0,0
data/s2a_right_complete/burst022_f03_rgb.png,data/s2a_right_complete/burst022_f03_depth.npy,s2a_right_complete,1,1,1,0,0,0,0
data/s2a_right_complete/burst022_f04_rgb.png,data/s2a_right_complete/burst022_f04_depth.npy,s2a_right_complete,1,1,1,0,0,0,0
data/s2a_right_complete/burst022_f05_rgb.png,data/s2a_right_complete/burst022_f05_depth.npy,s2a_right_complete,1,1,1,0,0,0,0
data/s2a_right_complete/burst022_f06_rgb.png,data/s2a_right_complete/burst022_f06_depth.npy,s2a_right_complete,1,1,1,0,0,0,0
data/s2a_right_complete/burst022_f07_rgb.png,data/s2a_right_complete/burst022_f07_depth.npy,s2a_right_complete,1,1,1,0,0,0,0
data/s2a_right_complete/burst022_f08_rgb.png,data/s2a_right_complete/burst022_f08_depth.npy,s2a_right_complete,1,1,1,0,0,0,0
data/s2a_right_complete/burst022_f09_rgb.png,data/s2a_right_complete/burst022_f09_depth.npy,s2a_right_complete,1,1,1,0,0,0,0
data/s2a_right_complete/burst023_f00_rgb.png,data/s2a_right_complete/burst023_f00_depth.npy,s2a_right_complete,1,1,1,0,0,0,0
data/s2a_right_complete/burst023_f01_rgb.png,data/s2a_right_complete/burst023_f01_depth.npy,s2a_right_complete,1,1,1,0,0,0,0
data/s2a_right_complete/burst023_f02_rgb.png,data/s2a_right_complete/burst023_f02_depth.npy,s2a_right_complete,1,1,1,0,0,0,0
data/s2a_right_complete/burst023_f03_rgb.png,data/s2a_right_complete/burst023_f03_depth.npy,s2a_right_complete,1,1,1,0,0,0,0
data/s2a_right_complete/burst023_f04_rgb.png,data/s2a_right_complete/burst023_f04_depth.npy,s2a_right_complete,1,1,1,0,0,0,0
data/s2a_right_complete/burst023_f05_rgb.png,data/s2a_right_complete/burst023_f05_depth.npy,s2a_right_complete,1,1,1,0,0,0,0
data/s2a_right_complete/burst023_f06_rgb.png,data/s2a_right_complete/burst023_f06_depth.npy,s2a_right_complete,1,1,1,0,0,0,0
data/s2a_right_complete/burst023_f07_rgb.png,data/s2a_right_complete/burst023_f07_depth.npy,s2a_right_complete,1,1,1,0,0,0,0
data/s2a_right_complete/burst023_f08_rgb.png,data/s2a_right_complete/burst023_f08_depth.npy,s2a_right_complete,1,1,1,0,0,0,0
data/s2a_right_complete/burst023_f09_rgb.png,data/s2a_right_complete/burst023_f09_depth.npy,s2a_right_complete,1,1,1,0,0,0,0
data/s2a_right_complete/burst024_f00_rgb.png,data/s2a_right_complete/burst024_f00_depth.npy,s2a_right_complete,1,1,1,0,0,0,0
data/s2a_right_complete/burst024_f01_rgb.png,data/s2a_right_complete/burst024_f01_depth.npy,s2a_right_complete,1,1,1,0,0,0,0
data/s2a_right_complete/burst024_f02_rgb.png,data/s2a_right_complete/burst024_f02_depth.npy,s2a_right_complete,1,1,1,0,0,0,0
data/s2a_right_complete/burst024_f03_rgb.png,data/s2a_right_complete/burst024_f03_depth.npy,s2a_right_complete,1,1,1,0,0,0,0
data/s2a_right_complete/burst024_f04_rgb.png,data/s2a_right_complete/burst024_f04_depth.npy,s2a_right_complete,1,1,1,0,0,0,0
data/s2a_right_complete/burst024_f05_rgb.png,data/s2a_right_complete/burst024_f05_depth.npy,s2a_right_complete,1,1,1,0,0,0,0
data/s2a_right_complete/burst024_f06_rgb.png,data/s2a_right_complete/burst024_f06_depth.npy,s2a_right_complete,1,1,1,0,0,0,0
data/s2a_right_complete/burst024_f07_rgb.png,data/s2a_right_complete/burst024_f07_depth.npy,s2a_right_complete,1,1,1,0,0,0,0
data/s2a_right_complete/burst024_f08_rgb.png,data/s2a_right_complete/burst024_f08_depth.npy,s2a_right_complete,1,1,1,0,0,0,0
data/s2a_right_complete/burst024_f09_rgb.png,data/s2a_right_complete/burst024_f09_depth.npy,s2a_right_complete,1,1,1,0,0,0,0
data/s2a_right_complete/burst025_f00_rgb.png,data/s2a_right_complete/burst025_f00_depth.npy,s2a_right_complete,1,1,1,0,0,0,0
data/s2a_right_complete/burst025_f01_rgb.png,data/s2a_right_complete/burst025_f01_depth.npy,s2a_right_complete,1,1,1,0,0,0,0
data/s2a_right_complete/burst025_f02_rgb.png,data/s2a_right_complete/burst025_f02_depth.npy,s2a_right_complete,1,1,1,0,0,0,0
data/s2a_right_complete/burst025_f03_rgb.png,data/s2a_right_complete/burst025_f03_depth.npy,s2a_right_complete,1,1,1,0,0,0,0
data/s2a_right_complete/burst025_f04_rgb.png,data/s2a_right_complete/burst025_f04_depth.npy,s2a_right_complete,1,1,1,0,0,0,0
data/s2a_right_complete/burst025_f05_rgb.png,data/s2a_right_complete/burst025_f05_depth.npy,s2a_right_complete,1,1,1,0,0,0,0
data/s2a_right_complete/burst025_f06_rgb.png,data/s2a_right_complete/burst025_f06_depth.npy,s2a_right_complete,1,1,1,0,0,0,0
data/s2a_right_complete/burst025_f07_rgb.png,data/s2a_right_complete/burst025_f07_depth.npy,s2a_right_complete,1,1,1,0,0,0,0
data/s2a_right_complete/burst025_f08_rgb.png,data/s2a_right_complete/burst025_f08_depth.npy,s2a_right_complete,1,1,1,0,0,0,0
data/s2a_right_complete/burst025_f09_rgb.png,data/s2a_right_complete/burst025_f09_depth.npy,s2a_right_complete,1,1,1,0,0,0,0
data/s2a_right_complete/burst026_f00_rgb.png,data/s2a_right_complete/burst026_f00_depth.npy,s2a_right_complete,1,1,1,0,0,0,0
data/s2a_right_complete/burst026_f01_rgb.png,data/s2a_right_complete/burst026_f01_depth.npy,s2a_right_complete,1,1,1,0,0,0,0
data/s2a_right_complete/burst026_f02_rgb.png,data/s2a_right_complete/burst026_f02_depth.npy,s2a_right_complete,1,1,1,0,0,0,0
data/s2a_right_complete/burst026_f03_rgb.png,data/s2a_right_complete/burst026_f03_depth.npy,s2a_right_complete,1,1,1,0,0,0,0
data/s2a_right_complete/burst026_f04_rgb.png,data/s2a_right_complete/burst026_f04_depth.npy,s2a_right_complete,1,1,1,0,0,0,0
data/s2a_right_complete/burst026_f05_rgb.png,data/s2a_right_complete/burst026_f05_depth.npy,s2a_right_complete,1,1,1,0,0,0,0
data/s2a_right_complete/burst026_f06_rgb.png,data/s2a_right_complete/burst026_f06_depth.npy,s2a_right_complete,1,1,1,0,0,0,0
data/s2a_right_complete/burst026_f07_rgb.png,data/s2a_right_complete/burst026_f07_depth.npy,s2a_right_complete,1,1,1,0,0,0,0
data/s2a_right_complete/burst026_f08_rgb.png,data/s2a_right_complete/burst026_f08_depth.npy,s2a_right_complete,1,1,1,0,0,0,0
data/s2a_right_complete/burst026_f09_rgb.png,data/s2a_right_complete/burst026_f09_depth.npy,s2a_right_complete,1,1,1,0,0,0,0
data/s2a_right_complete/burst027_f00_rgb.png,data/s2a_right_complete/burst027_f00_depth.npy,s2a_right_complete,1,1,1,0,0,0,0
data/s2a_right_complete/burst027_f01_rgb.png,data/s2a_right_complete/burst027_f01_depth.npy,s2a_right_complete,1,1,1,0,0,0,0
data/s2a_right_complete/burst027_f02_rgb.png,data/s2a_right_complete/burst027_f02_depth.npy,s2a_right_complete,1,1,1,0,0,0,0
data/s2a_right_complete/burst027_f03_rgb.png,data/s2a_right_complete/burst027_f03_depth.npy,s2a_right_complete,1,1,1,0,0,0,0
data/s2a_right_complete/burst027_f04_rgb.png,data/s2a_right_complete/burst027_f04_depth.npy,s2a_right_complete,1,1,1,0,0,0,0
data/s2a_right_complete/burst027_f05_rgb.png,data/s2a_right_complete/burst027_f05_depth.npy,s2a_right_complete,1,1,1,0,0,0,0
data/s2a_right_complete/burst027_f06_rgb.png,data/s2a_right_complete/burst027_f06_depth.npy,s2a_right_complete,1,1,1,0,0,0,0
data/s2a_right_complete/burst027_f07_rgb.png,data/s2a_right_complete/burst027_f07_depth.npy,s2a_right_complete,1,1,1,0,0,0,0
data/s2a_right_complete/burst027_f08_rgb.png,data/s2a_right_complete/burst027_f08_depth.npy,s2a_right_complete,1,1,1,0,0,0,0
data/s2a_right_complete/burst027_f09_rgb.png,data/s2a_right_complete/burst027_f09_depth.npy,s2a_right_complete,1,1,1,0,0,0,0
data/s2a_right_complete/burst028_f00_rgb.png,data/s2a_right_complete/burst028_f00_depth.npy,s2a_right_complete,1,1,1,0,0,0,0
data/s2a_right_complete/burst028_f01_rgb.png,data/s2a_right_complete/burst028_f01_depth.npy,s2a_right_complete,1,1,1,0,0,0,0
data/s2a_right_complete/burst028_f02_rgb.png,data/s2a_right_complete/burst028_f02_depth.npy,s2a_right_complete,1,1,1,0,0,0,0
data/s2a_right_complete/burst028_f03_rgb.png,data/s2a_right_complete/burst028_f03_depth.npy,s2a_right_complete,1,1,1,0,0,0,0
data/s2a_right_complete/burst028_f04_rgb.png,data/s2a_right_complete/burst028_f04_depth.npy,s2a_right_complete,1,1,1,0,0,0,0
data/s2a_right_complete/burst028_f05_rgb.png,data/s2a_right_complete/burst028_f05_depth.npy,s2a_right_complete,1,1,1,0,0,0,0
data/s2a_right_complete/burst028_f06_rgb.png,data/s2a_right_complete/burst028_f06_depth.npy,s2a_right_complete,1,1,1,0,0,0,0
data/s2a_right_complete/burst028_f07_rgb.png,data/s2a_right_complete/burst028_f07_depth.npy,s2a_right_complete,1,1,1,0,0,0,0
data/s2a_right_complete/burst028_f08_rgb.png,data/s2a_right_complete/burst028_f08_depth.npy,s2a_right_complete,1,1,1,0,0,0,0
data/s2a_right_complete/burst028_f09_rgb.png,data/s2a_right_complete/burst028_f09_depth.npy,s2a_right_complete,1,1,1,0,0,0,0
data/s2a_right_complete/burst029_f00_rgb.png,data/s2a_right_complete/burst029_f00_depth.npy,s2a_right_complete,1,1,1,0,0,0,0
data/s2a_right_complete/burst029_f01_rgb.png,data/s2a_right_complete/burst029_f01_depth.npy,s2a_right_complete,1,1,1,0,0,0,0
data/s2a_right_complete/burst029_f02_rgb.png,data/s2a_right_complete/burst029_f02_depth.npy,s2a_right_complete,1,1,1,0,0,0,0
data/s2a_right_complete/burst029_f03_rgb.png,data/s2a_right_complete/burst029_f03_depth.npy,s2a_right_complete,1,1,1,0,0,0,0
data/s2a_right_complete/burst029_f04_rgb.png,data/s2a_right_complete/burst029_f04_depth.npy,s2a_right_complete,1,1,1,0,0,0,0
data/s2a_right_complete/burst029_f05_rgb.png,data/s2a_right_complete/burst029_f05_depth.npy,s2a_right_complete,1,1,1,0,0,0,0
data/s2a_right_complete/burst029_f06_rgb.png,data/s2a_right_complete/burst029_f06_depth.npy,s2a_right_complete,1,1,1,0,0,0,0
data/s2a_right_complete/burst029_f07_rgb.png,data/s2a_right_complete/burst029_f07_depth.npy,s2a_right_complete,1,1,1,0,0,0,0
data/s2a_right_complete/burst029_f08_rgb.png,data/s2a_right_complete/burst029_f08_depth.npy,s2a_right_complete,1,1,1,0,0,0,0
data/s2a_right_complete/burst029_f09_rgb.png,data/s2a_right_complete/burst029_f09_depth.npy,s2a_right_complete,1,1,1,0,0,0,0
data/s2a_right_complete/burst030_f00_rgb.png,data/s2a_right_complete/burst030_f00_depth.npy,s2a_right_complete,1,1,1,0,0,0,0
data/s2a_right_complete/burst030_f01_rgb.png,data/s2a_right_complete/burst030_f01_depth.npy,s2a_right_complete,1,1,1,0,0,0,0
data/s2a_right_complete/burst030_f02_rgb.png,data/s2a_right_complete/burst030_f02_depth.npy,s2a_right_complete,1,1,1,0,0,0,0
data/s2a_right_complete/burst030_f03_rgb.png,data/s2a_right_complete/burst030_f03_depth.npy,s2a_right_complete,1,1,1,0,0,0,0
data/s2a_right_complete/burst030_f04_rgb.png,data/s2a_right_complete/burst030_f04_depth.npy,s2a_right_complete,1,1,1,0,0,0,0
data/s2a_right_complete/burst030_f05_rgb.png,data/s2a_right_complete/burst030_f05_depth.npy,s2a_right_complete,1,1,1,0,0,0,0
data/s2a_right_complete/burst030_f06_rgb.png,data/s2a_right_complete/burst030_f06_depth.npy,s2a_right_complete,1,1,1,0,0,0,0
data/s2a_right_complete/burst030_f07_rgb.png,data/s2a_right_complete/burst030_f07_depth.npy,s2a_right_complete,1,1,1,0,0,0,0
data/s2a_right_complete/burst030_f08_rgb.png,data/s2a_right_complete/burst030_f08_depth.npy,s2a_right_complete,1,1,1,0,0,0,0
data/s2a_right_complete/burst030_f09_rgb.png,data/s2a_right_complete/burst030_f09_depth.npy,s2a_right_complete,1,1,1,0,0,0,0
data/s2a_right_complete/burst031_f00_rgb.png,data/s2a_right_complete/burst031_f00_depth.npy,s2a_right_complete,1,1,1,0,0,0,0
data/s2a_right_complete/burst031_f01_rgb.png,data/s2a_right_complete/burst031_f01_depth.npy,s2a_right_complete,1,1,1,0,0,0,0
data/s2a_right_complete/burst031_f02_rgb.png,data/s2a_right_complete/burst031_f02_depth.npy,s2a_right_complete,1,1,1,0,0,0,0
data/s2a_right_complete/burst031_f03_rgb.png,data/s2a_right_complete/burst031_f03_depth.npy,s2a_right_complete,1,1,1,0,0,0,0
data/s2a_right_complete/burst031_f04_rgb.png,data/s2a_right_complete/burst031_f04_depth.npy,s2a_right_complete,1,1,1,0,0,0,0
data/s2a_right_complete/burst031_f05_rgb.png,data/s2a_right_complete/burst031_f05_depth.npy,s2a_right_complete,1,1,1,0,0,0,0
data/s2a_right_complete/burst031_f06_rgb.png,data/s2a_right_complete/burst031_f06_depth.npy,s2a_right_complete,1,1,1,0,0,0,0
data/s2a_right_complete/burst031_f07_rgb.png,data/s2a_right_complete/burst031_f07_depth.npy,s2a_right_complete,1,1,1,0,0,0,0
data/s2a_right_complete/burst031_f08_rgb.png,data/s2a_right_complete/burst031_f08_depth.npy,s2a_right_complete,1,1,1,0,0,0,0
data/s2a_right_complete/burst031_f09_rgb.png,data/s2a_right_complete/burst031_f09_depth.npy,s2a_right_complete,1,1,1,0,0,0,0
data/s2a_right_complete/burst032_f00_rgb.png,data/s2a_right_complete/burst032_f00_depth.npy,s2a_right_complete,1,1,1,0,0,0,0
data/s2a_right_complete/burst032_f01_rgb.png,data/s2a_right_complete/burst032_f01_depth.npy,s2a_right_complete,1,1,1,0,0,0,0
data/s2a_right_complete/burst032_f02_rgb.png,data/s2a_right_complete/burst032_f02_depth.npy,s2a_right_complete,1,1,1,0,0,0,0
data/s2a_right_complete/burst032_f03_rgb.png,data/s2a_right_complete/burst032_f03_depth.npy,s2a_right_complete,1,1,1,0,0,0,0
data/s2a_right_complete/burst032_f04_rgb.png,data/s2a_right_complete/burst032_f04_depth.npy,s2a_right_complete,1,1,1,0,0,0,0
data/s2a_right_complete/burst032_f05_rgb.png,data/s2a_right_complete/burst032_f05_depth.npy,s2a_right_complete,1,1,1,0,0,0,0
data/s2a_right_complete/burst032_f06_rgb.png,data/s2a_right_complete/burst032_f06_depth.npy,s2a_right_complete,1,1,1,0,0,0,0
data/s2a_right_complete/burst032_f07_rgb.png,data/s2a_right_complete/burst032_f07_depth.npy,s2a_right_complete,1,1,1,0,0,0,0
data/s2a_right_complete/burst032_f08_rgb.png,data/s2a_right_complete/burst032_f08_depth.npy,s2a_right_complete,1,1,1,0,0,0,0
data/s2a_right_complete/burst032_f09_rgb.png,data/s2a_right_complete/burst032_f09_depth.npy,s2a_right_complete,1,1,1,0,0,0,0
data/s2a_right_complete/burst033_f00_rgb.png,data/s2a_right_complete/burst033_f00_depth.npy,s2a_right_complete,1,1,1,0,0,0,0
data/s2a_right_complete/burst033_f01_rgb.png,data/s2a_right_complete/burst033_f01_depth.npy,s2a_right_complete,1,1,1,0,0,0,0
data/s2a_right_complete/burst033_f02_rgb.png,data/s2a_right_complete/burst033_f02_depth.npy,s2a_right_complete,1,1,1,0,0,0,0
data/s2a_right_complete/burst033_f03_rgb.png,data/s2a_right_complete/burst033_f03_depth.npy,s2a_right_complete,1,1,1,0,0,0,0
data/s2a_right_complete/burst033_f04_rgb.png,data/s2a_right_complete/burst033_f04_depth.npy,s2a_right_complete,1,1,1,0,0,0,0
data/s2a_right_complete/burst033_f05_rgb.png,data/s2a_right_complete/burst033_f05_depth.npy,s2a_right_complete,1,1,1,0,0,0,0
data/s2a_right_complete/burst033_f06_rgb.png,data/s2a_right_complete/burst033_f06_depth.npy,s2a_right_complete,1,1,1,0,0,0,0
data/s2a_right_complete/burst033_f07_rgb.png,data/s2a_right_complete/burst033_f07_depth.npy,s2a_right_complete,1,1,1,0,0,0,0
data/s2a_right_complete/burst033_f08_rgb.png,data/s2a_right_complete/burst033_f08_depth.npy,s2a_right_complete,1,1,1,0,0,0,0
data/s2a_right_complete/burst033_f09_rgb.png,data/s2a_right_complete/burst033_f09_depth.npy,s2a_right_complete,1,1,1,0,0,0,0
data/s2a_right_complete/burst034_f00_rgb.png,data/s2a_right_complete/burst034_f00_depth.npy,s2a_right_complete,1,1,1,0,0,0,0
data/s2a_right_complete/burst034_f01_rgb.png,data/s2a_right_complete/burst034_f01_depth.npy,s2a_right_complete,1,1,1,0,0,0,0
data/s2a_right_complete/burst034_f02_rgb.png,data/s2a_right_complete/burst034_f02_depth.npy,s2a_right_complete,1,1,1,0,0,0,0
data/s2a_right_complete/burst034_f03_rgb.png,data/s2a_right_complete/burst034_f03_depth.npy,s2a_right_complete,1,1,1,0,0,0,0
data/s2a_right_complete/burst034_f04_rgb.png,data/s2a_right_complete/burst034_f04_depth.npy,s2a_right_complete,1,1,1,0,0,0,0
data/s2a_right_complete/burst034_f05_rgb.png,data/s2a_right_complete/burst034_f05_depth.npy,s2a_right_complete,1,1,1,0,0,0,0
data/s2a_right_complete/burst034_f06_rgb.png,data/s2a_right_complete/burst034_f06_depth.npy,s2a_right_complete,1,1,1,0,0,0,0
data/s2a_right_complete/burst034_f07_rgb.png,data/s2a_right_complete/burst034_f07_depth.npy,s2a_right_complete,1,1,1,0,0,0,0
data/s2a_right_complete/burst034_f08_rgb.png,data/s2a_right_complete/burst034_f08_depth.npy,s2a_right_complete,1,1,1,0,0,0,0
data/s2a_right_complete/burst034_f09_rgb.png,data/s2a_right_complete/burst034_f09_depth.npy,s2a_right_complete,1,1,1,0,0,0,0
data/s2a_right_complete/burst035_f00_rgb.png,data/s2a_right_complete/burst035_f00_depth.npy,s2a_right_complete,1,1,1,0,0,0,0
data/s2a_right_complete/burst035_f01_rgb.png,data/s2a_right_complete/burst035_f01_depth.npy,s2a_right_complete,1,1,1,0,0,0,0
data/s2a_right_complete/burst035_f02_rgb.png,data/s2a_right_complete/burst035_f02_depth.npy,s2a_right_complete,1,1,1,0,0,0,0
data/s2a_right_complete/burst035_f03_rgb.png,data/s2a_right_complete/burst035_f03_depth.npy,s2a_right_complete,1,1,1,0,0,0,0
data/s2a_right_complete/burst035_f04_rgb.png,data/s2a_right_complete/burst035_f04_depth.npy,s2a_right_complete,1,1,1,0,0,0,0
data/s2a_right_complete/burst035_f05_rgb.png,data/s2a_right_complete/burst035_f05_depth.npy,s2a_right_complete,1,1,1,0,0,0,0
data/s2a_right_complete/burst035_f06_rgb.png,data/s2a_right_complete/burst035_f06_depth.npy,s2a_right_complete,1,1,1,0,0,0,0
data/s2a_right_complete/burst035_f07_rgb.png,data/s2a_right_complete/burst035_f07_depth.npy,s2a_right_complete,1,1,1,0,0,0,0
data/s2a_right_complete/burst035_f08_rgb.png,data/s2a_right_complete/burst035_f08_depth.npy,s2a_right_complete,1,1,1,0,0,0,0
data/s2a_right_complete/burst035_f09_rgb.png,data/s2a_right_complete/burst035_f09_depth.npy,s2a_right_complete,1,1,1,0,0,0,0
data/s2a_right_complete/burst036_f00_rgb.png,data/s2a_right_complete/burst036_f00_depth.npy,s2a_right_complete,1,1,1,0,0,0,0
data/s2a_right_complete/burst036_f01_rgb.png,data/s2a_right_complete/burst036_f01_depth.npy,s2a_right_complete,1,1,1,0,0,0,0
data/s2a_right_complete/burst036_f02_rgb.png,data/s2a_right_complete/burst036_f02_depth.npy,s2a_right_complete,1,1,1,0,0,0,0
data/s2a_right_complete/burst036_f03_rgb.png,data/s2a_right_complete/burst036_f03_depth.npy,s2a_right_complete,1,1,1,0,0,0,0
data/s2a_right_complete/burst036_f04_rgb.png,data/s2a_right_complete/burst036_f04_depth.npy,s2a_right_complete,1,1,1,0,0,0,0
data/s2a_right_complete/burst036_f05_rgb.png,data/s2a_right_complete/burst036_f05_depth.npy,s2a_right_complete,1,1,1,0,0,0,0
data/s2a_right_complete/burst036_f06_rgb.png,data/s2a_right_complete/burst036_f06_depth.npy,s2a_right_complete,1,1,1,0,0,0,0
data/s2a_right_complete/burst036_f07_rgb.png,data/s2a_right_complete/burst036_f07_depth.npy,s2a_right_complete,1,1,1,0,0,0,0
data/s2a_right_complete/burst036_f08_rgb.png,data/s2a_right_complete/burst036_f08_depth.npy,s2a_right_complete,1,1,1,0,0,0,0
data/s2a_right_complete/burst036_f09_rgb.png,data/s2a_right_complete/burst036_f09_depth.npy,s2a_right_complete,1,1,1,0,0,0,0
data/s2a_right_complete/burst037_f00_rgb.png,data/s2a_right_complete/burst037_f00_depth.npy,s2a_right_complete,1,1,1,0,0,0,0
data/s2a_right_complete/burst037_f01_rgb.png,data/s2a_right_complete/burst037_f01_depth.npy,s2a_right_complete,1,1,1,0,0,0,0
data/s2a_right_complete/burst037_f02_rgb.png,data/s2a_right_complete/burst037_f02_depth.npy,s2a_right_complete,1,1,1,0,0,0,0
data/s2a_right_complete/burst037_f03_rgb.png,data/s2a_right_complete/burst037_f03_depth.npy,s2a_right_complete,1,1,1,0,0,0,0
data/s2a_right_complete/burst037_f04_rgb.png,data/s2a_right_complete/burst037_f04_depth.npy,s2a_right_complete,1,1,1,0,0,0,0
data/s2a_right_complete/burst037_f05_rgb.png,data/s2a_right_complete/burst037_f05_depth.npy,s2a_right_complete,1,1,1,0,0,0,0
data/s2a_right_complete/burst037_f06_rgb.png,data/s2a_right_complete/burst037_f06_depth.npy,s2a_right_complete,1,1,1,0,0,0,0
data/s2a_right_complete/burst037_f07_rgb.png,data/s2a_right_complete/burst037_f07_depth.npy,s2a_right_complete,1,1,1,0,0,0,0
data/s2a_right_complete/burst037_f08_rgb.png,data/s2a_right_complete/burst037_f08_depth.npy,s2a_right_complete,1,1,1,0,0,0,0
data/s2a_right_complete/burst037_f09_rgb.png,data/s2a_right_complete/burst037_f09_depth.npy,s2a_right_complete,1,1,1,0,0,0,0
data/s2a_right_complete/burst038_f00_rgb.png,data/s2a_right_complete/burst038_f00_depth.npy,s2a_right_complete,1,1,1,0,0,0,0
data/s2a_right_complete/burst038_f01_rgb.png,data/s2a_right_complete/burst038_f01_depth.npy,s2a_right_complete,1,1,1,0,0,0,0
data/s2a_right_complete/burst038_f02_rgb.png,data/s2a_right_complete/burst038_f02_depth.npy,s2a_right_complete,1,1,1,0,0,0,0
data/s2a_right_complete/burst038_f03_rgb.png,data/s2a_right_complete/burst038_f03_depth.npy,s2a_right_complete,1,1,1,0,0,0,0
data/s2a_right_complete/burst038_f04_rgb.png,data/s2a_right_complete/burst038_f04_depth.npy,s2a_right_complete,1,1,1,0,0,0,0
data/s2a_right_complete/burst038_f05_rgb.png,data/s2a_right_complete/burst038_f05_depth.npy,s2a_right_complete,1,1,1,0,0,0,0
data/s2a_right_complete/burst038_f06_rgb.png,data/s2a_right_complete/burst038_f06_depth.npy,s2a_right_complete,1,1,1,0,0,0,0
data/s2a_right_complete/burst038_f07_rgb.png,data/s2a_right_complete/burst038_f07_depth.npy,s2a_right_complete,1,1,1,0,0,0,0
data/s2a_right_complete/burst038_f08_rgb.png,data/s2a_right_complete/burst038_f08_depth.npy,s2a_right_complete,1,1,1,0,0,0,0
data/s2a_right_complete/burst038_f09_rgb.png,data/s2a_right_complete/burst038_f09_depth.npy,s2a_right_complete,1,1,1,0,0,0,0
data/s2a_right_complete/burst039_f00_rgb.png,data/s2a_right_complete/burst039_f00_depth.npy,s2a_right_complete,1,1,1,0,0,0,0
data/s2a_right_complete/burst039_f01_rgb.png,data/s2a_right_complete/burst039_f01_depth.npy,s2a_right_complete,1,1,1,0,0,0,0
data/s2a_right_complete/burst039_f02_rgb.png,data/s2a_right_complete/burst039_f02_depth.npy,s2a_right_complete,1,1,1,0,0,0,0
data/s2a_right_complete/burst039_f03_rgb.png,data/s2a_right_complete/burst039_f03_depth.npy,s2a_right_complete,1,1,1,0,0,0,0
data/s2a_right_complete/burst039_f04_rgb.png,data/s2a_right_complete/burst039_f04_depth.npy,s2a_right_complete,1,1,1,0,0,0,0
data/s2a_right_complete/burst039_f05_rgb.png,data/s2a_right_complete/burst039_f05_depth.npy,s2a_right_complete,1,1,1,0,0,0,0
data/s2a_right_complete/burst039_f06_rgb.png,data/s2a_right_complete/burst039_f06_depth.npy,s2a_right_complete,1,1,1,0,0,0,0
data/s2a_right_complete/burst039_f07_rgb.png,data/s2a_right_complete/burst039_f07_depth.npy,s2a_right_complete,1,1,1,0,0,0,0
data/s2a_right_complete/burst039_f08_rgb.png,data/s2a_right_complete/burst039_f08_depth.npy,s2a_right_complete,1,1,1,0,0,0,0
data/s2a_right_complete/burst039_f09_rgb.png,data/s2a_right_complete/burst039_f09_depth.npy,s2a_right_complete,1,1,1,0,0,0,0
data/s2a_right_complete/burst040_f00_rgb.png,data/s2a_right_complete/burst040_f00_depth.npy,s2a_right_complete,1,1,1,0,0,0,0
data/s2a_right_complete/burst040_f01_rgb.png,data/s2a_right_complete/burst040_f01_depth.npy,s2a_right_complete,1,1,1,0,0,0,0
data/s2a_right_complete/burst040_f02_rgb.png,data/s2a_right_complete/burst040_f02_depth.npy,s2a_right_complete,1,1,1,0,0,0,0
data/s2a_right_complete/burst040_f03_rgb.png,data/s2a_right_complete/burst040_f03_depth.npy,s2a_right_complete,1,1,1,0,0,0,0
data/s2a_right_complete/burst040_f04_rgb.png,data/s2a_right_complete/burst040_f04_depth.npy,s2a_right_complete,1,1,1,0,0,0,0
data/s2a_right_complete/burst040_f05_rgb.png,data/s2a_right_complete/burst040_f05_depth.npy,s2a_right_complete,1,1,1,0,0,0,0
data/s2a_right_complete/burst040_f06_rgb.png,data/s2a_right_complete/burst040_f06_depth.npy,s2a_right_complete,1,1,1,0,0,0,0
data/s2a_right_complete/burst040_f07_rgb.png,data/s2a_right_complete/burst040_f07_depth.npy,s2a_right_complete,1,1,1,0,0,0,0
data/s2a_right_complete/burst040_f08_rgb.png,data/s2a_right_complete/burst040_f08_depth.npy,s2a_right_complete,1,1,1,0,0,0,0
data/s2a_right_complete/burst040_f09_rgb.png,data/s2a_right_complete/burst040_f09_depth.npy,s2a_right_complete,1,1,1,0,0,0,0
data/s2a_right_complete/burst041_f00_rgb.png,data/s2a_right_complete/burst041_f00_depth.npy,s2a_right_complete,1,1,1,0,0,0,0
data/s2a_right_complete/burst041_f01_rgb.png,data/s2a_right_complete/burst041_f01_depth.npy,s2a_right_complete,1,1,1,0,0,0,0
data/s2a_right_complete/burst041_f02_rgb.png,data/s2a_right_complete/burst041_f02_depth.npy,s2a_right_complete,1,1,1,0,0,0,0
data/s2a_right_complete/burst041_f03_rgb.png,data/s2a_right_complete/burst041_f03_depth.npy,s2a_right_complete,1,1,1,0,0,0,0
data/s2a_right_complete/burst041_f04_rgb.png,data/s2a_right_complete/burst041_f04_depth.npy,s2a_right_complete,1,1,1,0,0,0,0
data/s2a_right_complete/burst041_f05_rgb.png,data/s2a_right_complete/burst041_f05_depth.npy,s2a_right_complete,1,1,1,0,0,0,0
data/s2a_right_complete/burst041_f06_rgb.png,data/s2a_right_complete/burst041_f06_depth.npy,s2a_right_complete,1,1,1,0,0,0,0
data/s2a_right_complete/burst041_f07_rgb.png,data/s2a_right_complete/burst041_f07_depth.npy,s2a_right_complete,1,1,1,0,0,0,0
data/s2a_right_complete/burst041_f08_rgb.png,data/s2a_right_complete/burst041_f08_depth.npy,s2a_right_complete,1,1,1,0,0,0,0
data/s2a_right_complete/burst041_f09_rgb.png,data/s2a_right_complete/burst041_f09_depth.npy,s2a_right_complete,1,1,1,0,0,0,0
data/s2a_right_complete/burst042_f00_rgb.png,data/s2a_right_complete/burst042_f00_depth.npy,s2a_right_complete,1,1,1,0,0,0,0
data/s2a_right_complete/burst042_f01_rgb.png,data/s2a_right_complete/burst042_f01_depth.npy,s2a_right_complete,1,1,1,0,0,0,0
data/s2a_right_complete/burst042_f02_rgb.png,data/s2a_right_complete/burst042_f02_depth.npy,s2a_right_complete,1,1,1,0,0,0,0
data/s2a_right_complete/burst042_f03_rgb.png,data/s2a_right_complete/burst042_f03_depth.npy,s2a_right_complete,1,1,1,0,0,0,0
data/s2a_right_complete/burst042_f04_rgb.png,data/s2a_right_complete/burst042_f04_depth.npy,s2a_right_complete,1,1,1,0,0,0,0
data/s2a_right_complete/burst042_f05_rgb.png,data/s2a_right_complete/burst042_f05_depth.npy,s2a_right_complete,1,1,1,0,0,0,0
data/s2a_right_complete/burst042_f06_rgb.png,data/s2a_right_complete/burst042_f06_depth.npy,s2a_right_complete,1,1,1,0,0,0,0
data/s2a_right_complete/burst042_f07_rgb.png,data/s2a_right_complete/burst042_f07_depth.npy,s2a_right_complete,1,1,1,0,0,0,0
data/s2a_right_complete/burst042_f08_rgb.png,data/s2a_right_complete/burst042_f08_depth.npy,s2a_right_complete,1,1,1,0,0,0,0
data/s2a_right_complete/burst042_f09_rgb.png,data/s2a_right_complete/burst042_f09_depth.npy,s2a_right_complete,1,1,1,0,0,0,0
data/s2a_right_complete/burst043_f00_rgb.png,data/s2a_right_complete/burst043_f00_depth.npy,s2a_right_complete,1,1,1,0,0,0,0
data/s2a_right_complete/burst043_f01_rgb.png,data/s2a_right_complete/burst043_f01_depth.npy,s2a_right_complete,1,1,1,0,0,0,0
data/s2a_right_complete/burst043_f02_rgb.png,data/s2a_right_complete/burst043_f02_depth.npy,s2a_right_complete,1,1,1,0,0,0,0
data/s2a_right_complete/burst043_f03_rgb.png,data/s2a_right_complete/burst043_f03_depth.npy,s2a_right_complete,1,1,1,0,0,0,0
data/s2a_right_complete/burst043_f04_rgb.png,data/s2a_right_complete/burst043_f04_depth.npy,s2a_right_complete,1,1,1,0,0,0,0
data/s2a_right_complete/burst043_f05_rgb.png,data/s2a_right_complete/burst043_f05_depth.npy,s2a_right_complete,1,1,1,0,0,0,0
data/s2a_right_complete/burst043_f06_rgb.png,data/s2a_right_complete/burst043_f06_depth.npy,s2a_right_complete,1,1,1,0,0,0,0
data/s2a_right_complete/burst043_f07_rgb.png,data/s2a_right_complete/burst043_f07_depth.npy,s2a_right_complete,1,1,1,0,0,0,0
data/s2a_right_complete/burst043_f08_rgb.png,data/s2a_right_complete/burst043_f08_depth.npy,s2a_right_complete,1,1,1,0,0,0,0
data/s2a_right_complete/burst043_f09_rgb.png,data/s2a_right_complete/burst043_f09_depth.npy,s2a_right_complete,1,1,1,0,0,0,0
data/s2a_right_complete/burst044_f00_rgb.png,data/s2a_right_complete/burst044_f00_depth.npy,s2a_right_complete,1,1,1,0,0,0,0
data/s2a_right_complete/burst044_f01_rgb.png,data/s2a_right_complete/burst044_f01_depth.npy,s2a_right_complete,1,1,1,0,0,0,0
data/s2a_right_complete/burst044_f02_rgb.png,data/s2a_right_complete/burst044_f02_depth.npy,s2a_right_complete,1,1,1,0,0,0,0
data/s2a_right_complete/burst044_f03_rgb.png,data/s2a_right_complete/burst044_f03_depth.npy,s2a_right_complete,1,1,1,0,0,0,0
data/s2a_right_complete/burst044_f04_rgb.png,data/s2a_right_complete/burst044_f04_depth.npy,s2a_right_complete,1,1,1,0,0,0,0
data/s2a_right_complete/burst044_f05_rgb.png,data/s2a_right_complete/burst044_f05_depth.npy,s2a_right_complete,1,1,1,0,0,0,0
data/s2a_right_complete/burst044_f06_rgb.png,data/s2a_right_complete/burst044_f06_depth.npy,s2a_right_complete,1,1,1,0,0,0,0
data/s2a_right_complete/burst044_f07_rgb.png,data/s2a_right_complete/burst044_f07_depth.npy,s2a_right_complete,1,1,1,0,0,0,0
data/s2a_right_complete/burst044_f08_rgb.png,data/s2a_right_complete/burst044_f08_depth.npy,s2a_right_complete,1,1,1,0,0,0,0
data/s2a_right_complete/burst044_f09_rgb.png,data/s2a_right_complete/burst044_f09_depth.npy,s2a_right_complete,1,1,1,0,0,0,0
data/s2a_right_complete_extra/burst000_f00_rgb.png,data/s2a_right_complete_extra/burst000_f00_depth.npy,s2a_right_complete_extra,1,1,1,0,0,0,0
data/s2a_right_complete_extra/burst000_f01_rgb.png,data/s2a_right_complete_extra/burst000_f01_depth.npy,s2a_right_complete_extra,1,1,1,0,0,0,0
data/s2a_right_complete_extra/burst000_f02_rgb.png,data/s2a_right_complete_extra/burst000_f02_depth.npy,s2a_right_complete_extra,1,1,1,0,0,0,0
data/s2a_right_complete_extra/burst000_f03_rgb.png,data/s2a_right_complete_extra/burst000_f03_depth.npy,s2a_right_complete_extra,1,1,1,0,0,0,0
data/s2a_right_complete_extra/burst000_f04_rgb.png,data/s2a_right_complete_extra/burst000_f04_depth.npy,s2a_right_complete_extra,1,1,1,0,0,0,0
data/s2a_right_complete_extra/burst000_f05_rgb.png,data/s2a_right_complete_extra/burst000_f05_depth.npy,s2a_right_complete_extra,1,1,1,0,0,0,0
data/s2a_right_complete_extra/burst000_f06_rgb.png,data/s2a_right_complete_extra/burst000_f06_depth.npy,s2a_right_complete_extra,1,1,1,0,0,0,0
data/s2a_right_complete_extra/burst000_f07_rgb.png,data/s2a_right_complete_extra/burst000_f07_depth.npy,s2a_right_complete_extra,1,1,1,0,0,0,0
data/s2a_right_complete_extra/burst000_f08_rgb.png,data/s2a_right_complete_extra/burst000_f08_depth.npy,s2a_right_complete_extra,1,1,1,0,0,0,0
data/s2a_right_complete_extra/burst000_f09_rgb.png,data/s2a_right_complete_extra/burst000_f09_depth.npy,s2a_right_complete_extra,1,1,1,0,0,0,0
data/s2a_right_complete_extra/burst001_f00_rgb.png,data/s2a_right_complete_extra/burst001_f00_depth.npy,s2a_right_complete_extra,1,1,1,0,0,0,0
data/s2a_right_complete_extra/burst001_f01_rgb.png,data/s2a_right_complete_extra/burst001_f01_depth.npy,s2a_right_complete_extra,1,1,1,0,0,0,0
data/s2a_right_complete_extra/burst001_f02_rgb.png,data/s2a_right_complete_extra/burst001_f02_depth.npy,s2a_right_complete_extra,1,1,1,0,0,0,0
data/s2a_right_complete_extra/burst001_f03_rgb.png,data/s2a_right_complete_extra/burst001_f03_depth.npy,s2a_right_complete_extra,1,1,1,0,0,0,0
data/s2a_right_complete_extra/burst001_f04_rgb.png,data/s2a_right_complete_extra/burst001_f04_depth.npy,s2a_right_complete_extra,1,1,1,0,0,0,0
data/s2a_right_complete_extra/burst001_f05_rgb.png,data/s2a_right_complete_extra/burst001_f05_depth.npy,s2a_right_complete_extra,1,1,1,0,0,0,0
data/s2a_right_complete_extra/burst001_f06_rgb.png,data/s2a_right_complete_extra/burst001_f06_depth.npy,s2a_right_complete_extra,1,1,1,0,0,0,0
data/s2a_right_complete_extra/burst001_f07_rgb.png,data/s2a_right_complete_extra/burst001_f07_depth.npy,s2a_right_complete_extra,1,1,1,0,0,0,0
data/s2a_right_complete_extra/burst001_f08_rgb.png,data/s2a_right_complete_extra/burst001_f08_depth.npy,s2a_right_complete_extra,1,1,1,0,0,0,0
data/s2a_right_complete_extra/burst001_f09_rgb.png,data/s2a_right_complete_extra/burst001_f09_depth.npy,s2a_right_complete_extra,1,1,1,0,0,0,0
data/s2a_right_complete_extra/burst002_f00_rgb.png,data/s2a_right_complete_extra/burst002_f00_depth.npy,s2a_right_complete_extra,1,1,1,0,0,0,0
data/s2a_right_complete_extra/burst002_f01_rgb.png,data/s2a_right_complete_extra/burst002_f01_depth.npy,s2a_right_complete_extra,1,1,1,0,0,0,0
data/s2a_right_complete_extra/burst002_f02_rgb.png,data/s2a_right_complete_extra/burst002_f02_depth.npy,s2a_right_complete_extra,1,1,1,0,0,0,0
data/s2a_right_complete_extra/burst002_f03_rgb.png,data/s2a_right_complete_extra/burst002_f03_depth.npy,s2a_right_complete_extra,1,1,1,0,0,0,0
data/s2a_right_complete_extra/burst002_f04_rgb.png,data/s2a_right_complete_extra/burst002_f04_depth.npy,s2a_right_complete_extra,1,1,1,0,0,0,0
data/s2a_right_complete_extra/burst002_f05_rgb.png,data/s2a_right_complete_extra/burst002_f05_depth.npy,s2a_right_complete_extra,1,1,1,0,0,0,0
data/s2a_right_complete_extra/burst002_f06_rgb.png,data/s2a_right_complete_extra/burst002_f06_depth.npy,s2a_right_complete_extra,1,1,1,0,0,0,0
data/s2a_right_complete_extra/burst002_f07_rgb.png,data/s2a_right_complete_extra/burst002_f07_depth.npy,s2a_right_complete_extra,1,1,1,0,0,0,0
data/s2a_right_complete_extra/burst002_f08_rgb.png,data/s2a_right_complete_extra/burst002_f08_depth.npy,s2a_right_complete_extra,1,1,1,0,0,0,0
data/s2a_right_complete_extra/burst002_f09_rgb.png,data/s2a_right_complete_extra/burst002_f09_depth.npy,s2a_right_complete_extra,1,1,1,0,0,0,0
data/s2a_right_complete_extra/burst003_f00_rgb.png,data/s2a_right_complete_extra/burst003_f00_depth.npy,s2a_right_complete_extra,1,1,1,0,0,0,0
data/s2a_right_complete_extra/burst003_f01_rgb.png,data/s2a_right_complete_extra/burst003_f01_depth.npy,s2a_right_complete_extra,1,1,1,0,0,0,0
data/s2a_right_complete_extra/burst003_f02_rgb.png,data/s2a_right_complete_extra/burst003_f02_depth.npy,s2a_right_complete_extra,1,1,1,0,0,0,0
data/s2a_right_complete_extra/burst003_f03_rgb.png,data/s2a_right_complete_extra/burst003_f03_depth.npy,s2a_right_complete_extra,1,1,1,0,0,0,0
data/s2a_right_complete_extra/burst003_f04_rgb.png,data/s2a_right_complete_extra/burst003_f04_depth.npy,s2a_right_complete_extra,1,1,1,0,0,0,0
data/s2a_right_complete_extra/burst003_f05_rgb.png,data/s2a_right_complete_extra/burst003_f05_depth.npy,s2a_right_complete_extra,1,1,1,0,0,0,0
data/s2a_right_complete_extra/burst003_f06_rgb.png,data/s2a_right_complete_extra/burst003_f06_depth.npy,s2a_right_complete_extra,1,1,1,0,0,0,0
data/s2a_right_complete_extra/burst003_f07_rgb.png,data/s2a_right_complete_extra/burst003_f07_depth.npy,s2a_right_complete_extra,1,1,1,0,0,0,0
data/s2a_right_complete_extra/burst003_f08_rgb.png,data/s2a_right_complete_extra/burst003_f08_depth.npy,s2a_right_complete_extra,1,1,1,0,0,0,0
data/s2a_right_complete_extra/burst003_f09_rgb.png,data/s2a_right_complete_extra/burst003_f09_depth.npy,s2a_right_complete_extra,1,1,1,0,0,0,0
data/s2a_right_complete_extra/burst004_f00_rgb.png,data/s2a_right_complete_extra/burst004_f00_depth.npy,s2a_right_complete_extra,1,1,1,0,0,0,0
data/s2a_right_complete_extra/burst004_f01_rgb.png,data/s2a_right_complete_extra/burst004_f01_depth.npy,s2a_right_complete_extra,1,1,1,0,0,0,0
data/s2a_right_complete_extra/burst004_f02_rgb.png,data/s2a_right_complete_extra/burst004_f02_depth.npy,s2a_right_complete_extra,1,1,1,0,0,0,0
data/s2a_right_complete_extra/burst004_f03_rgb.png,data/s2a_right_complete_extra/burst004_f03_depth.npy,s2a_right_complete_extra,1,1,1,0,0,0,0
data/s2a_right_complete_extra/burst004_f04_rgb.png,data/s2a_right_complete_extra/burst004_f04_depth.npy,s2a_right_complete_extra,1,1,1,0,0,0,0
data/s2a_right_complete_extra/burst004_f05_rgb.png,data/s2a_right_complete_extra/burst004_f05_depth.npy,s2a_right_complete_extra,1,1,1,0,0,0,0
data/s2a_right_complete_extra/burst004_f06_rgb.png,data/s2a_right_complete_extra/burst004_f06_depth.npy,s2a_right_complete_extra,1,1,1,0,0,0,0
data/s2a_right_complete_extra/burst004_f07_rgb.png,data/s2a_right_complete_extra/burst004_f07_depth.npy,s2a_right_complete_extra,1,1,1,0,0,0,0
data/s2a_right_complete_extra/burst004_f08_rgb.png,data/s2a_right_complete_extra/burst004_f08_depth.npy,s2a_right_complete_extra,1,1,1,0,0,0,0
data/s2a_right_complete_extra/burst004_f09_rgb.png,data/s2a_right_complete_extra/burst004_f09_depth.npy,s2a_right_complete_extra,1,1,1,0,0,0,0
data/s2a_right_complete_extra/burst005_f00_rgb.png,data/s2a_right_complete_extra/burst005_f00_depth.npy,s2a_right_complete_extra,1,1,1,0,0,0,0
data/s2a_right_complete_extra/burst005_f01_rgb.png,data/s2a_right_complete_extra/burst005_f01_depth.npy,s2a_right_complete_extra,1,1,1,0,0,0,0
data/s2a_right_complete_extra/burst005_f02_rgb.png,data/s2a_right_complete_extra/burst005_f02_depth.npy,s2a_right_complete_extra,1,1,1,0,0,0,0
data/s2a_right_complete_extra/burst005_f03_rgb.png,data/s2a_right_complete_extra/burst005_f03_depth.npy,s2a_right_complete_extra,1,1,1,0,0,0,0
data/s2a_right_complete_extra/burst005_f04_rgb.png,data/s2a_right_complete_extra/burst005_f04_depth.npy,s2a_right_complete_extra,1,1,1,0,0,0,0
data/s2a_right_complete_extra/burst005_f05_rgb.png,data/s2a_right_complete_extra/burst005_f05_depth.npy,s2a_right_complete_extra,1,1,1,0,0,0,0
data/s2a_right_complete_extra/burst005_f06_rgb.png,data/s2a_right_complete_extra/burst005_f06_depth.npy,s2a_right_complete_extra,1,1,1,0,0,0,0
data/s2a_right_complete_extra/burst005_f07_rgb.png,data/s2a_right_complete_extra/burst005_f07_depth.npy,s2a_right_complete_extra,1,1,1,0,0,0,0
data/s2a_right_complete_extra/burst005_f08_rgb.png,data/s2a_right_complete_extra/burst005_f08_depth.npy,s2a_right_complete_extra,1,1,1,0,0,0,0
data/s2a_right_complete_extra/burst005_f09_rgb.png,data/s2a_right_complete_extra/burst005_f09_depth.npy,s2a_right_complete_extra,1,1,1,0,0,0,0
data/s2a_right_complete_extra/burst006_f00_rgb.png,data/s2a_right_complete_extra/burst006_f00_depth.npy,s2a_right_complete_extra,1,1,1,0,0,0,0
data/s2a_right_complete_extra/burst006_f01_rgb.png,data/s2a_right_complete_extra/burst006_f01_depth.npy,s2a_right_complete_extra,1,1,1,0,0,0,0
data/s2a_right_complete_extra/burst006_f02_rgb.png,data/s2a_right_complete_extra/burst006_f02_depth.npy,s2a_right_complete_extra,1,1,1,0,0,0,0
data/s2a_right_complete_extra/burst006_f03_rgb.png,data/s2a_right_complete_extra/burst006_f03_depth.npy,s2a_right_complete_extra,1,1,1,0,0,0,0
data/s2a_right_complete_extra/burst006_f04_rgb.png,data/s2a_right_complete_extra/burst006_f04_depth.npy,s2a_right_complete_extra,1,1,1,0,0,0,0
data/s2a_right_complete_extra/burst006_f05_rgb.png,data/s2a_right_complete_extra/burst006_f05_depth.npy,s2a_right_complete_extra,1,1,1,0,0,0,0
data/s2a_right_complete_extra/burst006_f06_rgb.png,data/s2a_right_complete_extra/burst006_f06_depth.npy,s2a_right_complete_extra,1,1,1,0,0,0,0
data/s2a_right_complete_extra/burst006_f07_rgb.png,data/s2a_right_complete_extra/burst006_f07_depth.npy,s2a_right_complete_extra,1,1,1,0,0,0,0
data/s2a_right_complete_extra/burst006_f08_rgb.png,data/s2a_right_complete_extra/burst006_f08_depth.npy,s2a_right_complete_extra,1,1,1,0,0,0,0
data/s2a_right_complete_extra/burst006_f09_rgb.png,data/s2a_right_complete_extra/burst006_f09_depth.npy,s2a_right_complete_extra,1,1,1,0,0,0,0
data/s2a_right_complete_extra/burst007_f00_rgb.png,data/s2a_right_complete_extra/burst007_f00_depth.npy,s2a_right_complete_extra,1,1,1,0,0,0,0
data/s2a_right_complete_extra/burst007_f01_rgb.png,data/s2a_right_complete_extra/burst007_f01_depth.npy,s2a_right_complete_extra,1,1,1,0,0,0,0
data/s2a_right_complete_extra/burst007_f02_rgb.png,data/s2a_right_complete_extra/burst007_f02_depth.npy,s2a_right_complete_extra,1,1,1,0,0,0,0
data/s2a_right_complete_extra/burst007_f03_rgb.png,data/s2a_right_complete_extra/burst007_f03_depth.npy,s2a_right_complete_extra,1,1,1,0,0,0,0
data/s2a_right_complete_extra/burst007_f04_rgb.png,data/s2a_right_complete_extra/burst007_f04_depth.npy,s2a_right_complete_extra,1,1,1,0,0,0,0
data/s2a_right_complete_extra/burst007_f05_rgb.png,data/s2a_right_complete_extra/burst007_f05_depth.npy,s2a_right_complete_extra,1,1,1,0,0,0,0
data/s2a_right_complete_extra/burst007_f06_rgb.png,data/s2a_right_complete_extra/burst007_f06_depth.npy,s2a_right_complete_extra,1,1,1,0,0,0,0
data/s2a_right_complete_extra/burst007_f07_rgb.png,data/s2a_right_complete_extra/burst007_f07_depth.npy,s2a_right_complete_extra,1,1,1,0,0,0,0
data/s2a_right_complete_extra/burst007_f08_rgb.png,data/s2a_right_complete_extra/burst007_f08_depth.npy,s2a_right_complete_extra,1,1,1,0,0,0,0
data/s2a_right_complete_extra/burst007_f09_rgb.png,data/s2a_right_complete_extra/burst007_f09_depth.npy,s2a_right_complete_extra,1,1,1,0,0,0,0
data/s2a_right_complete_extra/burst008_f00_rgb.png,data/s2a_right_complete_extra/burst008_f00_depth.npy,s2a_right_complete_extra,1,1,1,0,0,0,0
data/s2a_right_complete_extra/burst008_f01_rgb.png,data/s2a_right_complete_extra/burst008_f01_depth.npy,s2a_right_complete_extra,1,1,1,0,0,0,0
data/s2a_right_complete_extra/burst008_f02_rgb.png,data/s2a_right_complete_extra/burst008_f02_depth.npy,s2a_right_complete_extra,1,1,1,0,0,0,0
data/s2a_right_complete_extra/burst008_f03_rgb.png,data/s2a_right_complete_extra/burst008_f03_depth.npy,s2a_right_complete_extra,1,1,1,0,0,0,0
data/s2a_right_complete_extra/burst008_f04_rgb.png,data/s2a_right_complete_extra/burst008_f04_depth.npy,s2a_right_complete_extra,1,1,1,0,0,0,0
data/s2a_right_complete_extra/burst008_f05_rgb.png,data/s2a_right_complete_extra/burst008_f05_depth.npy,s2a_right_complete_extra,1,1,1,0,0,0,0
data/s2a_right_complete_extra/burst008_f06_rgb.png,data/s2a_right_complete_extra/burst008_f06_depth.npy,s2a_right_complete_extra,1,1,1,0,0,0,0
data/s2a_right_complete_extra/burst008_f07_rgb.png,data/s2a_right_complete_extra/burst008_f07_depth.npy,s2a_right_complete_extra,1,1,1,0,0,0,0
data/s2a_right_complete_extra/burst008_f08_rgb.png,data/s2a_right_complete_extra/burst008_f08_depth.npy,s2a_right_complete_extra,1,1,1,0,0,0,0
data/s2a_right_complete_extra/burst008_f09_rgb.png,data/s2a_right_complete_extra/burst008_f09_depth.npy,s2a_right_complete_extra,1,1,1,0,0,0,0
data/s2a_right_complete_extra/burst009_f00_rgb.png,data/s2a_right_complete_extra/burst009_f00_depth.npy,s2a_right_complete_extra,1,1,1,0,0,0,0
data/s2a_right_complete_extra/burst009_f01_rgb.png,data/s2a_right_complete_extra/burst009_f01_depth.npy,s2a_right_complete_extra,1,1,1,0,0,0,0
data/s2a_right_complete_extra/burst009_f02_rgb.png,data/s2a_right_complete_extra/burst009_f02_depth.npy,s2a_right_complete_extra,1,1,1,0,0,0,0
data/s2a_right_complete_extra/burst009_f03_rgb.png,data/s2a_right_complete_extra/burst009_f03_depth.npy,s2a_right_complete_extra,1,1,1,0,0,0,0
data/s2a_right_complete_extra/burst009_f04_rgb.png,data/s2a_right_complete_extra/burst009_f04_depth.npy,s2a_right_complete_extra,1,1,1,0,0,0,0
data/s2a_right_complete_extra/burst009_f05_rgb.png,data/s2a_right_complete_extra/burst009_f05_depth.npy,s2a_right_complete_extra,1,1,1,0,0,0,0
data/s2a_right_complete_extra/burst009_f06_rgb.png,data/s2a_right_complete_extra/burst009_f06_depth.npy,s2a_right_complete_extra,1,1,1,0,0,0,0
data/s2a_right_complete_extra/burst009_f07_rgb.png,data/s2a_right_complete_extra/burst009_f07_depth.npy,s2a_right_complete_extra,1,1,1,0,0,0,0
data/s2a_right_complete_extra/burst009_f08_rgb.png,data/s2a_right_complete_extra/burst009_f08_depth.npy,s2a_right_complete_extra,1,1,1,0,0,0,0
data/s2a_right_complete_extra/burst009_f09_rgb.png,data/s2a_right_complete_extra/burst009_f09_depth.npy,s2a_right_complete_extra,1,1,1,0,0,0,0
data/s2a_right_complete_extra/burst010_f00_rgb.png,data/s2a_right_complete_extra/burst010_f00_depth.npy,s2a_right_complete_extra,1,1,1,0,0,0,0
data/s2a_right_complete_extra/burst010_f01_rgb.png,data/s2a_right_complete_extra/burst010_f01_depth.npy,s2a_right_complete_extra,1,1,1,0,0,0,0
data/s2a_right_complete_extra/burst010_f02_rgb.png,data/s2a_right_complete_extra/burst010_f02_depth.npy,s2a_right_complete_extra,1,1,1,0,0,0,0
data/s2a_right_complete_extra/burst010_f03_rgb.png,data/s2a_right_complete_extra/burst010_f03_depth.npy,s2a_right_complete_extra,1,1,1,0,0,0,0
data/s2a_right_complete_extra/burst010_f04_rgb.png,data/s2a_right_complete_extra/burst010_f04_depth.npy,s2a_right_complete_extra,1,1,1,0,0,0,0
data/s2a_right_complete_extra/burst010_f05_rgb.png,data/s2a_right_complete_extra/burst010_f05_depth.npy,s2a_right_complete_extra,1,1,1,0,0,0,0
data/s2a_right_complete_extra/burst010_f06_rgb.png,data/s2a_right_complete_extra/burst010_f06_depth.npy,s2a_right_complete_extra,1,1,1,0,0,0,0
data/s2a_right_complete_extra/burst010_f07_rgb.png,data/s2a_right_complete_extra/burst010_f07_depth.npy,s2a_right_complete_extra,1,1,1,0,0,0,0
data/s2a_right_complete_extra/burst010_f08_rgb.png,data/s2a_right_complete_extra/burst010_f08_depth.npy,s2a_right_complete_extra,1,1,1,0,0,0,0
data/s2a_right_complete_extra/burst010_f09_rgb.png,data/s2a_right_complete_extra/burst010_f09_depth.npy,s2a_right_complete_extra,1,1,1,0,0,0,0
data/s2a_right_complete_extra/burst011_f00_rgb.png,data/s2a_right_complete_extra/burst011_f00_depth.npy,s2a_right_complete_extra,1,1,1,0,0,0,0
data/s2a_right_complete_extra/burst011_f01_rgb.png,data/s2a_right_complete_extra/burst011_f01_depth.npy,s2a_right_complete_extra,1,1,1,0,0,0,0
data/s2a_right_complete_extra/burst011_f02_rgb.png,data/s2a_right_complete_extra/burst011_f02_depth.npy,s2a_right_complete_extra,1,1,1,0,0,0,0
data/s2a_right_complete_extra/burst011_f03_rgb.png,data/s2a_right_complete_extra/burst011_f03_depth.npy,s2a_right_complete_extra,1,1,1,0,0,0,0
data/s2a_right_complete_extra/burst011_f04_rgb.png,data/s2a_right_complete_extra/burst011_f04_depth.npy,s2a_right_complete_extra,1,1,1,0,0,0,0
data/s2a_right_complete_extra/burst011_f05_rgb.png,data/s2a_right_complete_extra/burst011_f05_depth.npy,s2a_right_complete_extra,1,1,1,0,0,0,0
data/s2a_right_complete_extra/burst011_f06_rgb.png,data/s2a_right_complete_extra/burst011_f06_depth.npy,s2a_right_complete_extra,1,1,1,0,0,0,0
data/s2a_right_complete_extra/burst011_f07_rgb.png,data/s2a_right_complete_extra/burst011_f07_depth.npy,s2a_right_complete_extra,1,1,1,0,0,0,0
data/s2a_right_complete_extra/burst011_f08_rgb.png,data/s2a_right_complete_extra/burst011_f08_depth.npy,s2a_right_complete_extra,1,1,1,0,0,0,0
data/s2a_right_complete_extra/burst011_f09_rgb.png,data/s2a_right_complete_extra/burst011_f09_depth.npy,s2a_right_complete_extra,1,1,1,0,0,0,0
data/s2a_right_complete_extra/burst012_f00_rgb.png,data/s2a_right_complete_extra/burst012_f00_depth.npy,s2a_right_complete_extra,1,1,1,0,0,0,0
data/s2a_right_complete_extra/burst012_f01_rgb.png,data/s2a_right_complete_extra/burst012_f01_depth.npy,s2a_right_complete_extra,1,1,1,0,0,0,0
data/s2a_right_complete_extra/burst012_f02_rgb.png,data/s2a_right_complete_extra/burst012_f02_depth.npy,s2a_right_complete_extra,1,1,1,0,0,0,0
data/s2a_right_complete_extra/burst012_f03_rgb.png,data/s2a_right_complete_extra/burst012_f03_depth.npy,s2a_right_complete_extra,1,1,1,0,0,0,0
data/s2a_right_complete_extra/burst012_f04_rgb.png,data/s2a_right_complete_extra/burst012_f04_depth.npy,s2a_right_complete_extra,1,1,1,0,0,0,0
data/s2a_right_complete_extra/burst012_f05_rgb.png,data/s2a_right_complete_extra/burst012_f05_depth.npy,s2a_right_complete_extra,1,1,1,0,0,0,0
data/s2a_right_complete_extra/burst012_f06_rgb.png,data/s2a_right_complete_extra/burst012_f06_depth.npy,s2a_right_complete_extra,1,1,1,0,0,0,0
data/s2a_right_complete_extra/burst012_f07_rgb.png,data/s2a_right_complete_extra/burst012_f07_depth.npy,s2a_right_complete_extra,1,1,1,0,0,0,0
data/s2a_right_complete_extra/burst012_f08_rgb.png,data/s2a_right_complete_extra/burst012_f08_depth.npy,s2a_right_complete_extra,1,1,1,0,0,0,0
data/s2a_right_complete_extra/burst012_f09_rgb.png,data/s2a_right_complete_extra/burst012_f09_depth.npy,s2a_right_complete_extra,1,1,1,0,0,0,0
data/s2a_right_complete_extra/burst013_f00_rgb.png,data/s2a_right_complete_extra/burst013_f00_depth.npy,s2a_right_complete_extra,1,1,1,0,0,0,0
data/s2a_right_complete_extra/burst013_f01_rgb.png,data/s2a_right_complete_extra/burst013_f01_depth.npy,s2a_right_complete_extra,1,1,1,0,0,0,0
data/s2a_right_complete_extra/burst013_f02_rgb.png,data/s2a_right_complete_extra/burst013_f02_depth.npy,s2a_right_complete_extra,1,1,1,0,0,0,0
data/s2a_right_complete_extra/burst013_f03_rgb.png,data/s2a_right_complete_extra/burst013_f03_depth.npy,s2a_right_complete_extra,1,1,1,0,0,0,0
data/s2a_right_complete_extra/burst013_f04_rgb.png,data/s2a_right_complete_extra/burst013_f04_depth.npy,s2a_right_complete_extra,1,1,1,0,0,0,0
data/s2a_right_complete_extra/burst013_f05_rgb.png,data/s2a_right_complete_extra/burst013_f05_depth.npy,s2a_right_complete_extra,1,1,1,0,0,0,0
data/s2a_right_complete_extra/burst013_f06_rgb.png,data/s2a_right_complete_extra/burst013_f06_depth.npy,s2a_right_complete_extra,1,1,1,0,0,0,0
data/s2a_right_complete_extra/burst013_f07_rgb.png,data/s2a_right_complete_extra/burst013_f07_depth.npy,s2a_right_complete_extra,1,1,1,0,0,0,0
data/s2a_right_complete_extra/burst013_f08_rgb.png,data/s2a_right_complete_extra/burst013_f08_depth.npy,s2a_right_complete_extra,1,1,1,0,0,0,0
data/s2a_right_complete_extra/burst013_f09_rgb.png,data/s2a_right_complete_extra/burst013_f09_depth.npy,s2a_right_complete_extra,1,1,1,0,0,0,0
data/s2a_right_complete_extra/burst014_f00_rgb.png,data/s2a_right_complete_extra/burst014_f00_depth.npy,s2a_right_complete_extra,1,1,1,0,0,0,0
data/s2a_right_complete_extra/burst014_f01_rgb.png,data/s2a_right_complete_extra/burst014_f01_depth.npy,s2a_right_complete_extra,1,1,1,0,0,0,0
data/s2a_right_complete_extra/burst014_f02_rgb.png,data/s2a_right_complete_extra/burst014_f02_depth.npy,s2a_right_complete_extra,1,1,1,0,0,0,0
data/s2a_right_complete_extra/burst014_f03_rgb.png,data/s2a_right_complete_extra/burst014_f03_depth.npy,s2a_right_complete_extra,1,1,1,0,0,0,0
data/s2a_right_complete_extra/burst014_f04_rgb.png,data/s2a_right_complete_extra/burst014_f04_depth.npy,s2a_right_complete_extra,1,1,1,0,0,0,0
data/s2a_right_complete_extra/burst014_f05_rgb.png,data/s2a_right_complete_extra/burst014_f05_depth.npy,s2a_right_complete_extra,1,1,1,0,0,0,0
data/s2a_right_complete_extra/burst014_f06_rgb.png,data/s2a_right_complete_extra/burst014_f06_depth.npy,s2a_right_complete_extra,1,1,1,0,0,0,0
data/s2a_right_complete_extra/burst014_f07_rgb.png,data/s2a_right_complete_extra/burst014_f07_depth.npy,s2a_right_complete_extra,1,1,1,0,0,0,0
data/s2a_right_complete_extra/burst014_f08_rgb.png,data/s2a_right_complete_extra/burst014_f08_depth.npy,s2a_right_complete_extra,1,1,1,0,0,0,0
data/s2a_right_complete_extra/burst014_f09_rgb.png,data/s2a_right_complete_extra/burst014_f09_depth.npy,s2a_right_complete_extra,1,1,1,0,0,0,0
data/s2a_right_complete_extra/burst015_f00_rgb.png,data/s2a_right_complete_extra/burst015_f00_depth.npy,s2a_right_complete_extra,1,1,1,0,0,0,0
data/s2a_right_complete_extra/burst015_f01_rgb.png,data/s2a_right_complete_extra/burst015_f01_depth.npy,s2a_right_complete_extra,1,1,1,0,0,0,0
data/s2a_right_complete_extra/burst015_f02_rgb.png,data/s2a_right_complete_extra/burst015_f02_depth.npy,s2a_right_complete_extra,1,1,1,0,0,0,0
data/s2a_right_complete_extra/burst015_f03_rgb.png,data/s2a_right_complete_extra/burst015_f03_depth.npy,s2a_right_complete_extra,1,1,1,0,0,0,0
data/s2a_right_complete_extra/burst015_f04_rgb.png,data/s2a_right_complete_extra/burst015_f04_depth.npy,s2a_right_complete_extra,1,1,1,0,0,0,0
data/s2a_right_complete_extra/burst015_f05_rgb.png,data/s2a_right_complete_extra/burst015_f05_depth.npy,s2a_right_complete_extra,1,1,1,0,0,0,0
data/s2a_right_complete_extra/burst015_f06_rgb.png,data/s2a_right_complete_extra/burst015_f06_depth.npy,s2a_right_complete_extra,1,1,1,0,0,0,0
data/s2a_right_complete_extra/burst015_f07_rgb.png,data/s2a_right_complete_extra/burst015_f07_depth.npy,s2a_right_complete_extra,1,1,1,0,0,0,0
data/s2a_right_complete_extra/burst015_f08_rgb.png,data/s2a_right_complete_extra/burst015_f08_depth.npy,s2a_right_complete_extra,1,1,1,0,0,0,0
data/s2a_right_complete_extra/burst015_f09_rgb.png,data/s2a_right_complete_extra/burst015_f09_depth.npy,s2a_right_complete_extra,1,1,1,0,0,0,0
data/s2a_right_complete_extra/burst016_f00_rgb.png,data/s2a_right_complete_extra/burst016_f00_depth.npy,s2a_right_complete_extra,1,1,1,0,0,0,0
data/s2a_right_complete_extra/burst016_f01_rgb.png,data/s2a_right_complete_extra/burst016_f01_depth.npy,s2a_right_complete_extra,1,1,1,0,0,0,0
data/s2a_right_complete_extra/burst016_f02_rgb.png,data/s2a_right_complete_extra/burst016_f02_depth.npy,s2a_right_complete_extra,1,1,1,0,0,0,0
data/s2a_right_complete_extra/burst016_f03_rgb.png,data/s2a_right_complete_extra/burst016_f03_depth.npy,s2a_right_complete_extra,1,1,1,0,0,0,0
data/s2a_right_complete_extra/burst016_f04_rgb.png,data/s2a_right_complete_extra/burst016_f04_depth.npy,s2a_right_complete_extra,1,1,1,0,0,0,0
data/s2a_right_complete_extra/burst016_f05_rgb.png,data/s2a_right_complete_extra/burst016_f05_depth.npy,s2a_right_complete_extra,1,1,1,0,0,0,0
data/s2a_right_complete_extra/burst016_f06_rgb.png,data/s2a_right_complete_extra/burst016_f06_depth.npy,s2a_right_complete_extra,1,1,1,0,0,0,0
data/s2a_right_complete_extra/burst016_f07_rgb.png,data/s2a_right_complete_extra/burst016_f07_depth.npy,s2a_right_complete_extra,1,1,1,0,0,0,0
data/s2a_right_complete_extra/burst016_f08_rgb.png,data/s2a_right_complete_extra/burst016_f08_depth.npy,s2a_right_complete_extra,1,1,1,0,0,0,0
data/s2a_right_complete_extra/burst016_f09_rgb.png,data/s2a_right_complete_extra/burst016_f09_depth.npy,s2a_right_complete_extra,1,1,1,0,0,0,0
data/s2a_right_complete_extra/burst017_f00_rgb.png,data/s2a_right_complete_extra/burst017_f00_depth.npy,s2a_right_complete_extra,1,1,1,0,0,0,0
data/s2a_right_complete_extra/burst017_f01_rgb.png,data/s2a_right_complete_extra/burst017_f01_depth.npy,s2a_right_complete_extra,1,1,1,0,0,0,0
data/s2a_right_complete_extra/burst017_f02_rgb.png,data/s2a_right_complete_extra/burst017_f02_depth.npy,s2a_right_complete_extra,1,1,1,0,0,0,0
data/s2a_right_complete_extra/burst017_f03_rgb.png,data/s2a_right_complete_extra/burst017_f03_depth.npy,s2a_right_complete_extra,1,1,1,0,0,0,0
data/s2a_right_complete_extra/burst017_f04_rgb.png,data/s2a_right_complete_extra/burst017_f04_depth.npy,s2a_right_complete_extra,1,1,1,0,0,0,0
data/s2a_right_complete_extra/burst017_f05_rgb.png,data/s2a_right_complete_extra/burst017_f05_depth.npy,s2a_right_complete_extra,1,1,1,0,0,0,0
data/s2a_right_complete_extra/burst017_f06_rgb.png,data/s2a_right_complete_extra/burst017_f06_depth.npy,s2a_right_complete_extra,1,1,1,0,0,0,0
data/s2a_right_complete_extra/burst017_f07_rgb.png,data/s2a_right_complete_extra/burst017_f07_depth.npy,s2a_right_complete_extra,1,1,1,0,0,0,0
data/s2a_right_complete_extra/burst017_f08_rgb.png,data/s2a_right_complete_extra/burst017_f08_depth.npy,s2a_right_complete_extra,1,1,1,0,0,0,0
data/s2a_right_complete_extra/burst017_f09_rgb.png,data/s2a_right_complete_extra/burst017_f09_depth.npy,s2a_right_complete_extra,1,1,1,0,0,0,0
data/s2a_right_complete_extra/burst018_f00_rgb.png,data/s2a_right_complete_extra/burst018_f00_depth.npy,s2a_right_complete_extra,1,1,1,0,0,0,0
data/s2a_right_complete_extra/burst018_f01_rgb.png,data/s2a_right_complete_extra/burst018_f01_depth.npy,s2a_right_complete_extra,1,1,1,0,0,0,0
data/s2a_right_complete_extra/burst018_f02_rgb.png,data/s2a_right_complete_extra/burst018_f02_depth.npy,s2a_right_complete_extra,1,1,1,0,0,0,0
data/s2a_right_complete_extra/burst018_f03_rgb.png,data/s2a_right_complete_extra/burst018_f03_depth.npy,s2a_right_complete_extra,1,1,1,0,0,0,0
data/s2a_right_complete_extra/burst018_f04_rgb.png,data/s2a_right_complete_extra/burst018_f04_depth.npy,s2a_right_complete_extra,1,1,1,0,0,0,0
data/s2a_right_complete_extra/burst018_f05_rgb.png,data/s2a_right_complete_extra/burst018_f05_depth.npy,s2a_right_complete_extra,1,1,1,0,0,0,0
data/s2a_right_complete_extra/burst018_f06_rgb.png,data/s2a_right_complete_extra/burst018_f06_depth.npy,s2a_right_complete_extra,1,1,1,0,0,0,0
data/s2a_right_complete_extra/burst018_f07_rgb.png,data/s2a_right_complete_extra/burst018_f07_depth.npy,s2a_right_complete_extra,1,1,1,0,0,0,0
data/s2a_right_complete_extra/burst018_f08_rgb.png,data/s2a_right_complete_extra/burst018_f08_depth.npy,s2a_right_complete_extra,1,1,1,0,0,0,0
data/s2a_right_complete_extra/burst018_f09_rgb.png,data/s2a_right_complete_extra/burst018_f09_depth.npy,s2a_right_complete_extra,1,1,1,0,0,0,0
data/s2a_right_complete_extra/burst019_f00_rgb.png,data/s2a_right_complete_extra/burst019_f00_depth.npy,s2a_right_complete_extra,1,1,1,0,0,0,0
data/s2a_right_complete_extra/burst019_f01_rgb.png,data/s2a_right_complete_extra/burst019_f01_depth.npy,s2a_right_complete_extra,1,1,1,0,0,0,0
data/s2a_right_complete_extra/burst019_f02_rgb.png,data/s2a_right_complete_extra/burst019_f02_depth.npy,s2a_right_complete_extra,1,1,1,0,0,0,0
data/s2a_right_complete_extra/burst019_f03_rgb.png,data/s2a_right_complete_extra/burst019_f03_depth.npy,s2a_right_complete_extra,1,1,1,0,0,0,0
data/s2a_right_complete_extra/burst019_f04_rgb.png,data/s2a_right_complete_extra/burst019_f04_depth.npy,s2a_right_complete_extra,1,1,1,0,0,0,0
data/s2a_right_complete_extra/burst019_f05_rgb.png,data/s2a_right_complete_extra/burst019_f05_depth.npy,s2a_right_complete_extra,1,1,1,0,0,0,0
data/s2a_right_complete_extra/burst019_f06_rgb.png,data/s2a_right_complete_extra/burst019_f06_depth.npy,s2a_right_complete_extra,1,1,1,0,0,0,0
data/s2a_right_complete_extra/burst019_f07_rgb.png,data/s2a_right_complete_extra/burst019_f07_depth.npy,s2a_right_complete_extra,1,1,1,0,0,0,0
data/s2a_right_complete_extra/burst019_f08_rgb.png,data/s2a_right_complete_extra/burst019_f08_depth.npy,s2a_right_complete_extra,1,1,1,0,0,0,0
data/s2a_right_complete_extra/burst019_f09_rgb.png,data/s2a_right_complete_extra/burst019_f09_depth.npy,s2a_right_complete_extra,1,1,1,0,0,0,0
data/s2b_left_complete/burst000_f00_rgb.png,data/s2b_left_complete/burst000_f00_depth.npy,s2b_left_complete,1,0,0,1,1,0,0
data/s2b_left_complete/burst000_f01_rgb.png,data/s2b_left_complete/burst000_f01_depth.npy,s2b_left_complete,1,0,0,1,1,0,0
data/s2b_left_complete/burst000_f02_rgb.png,data/s2b_left_complete/burst000_f02_depth.npy,s2b_left_complete,1,0,0,1,1,0,0
data/s2b_left_complete/burst000_f03_rgb.png,data/s2b_left_complete/burst000_f03_depth.npy,s2b_left_complete,1,0,0,1,1,0,0
data/s2b_left_complete/burst000_f04_rgb.png,data/s2b_left_complete/burst000_f04_depth.npy,s2b_left_complete,1,0,0,1,1,0,0
data/s2b_left_complete/burst000_f05_rgb.png,data/s2b_left_complete/burst000_f05_depth.npy,s2b_left_complete,1,0,0,1,1,0,0
data/s2b_left_complete/burst000_f06_rgb.png,data/s2b_left_complete/burst000_f06_depth.npy,s2b_left_complete,1,0,0,1,1,0,0
data/s2b_left_complete/burst000_f07_rgb.png,data/s2b_left_complete/burst000_f07_depth.npy,s2b_left_complete,1,0,0,1,1,0,0
data/s2b_left_complete/burst000_f08_rgb.png,data/s2b_left_complete/burst000_f08_depth.npy,s2b_left_complete,1,0,0,1,1,0,0
data/s2b_left_complete/burst000_f09_rgb.png,data/s2b_left_complete/burst000_f09_depth.npy,s2b_left_complete,1,0,0,1,1,0,0
data/s2b_left_complete/burst001_f00_rgb.png,data/s2b_left_complete/burst001_f00_depth.npy,s2b_left_complete,1,0,0,1,1,0,0
data/s2b_left_complete/burst001_f01_rgb.png,data/s2b_left_complete/burst001_f01_depth.npy,s2b_left_complete,1,0,0,1,1,0,0
data/s2b_left_complete/burst001_f02_rgb.png,data/s2b_left_complete/burst001_f02_depth.npy,s2b_left_complete,1,0,0,1,1,0,0
data/s2b_left_complete/burst001_f03_rgb.png,data/s2b_left_complete/burst001_f03_depth.npy,s2b_left_complete,1,0,0,1,1,0,0
data/s2b_left_complete/burst001_f04_rgb.png,data/s2b_left_complete/burst001_f04_depth.npy,s2b_left_complete,1,0,0,1,1,0,0
data/s2b_left_complete/burst001_f05_rgb.png,data/s2b_left_complete/burst001_f05_depth.npy,s2b_left_complete,1,0,0,1,1,0,0
data/s2b_left_complete/burst001_f06_rgb.png,data/s2b_left_complete/burst001_f06_depth.npy,s2b_left_complete,1,0,0,1,1,0,0
data/s2b_left_complete/burst001_f07_rgb.png,data/s2b_left_complete/burst001_f07_depth.npy,s2b_left_complete,1,0,0,1,1,0,0
data/s2b_left_complete/burst001_f08_rgb.png,data/s2b_left_complete/burst001_f08_depth.npy,s2b_left_complete,1,0,0,1,1,0,0
data/s2b_left_complete/burst001_f09_rgb.png,data/s2b_left_complete/burst001_f09_depth.npy,s2b_left_complete,1,0,0,1,1,0,0
data/s2b_left_complete/burst002_f00_rgb.png,data/s2b_left_complete/burst002_f00_depth.npy,s2b_left_complete,1,0,0,1,1,0,0
data/s2b_left_complete/burst002_f01_rgb.png,data/s2b_left_complete/burst002_f01_depth.npy,s2b_left_complete,1,0,0,1,1,0,0
data/s2b_left_complete/burst002_f02_rgb.png,data/s2b_left_complete/burst002_f02_depth.npy,s2b_left_complete,1,0,0,1,1,0,0
data/s2b_left_complete/burst002_f03_rgb.png,data/s2b_left_complete/burst002_f03_depth.npy,s2b_left_complete,1,0,0,1,1,0,0
data/s2b_left_complete/burst002_f04_rgb.png,data/s2b_left_complete/burst002_f04_depth.npy,s2b_left_complete,1,0,0,1,1,0,0
data/s2b_left_complete/burst002_f05_rgb.png,data/s2b_left_complete/burst002_f05_depth.npy,s2b_left_complete,1,0,0,1,1,0,0
data/s2b_left_complete/burst002_f06_rgb.png,data/s2b_left_complete/burst002_f06_depth.npy,s2b_left_complete,1,0,0,1,1,0,0
data/s2b_left_complete/burst002_f07_rgb.png,data/s2b_left_complete/burst002_f07_depth.npy,s2b_left_complete,1,0,0,1,1,0,0
data/s2b_left_complete/burst002_f08_rgb.png,data/s2b_left_complete/burst002_f08_depth.npy,s2b_left_complete,1,0,0,1,1,0,0
data/s2b_left_complete/burst002_f09_rgb.png,data/s2b_left_complete/burst002_f09_depth.npy,s2b_left_complete,1,0,0,1,1,0,0
data/s2b_left_complete/burst003_f00_rgb.png,data/s2b_left_complete/burst003_f00_depth.npy,s2b_left_complete,1,0,0,1,1,0,0
data/s2b_left_complete/burst003_f01_rgb.png,data/s2b_left_complete/burst003_f01_depth.npy,s2b_left_complete,1,0,0,1,1,0,0
data/s2b_left_complete/burst003_f02_rgb.png,data/s2b_left_complete/burst003_f02_depth.npy,s2b_left_complete,1,0,0,1,1,0,0
data/s2b_left_complete/burst003_f03_rgb.png,data/s2b_left_complete/burst003_f03_depth.npy,s2b_left_complete,1,0,0,1,1,0,0
data/s2b_left_complete/burst003_f04_rgb.png,data/s2b_left_complete/burst003_f04_depth.npy,s2b_left_complete,1,0,0,1,1,0,0
data/s2b_left_complete/burst003_f05_rgb.png,data/s2b_left_complete/burst003_f05_depth.npy,s2b_left_complete,1,0,0,1,1,0,0
data/s2b_left_complete/burst003_f06_rgb.png,data/s2b_left_complete/burst003_f06_depth.npy,s2b_left_complete,1,0,0,1,1,0,0
data/s2b_left_complete/burst003_f07_rgb.png,data/s2b_left_complete/burst003_f07_depth.npy,s2b_left_complete,1,0,0,1,1,0,0
data/s2b_left_complete/burst003_f08_rgb.png,data/s2b_left_complete/burst003_f08_depth.npy,s2b_left_complete,1,0,0,1,1,0,0
data/s2b_left_complete/burst003_f09_rgb.png,data/s2b_left_complete/burst003_f09_depth.npy,s2b_left_complete,1,0,0,1,1,0,0
data/s2b_left_complete/burst004_f00_rgb.png,data/s2b_left_complete/burst004_f00_depth.npy,s2b_left_complete,1,0,0,1,1,0,0
data/s2b_left_complete/burst004_f01_rgb.png,data/s2b_left_complete/burst004_f01_depth.npy,s2b_left_complete,1,0,0,1,1,0,0
data/s2b_left_complete/burst004_f02_rgb.png,data/s2b_left_complete/burst004_f02_depth.npy,s2b_left_complete,1,0,0,1,1,0,0
data/s2b_left_complete/burst004_f03_rgb.png,data/s2b_left_complete/burst004_f03_depth.npy,s2b_left_complete,1,0,0,1,1,0,0
data/s2b_left_complete/burst004_f04_rgb.png,data/s2b_left_complete/burst004_f04_depth.npy,s2b_left_complete,1,0,0,1,1,0,0
data/s2b_left_complete/burst004_f05_rgb.png,data/s2b_left_complete/burst004_f05_depth.npy,s2b_left_complete,1,0,0,1,1,0,0
data/s2b_left_complete/burst004_f06_rgb.png,data/s2b_left_complete/burst004_f06_depth.npy,s2b_left_complete,1,0,0,1,1,0,0
data/s2b_left_complete/burst004_f07_rgb.png,data/s2b_left_complete/burst004_f07_depth.npy,s2b_left_complete,1,0,0,1,1,0,0
data/s2b_left_complete/burst004_f08_rgb.png,data/s2b_left_complete/burst004_f08_depth.npy,s2b_left_complete,1,0,0,1,1,0,0
data/s2b_left_complete/burst004_f09_rgb.png,data/s2b_left_complete/burst004_f09_depth.npy,s2b_left_complete,1,0,0,1,1,0,0
data/s2b_left_complete/burst005_f00_rgb.png,data/s2b_left_complete/burst005_f00_depth.npy,s2b_left_complete,1,0,0,1,1,0,0
data/s2b_left_complete/burst005_f01_rgb.png,data/s2b_left_complete/burst005_f01_depth.npy,s2b_left_complete,1,0,0,1,1,0,0
data/s2b_left_complete/burst005_f02_rgb.png,data/s2b_left_complete/burst005_f02_depth.npy,s2b_left_complete,1,0,0,1,1,0,0
data/s2b_left_complete/burst005_f03_rgb.png,data/s2b_left_complete/burst005_f03_depth.npy,s2b_left_complete,1,0,0,1,1,0,0
data/s2b_left_complete/burst005_f04_rgb.png,data/s2b_left_complete/burst005_f04_depth.npy,s2b_left_complete,1,0,0,1,1,0,0
data/s2b_left_complete/burst005_f05_rgb.png,data/s2b_left_complete/burst005_f05_depth.npy,s2b_left_complete,1,0,0,1,1,0,0
data/s2b_left_complete/burst005_f06_rgb.png,data/s2b_left_complete/burst005_f06_depth.npy,s2b_left_complete,1,0,0,1,1,0,0
data/s2b_left_complete/burst005_f07_rgb.png,data/s2b_left_complete/burst005_f07_depth.npy,s2b_left_complete,1,0,0,1,1,0,0
data/s2b_left_complete/burst005_f08_rgb.png,data/s2b_left_complete/burst005_f08_depth.npy,s2b_left_complete,1,0,0,1,1,0,0
data/s2b_left_complete/burst005_f09_rgb.png,data/s2b_left_complete/burst005_f09_depth.npy,s2b_left_complete,1,0,0,1,1,0,0
data/s2b_left_complete/burst006_f00_rgb.png,data/s2b_left_complete/burst006_f00_depth.npy,s2b_left_complete,1,0,0,1,1,0,0
data/s2b_left_complete/burst006_f01_rgb.png,data/s2b_left_complete/burst006_f01_depth.npy,s2b_left_complete,1,0,0,1,1,0,0
data/s2b_left_complete/burst006_f02_rgb.png,data/s2b_left_complete/burst006_f02_depth.npy,s2b_left_complete,1,0,0,1,1,0,0
data/s2b_left_complete/burst006_f03_rgb.png,data/s2b_left_complete/burst006_f03_depth.npy,s2b_left_complete,1,0,0,1,1,0,0
data/s2b_left_complete/burst006_f04_rgb.png,data/s2b_left_complete/burst006_f04_depth.npy,s2b_left_complete,1,0,0,1,1,0,0
data/s2b_left_complete/burst006_f05_rgb.png,data/s2b_left_complete/burst006_f05_depth.npy,s2b_left_complete,1,0,0,1,1,0,0
data/s2b_left_complete/burst006_f06_rgb.png,data/s2b_left_complete/burst006_f06_depth.npy,s2b_left_complete,1,0,0,1,1,0,0
data/s2b_left_complete/burst006_f07_rgb.png,data/s2b_left_complete/burst006_f07_depth.npy,s2b_left_complete,1,0,0,1,1,0,0
data/s2b_left_complete/burst006_f08_rgb.png,data/s2b_left_complete/burst006_f08_depth.npy,s2b_left_complete,1,0,0,1,1,0,0
data/s2b_left_complete/burst006_f09_rgb.png,data/s2b_left_complete/burst006_f09_depth.npy,s2b_left_complete,1,0,0,1,1,0,0
data/s2b_left_complete/burst007_f00_rgb.png,data/s2b_left_complete/burst007_f00_depth.npy,s2b_left_complete,1,0,0,1,1,0,0
data/s2b_left_complete/burst007_f01_rgb.png,data/s2b_left_complete/burst007_f01_depth.npy,s2b_left_complete,1,0,0,1,1,0,0
data/s2b_left_complete/burst007_f02_rgb.png,data/s2b_left_complete/burst007_f02_depth.npy,s2b_left_complete,1,0,0,1,1,0,0
data/s2b_left_complete/burst007_f03_rgb.png,data/s2b_left_complete/burst007_f03_depth.npy,s2b_left_complete,1,0,0,1,1,0,0
data/s2b_left_complete/burst007_f04_rgb.png,data/s2b_left_complete/burst007_f04_depth.npy,s2b_left_complete,1,0,0,1,1,0,0
data/s2b_left_complete/burst007_f05_rgb.png,data/s2b_left_complete/burst007_f05_depth.npy,s2b_left_complete,1,0,0,1,1,0,0
data/s2b_left_complete/burst007_f06_rgb.png,data/s2b_left_complete/burst007_f06_depth.npy,s2b_left_complete,1,0,0,1,1,0,0
data/s2b_left_complete/burst007_f07_rgb.png,data/s2b_left_complete/burst007_f07_depth.npy,s2b_left_complete,1,0,0,1,1,0,0
data/s2b_left_complete/burst007_f08_rgb.png,data/s2b_left_complete/burst007_f08_depth.npy,s2b_left_complete,1,0,0,1,1,0,0
data/s2b_left_complete/burst007_f09_rgb.png,data/s2b_left_complete/burst007_f09_depth.npy,s2b_left_complete,1,0,0,1,1,0,0
data/s2b_left_complete/burst008_f00_rgb.png,data/s2b_left_complete/burst008_f00_depth.npy,s2b_left_complete,1,0,0,1,1,0,0
data/s2b_left_complete/burst008_f01_rgb.png,data/s2b_left_complete/burst008_f01_depth.npy,s2b_left_complete,1,0,0,1,1,0,0
data/s2b_left_complete/burst008_f02_rgb.png,data/s2b_left_complete/burst008_f02_depth.npy,s2b_left_complete,1,0,0,1,1,0,0
data/s2b_left_complete/burst008_f03_rgb.png,data/s2b_left_complete/burst008_f03_depth.npy,s2b_left_complete,1,0,0,1,1,0,0
data/s2b_left_complete/burst008_f04_rgb.png,data/s2b_left_complete/burst008_f04_depth.npy,s2b_left_complete,1,0,0,1,1,0,0
data/s2b_left_complete/burst008_f05_rgb.png,data/s2b_left_complete/burst008_f05_depth.npy,s2b_left_complete,1,0,0,1,1,0,0
data/s2b_left_complete/burst008_f06_rgb.png,data/s2b_left_complete/burst008_f06_depth.npy,s2b_left_complete,1,0,0,1,1,0,0
data/s2b_left_complete/burst008_f07_rgb.png,data/s2b_left_complete/burst008_f07_depth.npy,s2b_left_complete,1,0,0,1,1,0,0
data/s2b_left_complete/burst008_f08_rgb.png,data/s2b_left_complete/burst008_f08_depth.npy,s2b_left_complete,1,0,0,1,1,0,0
data/s2b_left_complete/burst008_f09_rgb.png,data/s2b_left_complete/burst008_f09_depth.npy,s2b_left_complete,1,0,0,1,1,0,0
data/s2b_left_complete/burst009_f00_rgb.png,data/s2b_left_complete/burst009_f00_depth.npy,s2b_left_complete,1,0,0,1,1,0,0
data/s2b_left_complete/burst009_f01_rgb.png,data/s2b_left_complete/burst009_f01_depth.npy,s2b_left_complete,1,0,0,1,1,0,0
data/s2b_left_complete/burst009_f02_rgb.png,data/s2b_left_complete/burst009_f02_depth.npy,s2b_left_complete,1,0,0,1,1,0,0
data/s2b_left_complete/burst009_f03_rgb.png,data/s2b_left_complete/burst009_f03_depth.npy,s2b_left_complete,1,0,0,1,1,0,0
data/s2b_left_complete/burst009_f04_rgb.png,data/s2b_left_complete/burst009_f04_depth.npy,s2b_left_complete,1,0,0,1,1,0,0
data/s2b_left_complete/burst009_f05_rgb.png,data/s2b_left_complete/burst009_f05_depth.npy,s2b_left_complete,1,0,0,1,1,0,0
data/s2b_left_complete/burst009_f06_rgb.png,data/s2b_left_complete/burst009_f06_depth.npy,s2b_left_complete,1,0,0,1,1,0,0
data/s2b_left_complete/burst009_f07_rgb.png,data/s2b_left_complete/burst009_f07_depth.npy,s2b_left_complete,1,0,0,1,1,0,0
data/s2b_left_complete/burst009_f08_rgb.png,data/s2b_left_complete/burst009_f08_depth.npy,s2b_left_complete,1,0,0,1,1,0,0
data/s2b_left_complete/burst009_f09_rgb.png,data/s2b_left_complete/burst009_f09_depth.npy,s2b_left_complete,1,0,0,1,1,0,0
data/s2b_left_complete/burst010_f00_rgb.png,data/s2b_left_complete/burst010_f00_depth.npy,s2b_left_complete,1,0,0,1,1,0,0
data/s2b_left_complete/burst010_f01_rgb.png,data/s2b_left_complete/burst010_f01_depth.npy,s2b_left_complete,1,0,0,1,1,0,0
data/s2b_left_complete/burst010_f02_rgb.png,data/s2b_left_complete/burst010_f02_depth.npy,s2b_left_complete,1,0,0,1,1,0,0
data/s2b_left_complete/burst010_f03_rgb.png,data/s2b_left_complete/burst010_f03_depth.npy,s2b_left_complete,1,0,0,1,1,0,0
data/s2b_left_complete/burst010_f04_rgb.png,data/s2b_left_complete/burst010_f04_depth.npy,s2b_left_complete,1,0,0,1,1,0,0
data/s2b_left_complete/burst010_f05_rgb.png,data/s2b_left_complete/burst010_f05_depth.npy,s2b_left_complete,1,0,0,1,1,0,0
data/s2b_left_complete/burst010_f06_rgb.png,data/s2b_left_complete/burst010_f06_depth.npy,s2b_left_complete,1,0,0,1,1,0,0
data/s2b_left_complete/burst010_f07_rgb.png,data/s2b_left_complete/burst010_f07_depth.npy,s2b_left_complete,1,0,0,1,1,0,0
data/s2b_left_complete/burst010_f08_rgb.png,data/s2b_left_complete/burst010_f08_depth.npy,s2b_left_complete,1,0,0,1,1,0,0
data/s2b_left_complete/burst010_f09_rgb.png,data/s2b_left_complete/burst010_f09_depth.npy,s2b_left_complete,1,0,0,1,1,0,0
data/s2b_left_complete/burst011_f00_rgb.png,data/s2b_left_complete/burst011_f00_depth.npy,s2b_left_complete,1,0,0,1,1,0,0
data/s2b_left_complete/burst011_f01_rgb.png,data/s2b_left_complete/burst011_f01_depth.npy,s2b_left_complete,1,0,0,1,1,0,0
data/s2b_left_complete/burst011_f02_rgb.png,data/s2b_left_complete/burst011_f02_depth.npy,s2b_left_complete,1,0,0,1,1,0,0
data/s2b_left_complete/burst011_f03_rgb.png,data/s2b_left_complete/burst011_f03_depth.npy,s2b_left_complete,1,0,0,1,1,0,0
data/s2b_left_complete/burst011_f04_rgb.png,data/s2b_left_complete/burst011_f04_depth.npy,s2b_left_complete,1,0,0,1,1,0,0
data/s2b_left_complete/burst011_f05_rgb.png,data/s2b_left_complete/burst011_f05_depth.npy,s2b_left_complete,1,0,0,1,1,0,0
data/s2b_left_complete/burst011_f06_rgb.png,data/s2b_left_complete/burst011_f06_depth.npy,s2b_left_complete,1,0,0,1,1,0,0
data/s2b_left_complete/burst011_f07_rgb.png,data/s2b_left_complete/burst011_f07_depth.npy,s2b_left_complete,1,0,0,1,1,0,0
data/s2b_left_complete/burst011_f08_rgb.png,data/s2b_left_complete/burst011_f08_depth.npy,s2b_left_complete,1,0,0,1,1,0,0
data/s2b_left_complete/burst011_f09_rgb.png,data/s2b_left_complete/burst011_f09_depth.npy,s2b_left_complete,1,0,0,1,1,0,0
data/s2b_left_complete/burst012_f00_rgb.png,data/s2b_left_complete/burst012_f00_depth.npy,s2b_left_complete,1,0,0,1,1,0,0
data/s2b_left_complete/burst012_f01_rgb.png,data/s2b_left_complete/burst012_f01_depth.npy,s2b_left_complete,1,0,0,1,1,0,0
data/s2b_left_complete/burst012_f02_rgb.png,data/s2b_left_complete/burst012_f02_depth.npy,s2b_left_complete,1,0,0,1,1,0,0
data/s2b_left_complete/burst012_f03_rgb.png,data/s2b_left_complete/burst012_f03_depth.npy,s2b_left_complete,1,0,0,1,1,0,0
data/s2b_left_complete/burst012_f04_rgb.png,data/s2b_left_complete/burst012_f04_depth.npy,s2b_left_complete,1,0,0,1,1,0,0
data/s2b_left_complete/burst012_f05_rgb.png,data/s2b_left_complete/burst012_f05_depth.npy,s2b_left_complete,1,0,0,1,1,0,0
data/s2b_left_complete/burst012_f06_rgb.png,data/s2b_left_complete/burst012_f06_depth.npy,s2b_left_complete,1,0,0,1,1,0,0
data/s2b_left_complete/burst012_f07_rgb.png,data/s2b_left_complete/burst012_f07_depth.npy,s2b_left_complete,1,0,0,1,1,0,0
data/s2b_left_complete/burst012_f08_rgb.png,data/s2b_left_complete/burst012_f08_depth.npy,s2b_left_complete,1,0,0,1,1,0,0
data/s2b_left_complete/burst012_f09_rgb.png,data/s2b_left_complete/burst012_f09_depth.npy,s2b_left_complete,1,0,0,1,1,0,0
data/s2b_left_complete/burst013_f00_rgb.png,data/s2b_left_complete/burst013_f00_depth.npy,s2b_left_complete,1,0,0,1,1,0,0
data/s2b_left_complete/burst013_f01_rgb.png,data/s2b_left_complete/burst013_f01_depth.npy,s2b_left_complete,1,0,0,1,1,0,0
data/s2b_left_complete/burst013_f02_rgb.png,data/s2b_left_complete/burst013_f02_depth.npy,s2b_left_complete,1,0,0,1,1,0,0
data/s2b_left_complete/burst013_f03_rgb.png,data/s2b_left_complete/burst013_f03_depth.npy,s2b_left_complete,1,0,0,1,1,0,0
data/s2b_left_complete/burst013_f04_rgb.png,data/s2b_left_complete/burst013_f04_depth.npy,s2b_left_complete,1,0,0,1,1,0,0
data/s2b_left_complete/burst013_f05_rgb.png,data/s2b_left_complete/burst013_f05_depth.npy,s2b_left_complete,1,0,0,1,1,0,0
data/s2b_left_complete/burst013_f06_rgb.png,data/s2b_left_complete/burst013_f06_depth.npy,s2b_left_complete,1,0,0,1,1,0,0
data/s2b_left_complete/burst013_f07_rgb.png,data/s2b_left_complete/burst013_f07_depth.npy,s2b_left_complete,1,0,0,1,1,0,0
data/s2b_left_complete/burst013_f08_rgb.png,data/s2b_left_complete/burst013_f08_depth.npy,s2b_left_complete,1,0,0,1,1,0,0
data/s2b_left_complete/burst013_f09_rgb.png,data/s2b_left_complete/burst013_f09_depth.npy,s2b_left_complete,1,0,0,1,1,0,0
data/s2b_left_complete/burst014_f00_rgb.png,data/s2b_left_complete/burst014_f00_depth.npy,s2b_left_complete,1,0,0,1,1,0,0
data/s2b_left_complete/burst014_f01_rgb.png,data/s2b_left_complete/burst014_f01_depth.npy,s2b_left_complete,1,0,0,1,1,0,0
data/s2b_left_complete/burst014_f02_rgb.png,data/s2b_left_complete/burst014_f02_depth.npy,s2b_left_complete,1,0,0,1,1,0,0
data/s2b_left_complete/burst014_f03_rgb.png,data/s2b_left_complete/burst014_f03_depth.npy,s2b_left_complete,1,0,0,1,1,0,0
data/s2b_left_complete/burst014_f04_rgb.png,data/s2b_left_complete/burst014_f04_depth.npy,s2b_left_complete,1,0,0,1,1,0,0
data/s2b_left_complete/burst014_f05_rgb.png,data/s2b_left_complete/burst014_f05_depth.npy,s2b_left_complete,1,0,0,1,1,0,0
data/s2b_left_complete/burst014_f06_rgb.png,data/s2b_left_complete/burst014_f06_depth.npy,s2b_left_complete,1,0,0,1,1,0,0
data/s2b_left_complete/burst014_f07_rgb.png,data/s2b_left_complete/burst014_f07_depth.npy,s2b_left_complete,1,0,0,1,1,0,0
data/s2b_left_complete/burst014_f08_rgb.png,data/s2b_left_complete/burst014_f08_depth.npy,s2b_left_complete,1,0,0,1,1,0,0
data/s2b_left_complete/burst014_f09_rgb.png,data/s2b_left_complete/burst014_f09_depth.npy,s2b_left_complete,1,0,0,1,1,0,0
data/s2b_left_complete/burst015_f00_rgb.png,data/s2b_left_complete/burst015_f00_depth.npy,s2b_left_complete,1,0,0,1,1,0,0
data/s2b_left_complete/burst015_f01_rgb.png,data/s2b_left_complete/burst015_f01_depth.npy,s2b_left_complete,1,0,0,1,1,0,0
data/s2b_left_complete/burst015_f02_rgb.png,data/s2b_left_complete/burst015_f02_depth.npy,s2b_left_complete,1,0,0,1,1,0,0
data/s2b_left_complete/burst015_f03_rgb.png,data/s2b_left_complete/burst015_f03_depth.npy,s2b_left_complete,1,0,0,1,1,0,0
data/s2b_left_complete/burst015_f04_rgb.png,data/s2b_left_complete/burst015_f04_depth.npy,s2b_left_complete,1,0,0,1,1,0,0
data/s2b_left_complete/burst015_f05_rgb.png,data/s2b_left_complete/burst015_f05_depth.npy,s2b_left_complete,1,0,0,1,1,0,0
data/s2b_left_complete/burst015_f06_rgb.png,data/s2b_left_complete/burst015_f06_depth.npy,s2b_left_complete,1,0,0,1,1,0,0
data/s2b_left_complete/burst015_f07_rgb.png,data/s2b_left_complete/burst015_f07_depth.npy,s2b_left_complete,1,0,0,1,1,0,0
data/s2b_left_complete/burst015_f08_rgb.png,data/s2b_left_complete/burst015_f08_depth.npy,s2b_left_complete,1,0,0,1,1,0,0
data/s2b_left_complete/burst015_f09_rgb.png,data/s2b_left_complete/burst015_f09_depth.npy,s2b_left_complete,1,0,0,1,1,0,0
data/s2b_left_complete/burst016_f00_rgb.png,data/s2b_left_complete/burst016_f00_depth.npy,s2b_left_complete,1,0,0,1,1,0,0
data/s2b_left_complete/burst016_f01_rgb.png,data/s2b_left_complete/burst016_f01_depth.npy,s2b_left_complete,1,0,0,1,1,0,0
data/s2b_left_complete/burst016_f02_rgb.png,data/s2b_left_complete/burst016_f02_depth.npy,s2b_left_complete,1,0,0,1,1,0,0
data/s2b_left_complete/burst016_f03_rgb.png,data/s2b_left_complete/burst016_f03_depth.npy,s2b_left_complete,1,0,0,1,1,0,0
data/s2b_left_complete/burst016_f04_rgb.png,data/s2b_left_complete/burst016_f04_depth.npy,s2b_left_complete,1,0,0,1,1,0,0
data/s2b_left_complete/burst016_f05_rgb.png,data/s2b_left_complete/burst016_f05_depth.npy,s2b_left_complete,1,0,0,1,1,0,0
data/s2b_left_complete/burst016_f06_rgb.png,data/s2b_left_complete/burst016_f06_depth.npy,s2b_left_complete,1,0,0,1,1,0,0
data/s2b_left_complete/burst016_f07_rgb.png,data/s2b_left_complete/burst016_f07_depth.npy,s2b_left_complete,1,0,0,1,1,0,0
data/s2b_left_complete/burst016_f08_rgb.png,data/s2b_left_complete/burst016_f08_depth.npy,s2b_left_complete,1,0,0,1,1,0,0
data/s2b_left_complete/burst016_f09_rgb.png,data/s2b_left_complete/burst016_f09_depth.npy,s2b_left_complete,1,0,0,1,1,0,0
data/s2b_left_complete/burst017_f00_rgb.png,data/s2b_left_complete/burst017_f00_depth.npy,s2b_left_complete,1,0,0,1,1,0,0
data/s2b_left_complete/burst017_f01_rgb.png,data/s2b_left_complete/burst017_f01_depth.npy,s2b_left_complete,1,0,0,1,1,0,0
data/s2b_left_complete/burst017_f02_rgb.png,data/s2b_left_complete/burst017_f02_depth.npy,s2b_left_complete,1,0,0,1,1,0,0
data/s2b_left_complete/burst017_f03_rgb.png,data/s2b_left_complete/burst017_f03_depth.npy,s2b_left_complete,1,0,0,1,1,0,0
data/s2b_left_complete/burst017_f04_rgb.png,data/s2b_left_complete/burst017_f04_depth.npy,s2b_left_complete,1,0,0,1,1,0,0
data/s2b_left_complete/burst017_f05_rgb.png,data/s2b_left_complete/burst017_f05_depth.npy,s2b_left_complete,1,0,0,1,1,0,0
data/s2b_left_complete/burst017_f06_rgb.png,data/s2b_left_complete/burst017_f06_depth.npy,s2b_left_complete,1,0,0,1,1,0,0
data/s2b_left_complete/burst017_f07_rgb.png,data/s2b_left_complete/burst017_f07_depth.npy,s2b_left_complete,1,0,0,1,1,0,0
data/s2b_left_complete/burst017_f08_rgb.png,data/s2b_left_complete/burst017_f08_depth.npy,s2b_left_complete,1,0,0,1,1,0,0
data/s2b_left_complete/burst017_f09_rgb.png,data/s2b_left_complete/burst017_f09_depth.npy,s2b_left_complete,1,0,0,1,1,0,0
data/s2b_left_complete/burst018_f00_rgb.png,data/s2b_left_complete/burst018_f00_depth.npy,s2b_left_complete,1,0,0,1,1,0,0
data/s2b_left_complete/burst018_f01_rgb.png,data/s2b_left_complete/burst018_f01_depth.npy,s2b_left_complete,1,0,0,1,1,0,0
data/s2b_left_complete/burst018_f02_rgb.png,data/s2b_left_complete/burst018_f02_depth.npy,s2b_left_complete,1,0,0,1,1,0,0
data/s2b_left_complete/burst018_f03_rgb.png,data/s2b_left_complete/burst018_f03_depth.npy,s2b_left_complete,1,0,0,1,1,0,0
data/s2b_left_complete/burst018_f04_rgb.png,data/s2b_left_complete/burst018_f04_depth.npy,s2b_left_complete,1,0,0,1,1,0,0
data/s2b_left_complete/burst018_f05_rgb.png,data/s2b_left_complete/burst018_f05_depth.npy,s2b_left_complete,1,0,0,1,1,0,0
data/s2b_left_complete/burst018_f06_rgb.png,data/s2b_left_complete/burst018_f06_depth.npy,s2b_left_complete,1,0,0,1,1,0,0
data/s2b_left_complete/burst018_f07_rgb.png,data/s2b_left_complete/burst018_f07_depth.npy,s2b_left_complete,1,0,0,1,1,0,0
data/s2b_left_complete/burst018_f08_rgb.png,data/s2b_left_complete/burst018_f08_depth.npy,s2b_left_complete,1,0,0,1,1,0,0
data/s2b_left_complete/burst018_f09_rgb.png,data/s2b_left_complete/burst018_f09_depth.npy,s2b_left_complete,1,0,0,1,1,0,0
data/s2b_left_complete/burst019_f00_rgb.png,data/s2b_left_complete/burst019_f00_depth.npy,s2b_left_complete,1,0,0,1,1,0,0
data/s2b_left_complete/burst019_f01_rgb.png,data/s2b_left_complete/burst019_f01_depth.npy,s2b_left_complete,1,0,0,1,1,0,0
data/s2b_left_complete/burst019_f02_rgb.png,data/s2b_left_complete/burst019_f02_depth.npy,s2b_left_complete,1,0,0,1,1,0,0
data/s2b_left_complete/burst019_f03_rgb.png,data/s2b_left_complete/burst019_f03_depth.npy,s2b_left_complete,1,0,0,1,1,0,0
data/s2b_left_complete/burst019_f04_rgb.png,data/s2b_left_complete/burst019_f04_depth.npy,s2b_left_complete,1,0,0,1,1,0,0
data/s2b_left_complete/burst019_f05_rgb.png,data/s2b_left_complete/burst019_f05_depth.npy,s2b_left_complete,1,0,0,1,1,0,0
data/s2b_left_complete/burst019_f06_rgb.png,data/s2b_left_complete/burst019_f06_depth.npy,s2b_left_complete,1,0,0,1,1,0,0
data/s2b_left_complete/burst019_f07_rgb.png,data/s2b_left_complete/burst019_f07_depth.npy,s2b_left_complete,1,0,0,1,1,0,0
data/s2b_left_complete/burst019_f08_rgb.png,data/s2b_left_complete/burst019_f08_depth.npy,s2b_left_complete,1,0,0,1,1,0,0
data/s2b_left_complete/burst019_f09_rgb.png,data/s2b_left_complete/burst019_f09_depth.npy,s2b_left_complete,1,0,0,1,1,0,0
data/s2b_left_complete/burst020_f00_rgb.png,data/s2b_left_complete/burst020_f00_depth.npy,s2b_left_complete,1,0,0,1,1,0,0
data/s2b_left_complete/burst020_f01_rgb.png,data/s2b_left_complete/burst020_f01_depth.npy,s2b_left_complete,1,0,0,1,1,0,0
data/s2b_left_complete/burst020_f02_rgb.png,data/s2b_left_complete/burst020_f02_depth.npy,s2b_left_complete,1,0,0,1,1,0,0
data/s2b_left_complete/burst020_f03_rgb.png,data/s2b_left_complete/burst020_f03_depth.npy,s2b_left_complete,1,0,0,1,1,0,0
data/s2b_left_complete/burst020_f04_rgb.png,data/s2b_left_complete/burst020_f04_depth.npy,s2b_left_complete,1,0,0,1,1,0,0
data/s2b_left_complete/burst020_f05_rgb.png,data/s2b_left_complete/burst020_f05_depth.npy,s2b_left_complete,1,0,0,1,1,0,0
data/s2b_left_complete/burst020_f06_rgb.png,data/s2b_left_complete/burst020_f06_depth.npy,s2b_left_complete,1,0,0,1,1,0,0
data/s2b_left_complete/burst020_f07_rgb.png,data/s2b_left_complete/burst020_f07_depth.npy,s2b_left_complete,1,0,0,1,1,0,0
data/s2b_left_complete/burst020_f08_rgb.png,data/s2b_left_complete/burst020_f08_depth.npy,s2b_left_complete,1,0,0,1,1,0,0
data/s2b_left_complete/burst020_f09_rgb.png,data/s2b_left_complete/burst020_f09_depth.npy,s2b_left_complete,1,0,0,1,1,0,0
data/s2b_left_complete/burst021_f00_rgb.png,data/s2b_left_complete/burst021_f00_depth.npy,s2b_left_complete,1,0,0,1,1,0,0
data/s2b_left_complete/burst021_f01_rgb.png,data/s2b_left_complete/burst021_f01_depth.npy,s2b_left_complete,1,0,0,1,1,0,0
data/s2b_left_complete/burst021_f02_rgb.png,data/s2b_left_complete/burst021_f02_depth.npy,s2b_left_complete,1,0,0,1,1,0,0
data/s2b_left_complete/burst021_f03_rgb.png,data/s2b_left_complete/burst021_f03_depth.npy,s2b_left_complete,1,0,0,1,1,0,0
data/s2b_left_complete/burst021_f04_rgb.png,data/s2b_left_complete/burst021_f04_depth.npy,s2b_left_complete,1,0,0,1,1,0,0
data/s2b_left_complete/burst021_f05_rgb.png,data/s2b_left_complete/burst021_f05_depth.npy,s2b_left_complete,1,0,0,1,1,0,0
data/s2b_left_complete/burst021_f06_rgb.png,data/s2b_left_complete/burst021_f06_depth.npy,s2b_left_complete,1,0,0,1,1,0,0
data/s2b_left_complete/burst021_f07_rgb.png,data/s2b_left_complete/burst021_f07_depth.npy,s2b_left_complete,1,0,0,1,1,0,0
data/s2b_left_complete/burst021_f08_rgb.png,data/s2b_left_complete/burst021_f08_depth.npy,s2b_left_complete,1,0,0,1,1,0,0
data/s2b_left_complete/burst021_f09_rgb.png,data/s2b_left_complete/burst021_f09_depth.npy,s2b_left_complete,1,0,0,1,1,0,0
data/s2b_left_complete/burst022_f00_rgb.png,data/s2b_left_complete/burst022_f00_depth.npy,s2b_left_complete,1,0,0,1,1,0,0
data/s2b_left_complete/burst022_f01_rgb.png,data/s2b_left_complete/burst022_f01_depth.npy,s2b_left_complete,1,0,0,1,1,0,0
data/s2b_left_complete/burst022_f02_rgb.png,data/s2b_left_complete/burst022_f02_depth.npy,s2b_left_complete,1,0,0,1,1,0,0
data/s2b_left_complete/burst022_f03_rgb.png,data/s2b_left_complete/burst022_f03_depth.npy,s2b_left_complete,1,0,0,1,1,0,0
data/s2b_left_complete/burst022_f04_rgb.png,data/s2b_left_complete/burst022_f04_depth.npy,s2b_left_complete,1,0,0,1,1,0,0
data/s2b_left_complete/burst022_f05_rgb.png,data/s2b_left_complete/burst022_f05_depth.npy,s2b_left_complete,1,0,0,1,1,0,0
data/s2b_left_complete/burst022_f06_rgb.png,data/s2b_left_complete/burst022_f06_depth.npy,s2b_left_complete,1,0,0,1,1,0,0
data/s2b_left_complete/burst022_f07_rgb.png,data/s2b_left_complete/burst022_f07_depth.npy,s2b_left_complete,1,0,0,1,1,0,0
data/s2b_left_complete/burst022_f08_rgb.png,data/s2b_left_complete/burst022_f08_depth.npy,s2b_left_complete,1,0,0,1,1,0,0
data/s2b_left_complete/burst022_f09_rgb.png,data/s2b_left_complete/burst022_f09_depth.npy,s2b_left_complete,1,0,0,1,1,0,0
data/s2b_left_complete/burst023_f00_rgb.png,data/s2b_left_complete/burst023_f00_depth.npy,s2b_left_complete,1,0,0,1,1,0,0
data/s2b_left_complete/burst023_f01_rgb.png,data/s2b_left_complete/burst023_f01_depth.npy,s2b_left_complete,1,0,0,1,1,0,0
data/s2b_left_complete/burst023_f02_rgb.png,data/s2b_left_complete/burst023_f02_depth.npy,s2b_left_complete,1,0,0,1,1,0,0
data/s2b_left_complete/burst023_f03_rgb.png,data/s2b_left_complete/burst023_f03_depth.npy,s2b_left_complete,1,0,0,1,1,0,0
data/s2b_left_complete/burst023_f04_rgb.png,data/s2b_left_complete/burst023_f04_depth.npy,s2b_left_complete,1,0,0,1,1,0,0
data/s2b_left_complete/burst023_f05_rgb.png,data/s2b_left_complete/burst023_f05_depth.npy,s2b_left_complete,1,0,0,1,1,0,0
data/s2b_left_complete/burst023_f06_rgb.png,data/s2b_left_complete/burst023_f06_depth.npy,s2b_left_complete,1,0,0,1,1,0,0
data/s2b_left_complete/burst023_f07_rgb.png,data/s2b_left_complete/burst023_f07_depth.npy,s2b_left_complete,1,0,0,1,1,0,0
data/s2b_left_complete/burst023_f08_rgb.png,data/s2b_left_complete/burst023_f08_depth.npy,s2b_left_complete,1,0,0,1,1,0,0
data/s2b_left_complete/burst023_f09_rgb.png,data/s2b_left_complete/burst023_f09_depth.npy,s2b_left_complete,1,0,0,1,1,0,0
data/s2b_left_complete/burst024_f00_rgb.png,data/s2b_left_complete/burst024_f00_depth.npy,s2b_left_complete,1,0,0,1,1,0,0
data/s2b_left_complete/burst024_f01_rgb.png,data/s2b_left_complete/burst024_f01_depth.npy,s2b_left_complete,1,0,0,1,1,0,0
data/s2b_left_complete/burst024_f02_rgb.png,data/s2b_left_complete/burst024_f02_depth.npy,s2b_left_complete,1,0,0,1,1,0,0
data/s2b_left_complete/burst024_f03_rgb.png,data/s2b_left_complete/burst024_f03_depth.npy,s2b_left_complete,1,0,0,1,1,0,0
data/s2b_left_complete/burst024_f04_rgb.png,data/s2b_left_complete/burst024_f04_depth.npy,s2b_left_complete,1,0,0,1,1,0,0
data/s2b_left_complete/burst024_f05_rgb.png,data/s2b_left_complete/burst024_f05_depth.npy,s2b_left_complete,1,0,0,1,1,0,0
data/s2b_left_complete/burst024_f06_rgb.png,data/s2b_left_complete/burst024_f06_depth.npy,s2b_left_complete,1,0,0,1,1,0,0
data/s2b_left_complete/burst024_f07_rgb.png,data/s2b_left_complete/burst024_f07_depth.npy,s2b_left_complete,1,0,0,1,1,0,0
data/s2b_left_complete/burst024_f08_rgb.png,data/s2b_left_complete/burst024_f08_depth.npy,s2b_left_complete,1,0,0,1,1,0,0
data/s2b_left_complete/burst024_f09_rgb.png,data/s2b_left_complete/burst024_f09_depth.npy,s2b_left_complete,1,0,0,1,1,0,0
data/s2b_left_complete/burst025_f00_rgb.png,data/s2b_left_complete/burst025_f00_depth.npy,s2b_left_complete,1,0,0,1,1,0,0
data/s2b_left_complete/burst025_f01_rgb.png,data/s2b_left_complete/burst025_f01_depth.npy,s2b_left_complete,1,0,0,1,1,0,0
data/s2b_left_complete/burst025_f02_rgb.png,data/s2b_left_complete/burst025_f02_depth.npy,s2b_left_complete,1,0,0,1,1,0,0
data/s2b_left_complete/burst025_f03_rgb.png,data/s2b_left_complete/burst025_f03_depth.npy,s2b_left_complete,1,0,0,1,1,0,0
data/s2b_left_complete/burst025_f04_rgb.png,data/s2b_left_complete/burst025_f04_depth.npy,s2b_left_complete,1,0,0,1,1,0,0
data/s2b_left_complete/burst025_f05_rgb.png,data/s2b_left_complete/burst025_f05_depth.npy,s2b_left_complete,1,0,0,1,1,0,0
data/s2b_left_complete/burst025_f06_rgb.png,data/s2b_left_complete/burst025_f06_depth.npy,s2b_left_complete,1,0,0,1,1,0,0
data/s2b_left_complete/burst025_f07_rgb.png,data/s2b_left_complete/burst025_f07_depth.npy,s2b_left_complete,1,0,0,1,1,0,0
data/s2b_left_complete/burst025_f08_rgb.png,data/s2b_left_complete/burst025_f08_depth.npy,s2b_left_complete,1,0,0,1,1,0,0
data/s2b_left_complete/burst025_f09_rgb.png,data/s2b_left_complete/burst025_f09_depth.npy,s2b_left_complete,1,0,0,1,1,0,0
data/s2b_left_complete/burst026_f00_rgb.png,data/s2b_left_complete/burst026_f00_depth.npy,s2b_left_complete,1,0,0,1,1,0,0
data/s2b_left_complete/burst026_f01_rgb.png,data/s2b_left_complete/burst026_f01_depth.npy,s2b_left_complete,1,0,0,1,1,0,0
data/s2b_left_complete/burst026_f02_rgb.png,data/s2b_left_complete/burst026_f02_depth.npy,s2b_left_complete,1,0,0,1,1,0,0
data/s2b_left_complete/burst026_f03_rgb.png,data/s2b_left_complete/burst026_f03_depth.npy,s2b_left_complete,1,0,0,1,1,0,0
data/s2b_left_complete/burst026_f04_rgb.png,data/s2b_left_complete/burst026_f04_depth.npy,s2b_left_complete,1,0,0,1,1,0,0
data/s2b_left_complete/burst026_f05_rgb.png,data/s2b_left_complete/burst026_f05_depth.npy,s2b_left_complete,1,0,0,1,1,0,0
data/s2b_left_complete/burst026_f06_rgb.png,data/s2b_left_complete/burst026_f06_depth.npy,s2b_left_complete,1,0,0,1,1,0,0
data/s2b_left_complete/burst026_f07_rgb.png,data/s2b_left_complete/burst026_f07_depth.npy,s2b_left_complete,1,0,0,1,1,0,0
data/s2b_left_complete/burst026_f08_rgb.png,data/s2b_left_complete/burst026_f08_depth.npy,s2b_left_complete,1,0,0,1,1,0,0
data/s2b_left_complete/burst026_f09_rgb.png,data/s2b_left_complete/burst026_f09_depth.npy,s2b_left_complete,1,0,0,1,1,0,0
data/s2b_left_complete/burst027_f00_rgb.png,data/s2b_left_complete/burst027_f00_depth.npy,s2b_left_complete,1,0,0,1,1,0,0
data/s2b_left_complete/burst027_f01_rgb.png,data/s2b_left_complete/burst027_f01_depth.npy,s2b_left_complete,1,0,0,1,1,0,0
data/s2b_left_complete/burst027_f02_rgb.png,data/s2b_left_complete/burst027_f02_depth.npy,s2b_left_complete,1,0,0,1,1,0,0
data/s2b_left_complete/burst027_f03_rgb.png,data/s2b_left_complete/burst027_f03_depth.npy,s2b_left_complete,1,0,0,1,1,0,0
data/s2b_left_complete/burst027_f04_rgb.png,data/s2b_left_complete/burst027_f04_depth.npy,s2b_left_complete,1,0,0,1,1,0,0
data/s2b_left_complete/burst027_f05_rgb.png,data/s2b_left_complete/burst027_f05_depth.npy,s2b_left_complete,1,0,0,1,1,0,0
data/s2b_left_complete/burst027_f06_rgb.png,data/s2b_left_complete/burst027_f06_depth.npy,s2b_left_complete,1,0,0,1,1,0,0
data/s2b_left_complete/burst027_f07_rgb.png,data/s2b_left_complete/burst027_f07_depth.npy,s2b_left_complete,1,0,0,1,1,0,0
data/s2b_left_complete/burst027_f08_rgb.png,data/s2b_left_complete/burst027_f08_depth.npy,s2b_left_complete,1,0,0,1,1,0,0
data/s2b_left_complete/burst027_f09_rgb.png,data/s2b_left_complete/burst027_f09_depth.npy,s2b_left_complete,1,0,0,1,1,0,0
data/s2b_left_complete/burst028_f00_rgb.png,data/s2b_left_complete/burst028_f00_depth.npy,s2b_left_complete,1,0,0,1,1,0,0
data/s2b_left_complete/burst028_f01_rgb.png,data/s2b_left_complete/burst028_f01_depth.npy,s2b_left_complete,1,0,0,1,1,0,0
data/s2b_left_complete/burst028_f02_rgb.png,data/s2b_left_complete/burst028_f02_depth.npy,s2b_left_complete,1,0,0,1,1,0,0
data/s2b_left_complete/burst028_f03_rgb.png,data/s2b_left_complete/burst028_f03_depth.npy,s2b_left_complete,1,0,0,1,1,0,0
data/s2b_left_complete/burst028_f04_rgb.png,data/s2b_left_complete/burst028_f04_depth.npy,s2b_left_complete,1,0,0,1,1,0,0
data/s2b_left_complete/burst028_f05_rgb.png,data/s2b_left_complete/burst028_f05_depth.npy,s2b_left_complete,1,0,0,1,1,0,0
data/s2b_left_complete/burst028_f06_rgb.png,data/s2b_left_complete/burst028_f06_depth.npy,s2b_left_complete,1,0,0,1,1,0,0
data/s2b_left_complete/burst028_f07_rgb.png,data/s2b_left_complete/burst028_f07_depth.npy,s2b_left_complete,1,0,0,1,1,0,0
data/s2b_left_complete/burst028_f08_rgb.png,data/s2b_left_complete/burst028_f08_depth.npy,s2b_left_complete,1,0,0,1,1,0,0
data/s2b_left_complete/burst028_f09_rgb.png,data/s2b_left_complete/burst028_f09_depth.npy,s2b_left_complete,1,0,0,1,1,0,0
data/s2b_left_complete/burst029_f00_rgb.png,data/s2b_left_complete/burst029_f00_depth.npy,s2b_left_complete,1,0,0,1,1,0,0
data/s2b_left_complete/burst029_f01_rgb.png,data/s2b_left_complete/burst029_f01_depth.npy,s2b_left_complete,1,0,0,1,1,0,0
data/s2b_left_complete/burst029_f02_rgb.png,data/s2b_left_complete/burst029_f02_depth.npy,s2b_left_complete,1,0,0,1,1,0,0
data/s2b_left_complete/burst029_f03_rgb.png,data/s2b_left_complete/burst029_f03_depth.npy,s2b_left_complete,1,0,0,1,1,0,0
data/s2b_left_complete/burst029_f04_rgb.png,data/s2b_left_complete/burst029_f04_depth.npy,s2b_left_complete,1,0,0,1,1,0,0
data/s2b_left_complete/burst029_f05_rgb.png,data/s2b_left_complete/burst029_f05_depth.npy,s2b_left_complete,1,0,0,1,1,0,0
data/s2b_left_complete/burst029_f06_rgb.png,data/s2b_left_complete/burst029_f06_depth.npy,s2b_left_complete,1,0,0,1,1,0,0
data/s2b_left_complete/burst029_f07_rgb.png,data/s2b_left_complete/burst029_f07_depth.npy,s2b_left_complete,1,0,0,1,1,0,0
data/s2b_left_complete/burst029_f08_rgb.png,data/s2b_left_complete/burst029_f08_depth.npy,s2b_left_complete,1,0,0,1,1,0,0
data/s2b_left_complete/burst029_f09_rgb.png,data/s2b_left_complete/burst029_f09_depth.npy,s2b_left_complete,1,0,0,1,1,0,0
data/s2b_left_complete/burst030_f00_rgb.png,data/s2b_left_complete/burst030_f00_depth.npy,s2b_left_complete,1,0,0,1,1,0,0
data/s2b_left_complete/burst030_f01_rgb.png,data/s2b_left_complete/burst030_f01_depth.npy,s2b_left_complete,1,0,0,1,1,0,0
data/s2b_left_complete/burst030_f02_rgb.png,data/s2b_left_complete/burst030_f02_depth.npy,s2b_left_complete,1,0,0,1,1,0,0
data/s2b_left_complete/burst030_f03_rgb.png,data/s2b_left_complete/burst030_f03_depth.npy,s2b_left_complete,1,0,0,1,1,0,0
data/s2b_left_complete/burst030_f04_rgb.png,data/s2b_left_complete/burst030_f04_depth.npy,s2b_left_complete,1,0,0,1,1,0,0
data/s2b_left_complete/burst030_f05_rgb.png,data/s2b_left_complete/burst030_f05_depth.npy,s2b_left_complete,1,0,0,1,1,0,0
data/s2b_left_complete/burst030_f06_rgb.png,data/s2b_left_complete/burst030_f06_depth.npy,s2b_left_complete,1,0,0,1,1,0,0
data/s2b_left_complete/burst030_f07_rgb.png,data/s2b_left_complete/burst030_f07_depth.npy,s2b_left_complete,1,0,0,1,1,0,0
data/s2b_left_complete/burst030_f08_rgb.png,data/s2b_left_complete/burst030_f08_depth.npy,s2b_left_complete,1,0,0,1,1,0,0
data/s2b_left_complete/burst030_f09_rgb.png,data/s2b_left_complete/burst030_f09_depth.npy,s2b_left_complete,1,0,0,1,1,0,0
data/s2b_left_complete/burst031_f00_rgb.png,data/s2b_left_complete/burst031_f00_depth.npy,s2b_left_complete,1,0,0,1,1,0,0
data/s2b_left_complete/burst031_f01_rgb.png,data/s2b_left_complete/burst031_f01_depth.npy,s2b_left_complete,1,0,0,1,1,0,0
data/s2b_left_complete/burst031_f02_rgb.png,data/s2b_left_complete/burst031_f02_depth.npy,s2b_left_complete,1,0,0,1,1,0,0
data/s2b_left_complete/burst031_f03_rgb.png,data/s2b_left_complete/burst031_f03_depth.npy,s2b_left_complete,1,0,0,1,1,0,0
data/s2b_left_complete/burst031_f04_rgb.png,data/s2b_left_complete/burst031_f04_depth.npy,s2b_left_complete,1,0,0,1,1,0,0
data/s2b_left_complete/burst031_f05_rgb.png,data/s2b_left_complete/burst031_f05_depth.npy,s2b_left_complete,1,0,0,1,1,0,0
data/s2b_left_complete/burst031_f06_rgb.png,data/s2b_left_complete/burst031_f06_depth.npy,s2b_left_complete,1,0,0,1,1,0,0
data/s2b_left_complete/burst031_f07_rgb.png,data/s2b_left_complete/burst031_f07_depth.npy,s2b_left_complete,1,0,0,1,1,0,0
data/s2b_left_complete/burst031_f08_rgb.png,data/s2b_left_complete/burst031_f08_depth.npy,s2b_left_complete,1,0,0,1,1,0,0
data/s2b_left_complete/burst031_f09_rgb.png,data/s2b_left_complete/burst031_f09_depth.npy,s2b_left_complete,1,0,0,1,1,0,0
data/s2b_partial_left/burst000_f00_rgb.png,data/s2b_partial_left/burst000_f00_depth.npy,s2b_partial_left,1,0,0,1,0,0,0
data/s2b_partial_left/burst000_f01_rgb.png,data/s2b_partial_left/burst000_f01_depth.npy,s2b_partial_left,1,0,0,1,0,0,0
data/s2b_partial_left/burst000_f02_rgb.png,data/s2b_partial_left/burst000_f02_depth.npy,s2b_partial_left,1,0,0,1,0,0,0
data/s2b_partial_left/burst000_f03_rgb.png,data/s2b_partial_left/burst000_f03_depth.npy,s2b_partial_left,1,0,0,1,0,0,0
data/s2b_partial_left/burst000_f04_rgb.png,data/s2b_partial_left/burst000_f04_depth.npy,s2b_partial_left,1,0,0,1,0,0,0
data/s2b_partial_left/burst000_f05_rgb.png,data/s2b_partial_left/burst000_f05_depth.npy,s2b_partial_left,1,0,0,1,0,0,0
data/s2b_partial_left/burst000_f06_rgb.png,data/s2b_partial_left/burst000_f06_depth.npy,s2b_partial_left,1,0,0,1,0,0,0
data/s2b_partial_left/burst000_f07_rgb.png,data/s2b_partial_left/burst000_f07_depth.npy,s2b_partial_left,1,0,0,1,0,0,0
data/s2b_partial_left/burst000_f08_rgb.png,data/s2b_partial_left/burst000_f08_depth.npy,s2b_partial_left,1,0,0,1,0,0,0
data/s2b_partial_left/burst000_f09_rgb.png,data/s2b_partial_left/burst000_f09_depth.npy,s2b_partial_left,1,0,0,1,0,0,0
data/s2b_partial_left/burst001_f00_rgb.png,data/s2b_partial_left/burst001_f00_depth.npy,s2b_partial_left,1,0,0,1,0,0,0
data/s2b_partial_left/burst001_f01_rgb.png,data/s2b_partial_left/burst001_f01_depth.npy,s2b_partial_left,1,0,0,1,0,0,0
data/s2b_partial_left/burst001_f02_rgb.png,data/s2b_partial_left/burst001_f02_depth.npy,s2b_partial_left,1,0,0,1,0,0,0
data/s2b_partial_left/burst001_f03_rgb.png,data/s2b_partial_left/burst001_f03_depth.npy,s2b_partial_left,1,0,0,1,0,0,0
data/s2b_partial_left/burst001_f04_rgb.png,data/s2b_partial_left/burst001_f04_depth.npy,s2b_partial_left,1,0,0,1,0,0,0
data/s2b_partial_left/burst001_f05_rgb.png,data/s2b_partial_left/burst001_f05_depth.npy,s2b_partial_left,1,0,0,1,0,0,0
data/s2b_partial_left/burst001_f06_rgb.png,data/s2b_partial_left/burst001_f06_depth.npy,s2b_partial_left,1,0,0,1,0,0,0
data/s2b_partial_left/burst001_f07_rgb.png,data/s2b_partial_left/burst001_f07_depth.npy,s2b_partial_left,1,0,0,1,0,0,0
data/s2b_partial_left/burst001_f08_rgb.png,data/s2b_partial_left/burst001_f08_depth.npy,s2b_partial_left,1,0,0,1,0,0,0
data/s2b_partial_left/burst001_f09_rgb.png,data/s2b_partial_left/burst001_f09_depth.npy,s2b_partial_left,1,0,0,1,0,0,0
data/s2b_partial_left/burst002_f00_rgb.png,data/s2b_partial_left/burst002_f00_depth.npy,s2b_partial_left,1,0,0,1,0,0,0
data/s2b_partial_left/burst002_f01_rgb.png,data/s2b_partial_left/burst002_f01_depth.npy,s2b_partial_left,1,0,0,1,0,0,0
data/s2b_partial_left/burst002_f02_rgb.png,data/s2b_partial_left/burst002_f02_depth.npy,s2b_partial_left,1,0,0,1,0,0,0
data/s2b_partial_left/burst002_f03_rgb.png,data/s2b_partial_left/burst002_f03_depth.npy,s2b_partial_left,1,0,0,1,0,0,0
data/s2b_partial_left/burst002_f04_rgb.png,data/s2b_partial_left/burst002_f04_depth.npy,s2b_partial_left,1,0,0,1,0,0,0
data/s2b_partial_left/burst002_f05_rgb.png,data/s2b_partial_left/burst002_f05_depth.npy,s2b_partial_left,1,0,0,1,0,0,0
data/s2b_partial_left/burst002_f06_rgb.png,data/s2b_partial_left/burst002_f06_depth.npy,s2b_partial_left,1,0,0,1,0,0,0
data/s2b_partial_left/burst002_f07_rgb.png,data/s2b_partial_left/burst002_f07_depth.npy,s2b_partial_left,1,0,0,1,0,0,0
data/s2b_partial_left/burst002_f08_rgb.png,data/s2b_partial_left/burst002_f08_depth.npy,s2b_partial_left,1,0,0,1,0,0,0
data/s2b_partial_left/burst002_f09_rgb.png,data/s2b_partial_left/burst002_f09_depth.npy,s2b_partial_left,1,0,0,1,0,0,0
data/s2b_partial_left/burst003_f00_rgb.png,data/s2b_partial_left/burst003_f00_depth.npy,s2b_partial_left,1,0,0,1,0,0,0
data/s2b_partial_left/burst003_f01_rgb.png,data/s2b_partial_left/burst003_f01_depth.npy,s2b_partial_left,1,0,0,1,0,0,0
data/s2b_partial_left/burst003_f02_rgb.png,data/s2b_partial_left/burst003_f02_depth.npy,s2b_partial_left,1,0,0,1,0,0,0
data/s2b_partial_left/burst003_f03_rgb.png,data/s2b_partial_left/burst003_f03_depth.npy,s2b_partial_left,1,0,0,1,0,0,0
data/s2b_partial_left/burst003_f04_rgb.png,data/s2b_partial_left/burst003_f04_depth.npy,s2b_partial_left,1,0,0,1,0,0,0
data/s2b_partial_left/burst003_f05_rgb.png,data/s2b_partial_left/burst003_f05_depth.npy,s2b_partial_left,1,0,0,1,0,0,0
data/s2b_partial_left/burst003_f06_rgb.png,data/s2b_partial_left/burst003_f06_depth.npy,s2b_partial_left,1,0,0,1,0,0,0
data/s2b_partial_left/burst003_f07_rgb.png,data/s2b_partial_left/burst003_f07_depth.npy,s2b_partial_left,1,0,0,1,0,0,0
data/s2b_partial_left/burst003_f08_rgb.png,data/s2b_partial_left/burst003_f08_depth.npy,s2b_partial_left,1,0,0,1,0,0,0
data/s2b_partial_left/burst003_f09_rgb.png,data/s2b_partial_left/burst003_f09_depth.npy,s2b_partial_left,1,0,0,1,0,0,0
data/s2b_partial_left/burst004_f00_rgb.png,data/s2b_partial_left/burst004_f00_depth.npy,s2b_partial_left,1,0,0,1,0,0,0
data/s2b_partial_left/burst004_f01_rgb.png,data/s2b_partial_left/burst004_f01_depth.npy,s2b_partial_left,1,0,0,1,0,0,0
data/s2b_partial_left/burst004_f02_rgb.png,data/s2b_partial_left/burst004_f02_depth.npy,s2b_partial_left,1,0,0,1,0,0,0
data/s2b_partial_left/burst004_f03_rgb.png,data/s2b_partial_left/burst004_f03_depth.npy,s2b_partial_left,1,0,0,1,0,0,0
data/s2b_partial_left/burst004_f04_rgb.png,data/s2b_partial_left/burst004_f04_depth.npy,s2b_partial_left,1,0,0,1,0,0,0
data/s2b_partial_left/burst004_f05_rgb.png,data/s2b_partial_left/burst004_f05_depth.npy,s2b_partial_left,1,0,0,1,0,0,0
data/s2b_partial_left/burst004_f06_rgb.png,data/s2b_partial_left/burst004_f06_depth.npy,s2b_partial_left,1,0,0,1,0,0,0
data/s2b_partial_left/burst004_f07_rgb.png,data/s2b_partial_left/burst004_f07_depth.npy,s2b_partial_left,1,0,0,1,0,0,0
data/s2b_partial_left/burst004_f08_rgb.png,data/s2b_partial_left/burst004_f08_depth.npy,s2b_partial_left,1,0,0,1,0,0,0
data/s2b_partial_left/burst004_f09_rgb.png,data/s2b_partial_left/burst004_f09_depth.npy,s2b_partial_left,1,0,0,1,0,0,0
data/s2b_partial_left/burst005_f00_rgb.png,data/s2b_partial_left/burst005_f00_depth.npy,s2b_partial_left,1,0,0,1,0,0,0
data/s2b_partial_left/burst005_f01_rgb.png,data/s2b_partial_left/burst005_f01_depth.npy,s2b_partial_left,1,0,0,1,0,0,0
data/s2b_partial_left/burst005_f02_rgb.png,data/s2b_partial_left/burst005_f02_depth.npy,s2b_partial_left,1,0,0,1,0,0,0
data/s2b_partial_left/burst005_f03_rgb.png,data/s2b_partial_left/burst005_f03_depth.npy,s2b_partial_left,1,0,0,1,0,0,0
data/s2b_partial_left/burst005_f04_rgb.png,data/s2b_partial_left/burst005_f04_depth.npy,s2b_partial_left,1,0,0,1,0,0,0
data/s2b_partial_left/burst005_f05_rgb.png,data/s2b_partial_left/burst005_f05_depth.npy,s2b_partial_left,1,0,0,1,0,0,0
data/s2b_partial_left/burst005_f06_rgb.png,data/s2b_partial_left/burst005_f06_depth.npy,s2b_partial_left,1,0,0,1,0,0,0
data/s2b_partial_left/burst005_f07_rgb.png,data/s2b_partial_left/burst005_f07_depth.npy,s2b_partial_left,1,0,0,1,0,0,0
data/s2b_partial_left/burst005_f08_rgb.png,data/s2b_partial_left/burst005_f08_depth.npy,s2b_partial_left,1,0,0,1,0,0,0
data/s2b_partial_left/burst005_f09_rgb.png,data/s2b_partial_left/burst005_f09_depth.npy,s2b_partial_left,1,0,0,1,0,0,0
data/s2b_partial_left/burst006_f00_rgb.png,data/s2b_partial_left/burst006_f00_depth.npy,s2b_partial_left,1,0,0,1,0,0,0
data/s2b_partial_left/burst006_f01_rgb.png,data/s2b_partial_left/burst006_f01_depth.npy,s2b_partial_left,1,0,0,1,0,0,0
data/s2b_partial_left/burst006_f02_rgb.png,data/s2b_partial_left/burst006_f02_depth.npy,s2b_partial_left,1,0,0,1,0,0,0
data/s2b_partial_left/burst006_f03_rgb.png,data/s2b_partial_left/burst006_f03_depth.npy,s2b_partial_left,1,0,0,1,0,0,0
data/s2b_partial_left/burst006_f04_rgb.png,data/s2b_partial_left/burst006_f04_depth.npy,s2b_partial_left,1,0,0,1,0,0,0
data/s2b_partial_left/burst006_f05_rgb.png,data/s2b_partial_left/burst006_f05_depth.npy,s2b_partial_left,1,0,0,1,0,0,0
data/s2b_partial_left/burst006_f06_rgb.png,data/s2b_partial_left/burst006_f06_depth.npy,s2b_partial_left,1,0,0,1,0,0,0
data/s2b_partial_left/burst006_f07_rgb.png,data/s2b_partial_left/burst006_f07_depth.npy,s2b_partial_left,1,0,0,1,0,0,0
data/s2b_partial_left/burst006_f08_rgb.png,data/s2b_partial_left/burst006_f08_depth.npy,s2b_partial_left,1,0,0,1,0,0,0
data/s2b_partial_left/burst006_f09_rgb.png,data/s2b_partial_left/burst006_f09_depth.npy,s2b_partial_left,1,0,0,1,0,0,0
data/s2b_partial_left/burst007_f00_rgb.png,data/s2b_partial_left/burst007_f00_depth.npy,s2b_partial_left,1,0,0,1,0,0,0
data/s2b_partial_left/burst007_f01_rgb.png,data/s2b_partial_left/burst007_f01_depth.npy,s2b_partial_left,1,0,0,1,0,0,0
data/s2b_partial_left/burst007_f02_rgb.png,data/s2b_partial_left/burst007_f02_depth.npy,s2b_partial_left,1,0,0,1,0,0,0
data/s2b_partial_left/burst007_f03_rgb.png,data/s2b_partial_left/burst007_f03_depth.npy,s2b_partial_left,1,0,0,1,0,0,0
data/s2b_partial_left/burst007_f04_rgb.png,data/s2b_partial_left/burst007_f04_depth.npy,s2b_partial_left,1,0,0,1,0,0,0
data/s2b_partial_left/burst007_f05_rgb.png,data/s2b_partial_left/burst007_f05_depth.npy,s2b_partial_left,1,0,0,1,0,0,0
data/s2b_partial_left/burst007_f06_rgb.png,data/s2b_partial_left/burst007_f06_depth.npy,s2b_partial_left,1,0,0,1,0,0,0
data/s2b_partial_left/burst007_f07_rgb.png,data/s2b_partial_left/burst007_f07_depth.npy,s2b_partial_left,1,0,0,1,0,0,0
data/s2b_partial_left/burst007_f08_rgb.png,data/s2b_partial_left/burst007_f08_depth.npy,s2b_partial_left,1,0,0,1,0,0,0
data/s2b_partial_left/burst007_f09_rgb.png,data/s2b_partial_left/burst007_f09_depth.npy,s2b_partial_left,1,0,0,1,0,0,0
data/s2b_partial_left/burst008_f00_rgb.png,data/s2b_partial_left/burst008_f00_depth.npy,s2b_partial_left,1,0,0,1,0,0,0
data/s2b_partial_left/burst008_f01_rgb.png,data/s2b_partial_left/burst008_f01_depth.npy,s2b_partial_left,1,0,0,1,0,0,0
data/s2b_partial_left/burst008_f02_rgb.png,data/s2b_partial_left/burst008_f02_depth.npy,s2b_partial_left,1,0,0,1,0,0,0
data/s2b_partial_left/burst008_f03_rgb.png,data/s2b_partial_left/burst008_f03_depth.npy,s2b_partial_left,1,0,0,1,0,0,0
data/s2b_partial_left/burst008_f04_rgb.png,data/s2b_partial_left/burst008_f04_depth.npy,s2b_partial_left,1,0,0,1,0,0,0
data/s2b_partial_left/burst008_f05_rgb.png,data/s2b_partial_left/burst008_f05_depth.npy,s2b_partial_left,1,0,0,1,0,0,0
data/s2b_partial_left/burst008_f06_rgb.png,data/s2b_partial_left/burst008_f06_depth.npy,s2b_partial_left,1,0,0,1,0,0,0
data/s2b_partial_left/burst008_f07_rgb.png,data/s2b_partial_left/burst008_f07_depth.npy,s2b_partial_left,1,0,0,1,0,0,0
data/s2b_partial_left/burst008_f08_rgb.png,data/s2b_partial_left/burst008_f08_depth.npy,s2b_partial_left,1,0,0,1,0,0,0
data/s2b_partial_left/burst008_f09_rgb.png,data/s2b_partial_left/burst008_f09_depth.npy,s2b_partial_left,1,0,0,1,0,0,0
data/s2b_partial_left/burst009_f00_rgb.png,data/s2b_partial_left/burst009_f00_depth.npy,s2b_partial_left,1,0,0,1,0,0,0
data/s2b_partial_left/burst009_f01_rgb.png,data/s2b_partial_left/burst009_f01_depth.npy,s2b_partial_left,1,0,0,1,0,0,0
data/s2b_partial_left/burst009_f02_rgb.png,data/s2b_partial_left/burst009_f02_depth.npy,s2b_partial_left,1,0,0,1,0,0,0
data/s2b_partial_left/burst009_f03_rgb.png,data/s2b_partial_left/burst009_f03_depth.npy,s2b_partial_left,1,0,0,1,0,0,0
data/s2b_partial_left/burst009_f04_rgb.png,data/s2b_partial_left/burst009_f04_depth.npy,s2b_partial_left,1,0,0,1,0,0,0
data/s2b_partial_left/burst009_f05_rgb.png,data/s2b_partial_left/burst009_f05_depth.npy,s2b_partial_left,1,0,0,1,0,0,0
data/s2b_partial_left/burst009_f06_rgb.png,data/s2b_partial_left/burst009_f06_depth.npy,s2b_partial_left,1,0,0,1,0,0,0
data/s2b_partial_left/burst009_f07_rgb.png,data/s2b_partial_left/burst009_f07_depth.npy,s2b_partial_left,1,0,0,1,0,0,0
data/s2b_partial_left/burst009_f08_rgb.png,data/s2b_partial_left/burst009_f08_depth.npy,s2b_partial_left,1,0,0,1,0,0,0
data/s2b_partial_left/burst009_f09_rgb.png,data/s2b_partial_left/burst009_f09_depth.npy,s2b_partial_left,1,0,0,1,0,0,0
data/s2b_partial_left/burst010_f00_rgb.png,data/s2b_partial_left/burst010_f00_depth.npy,s2b_partial_left,1,0,0,1,0,0,0
data/s2b_partial_left/burst010_f01_rgb.png,data/s2b_partial_left/burst010_f01_depth.npy,s2b_partial_left,1,0,0,1,0,0,0
data/s2b_partial_left/burst010_f02_rgb.png,data/s2b_partial_left/burst010_f02_depth.npy,s2b_partial_left,1,0,0,1,0,0,0
data/s2b_partial_left/burst010_f03_rgb.png,data/s2b_partial_left/burst010_f03_depth.npy,s2b_partial_left,1,0,0,1,0,0,0
data/s2b_partial_left/burst010_f04_rgb.png,data/s2b_partial_left/burst010_f04_depth.npy,s2b_partial_left,1,0,0,1,0,0,0
data/s2b_partial_left/burst010_f05_rgb.png,data/s2b_partial_left/burst010_f05_depth.npy,s2b_partial_left,1,0,0,1,0,0,0
data/s2b_partial_left/burst010_f06_rgb.png,data/s2b_partial_left/burst010_f06_depth.npy,s2b_partial_left,1,0,0,1,0,0,0
data/s2b_partial_left/burst010_f07_rgb.png,data/s2b_partial_left/burst010_f07_depth.npy,s2b_partial_left,1,0,0,1,0,0,0
data/s2b_partial_left/burst010_f08_rgb.png,data/s2b_partial_left/burst010_f08_depth.npy,s2b_partial_left,1,0,0,1,0,0,0
data/s2b_partial_left/burst010_f09_rgb.png,data/s2b_partial_left/burst010_f09_depth.npy,s2b_partial_left,1,0,0,1,0,0,0
data/s2b_partial_left/burst011_f00_rgb.png,data/s2b_partial_left/burst011_f00_depth.npy,s2b_partial_left,1,0,0,1,0,0,0
data/s2b_partial_left/burst011_f01_rgb.png,data/s2b_partial_left/burst011_f01_depth.npy,s2b_partial_left,1,0,0,1,0,0,0
data/s2b_partial_left/burst011_f02_rgb.png,data/s2b_partial_left/burst011_f02_depth.npy,s2b_partial_left,1,0,0,1,0,0,0
data/s2b_partial_left/burst011_f03_rgb.png,data/s2b_partial_left/burst011_f03_depth.npy,s2b_partial_left,1,0,0,1,0,0,0
data/s2b_partial_left/burst011_f04_rgb.png,data/s2b_partial_left/burst011_f04_depth.npy,s2b_partial_left,1,0,0,1,0,0,0
data/s2b_partial_left/burst011_f05_rgb.png,data/s2b_partial_left/burst011_f05_depth.npy,s2b_partial_left,1,0,0,1,0,0,0
data/s2b_partial_left/burst011_f06_rgb.png,data/s2b_partial_left/burst011_f06_depth.npy,s2b_partial_left,1,0,0,1,0,0,0
data/s2b_partial_left/burst011_f07_rgb.png,data/s2b_partial_left/burst011_f07_depth.npy,s2b_partial_left,1,0,0,1,0,0,0
data/s2b_partial_left/burst011_f08_rgb.png,data/s2b_partial_left/burst011_f08_depth.npy,s2b_partial_left,1,0,0,1,0,0,0
data/s2b_partial_left/burst011_f09_rgb.png,data/s2b_partial_left/burst011_f09_depth.npy,s2b_partial_left,1,0,0,1,0,0,0
data/s2b_partial_left/burst012_f00_rgb.png,data/s2b_partial_left/burst012_f00_depth.npy,s2b_partial_left,1,0,0,1,0,0,0
data/s2b_partial_left/burst012_f01_rgb.png,data/s2b_partial_left/burst012_f01_depth.npy,s2b_partial_left,1,0,0,1,0,0,0
data/s2b_partial_left/burst012_f02_rgb.png,data/s2b_partial_left/burst012_f02_depth.npy,s2b_partial_left,1,0,0,1,0,0,0
data/s2b_partial_left/burst012_f03_rgb.png,data/s2b_partial_left/burst012_f03_depth.npy,s2b_partial_left,1,0,0,1,0,0,0
data/s2b_partial_left/burst012_f04_rgb.png,data/s2b_partial_left/burst012_f04_depth.npy,s2b_partial_left,1,0,0,1,0,0,0
data/s2b_partial_left/burst012_f05_rgb.png,data/s2b_partial_left/burst012_f05_depth.npy,s2b_partial_left,1,0,0,1,0,0,0
data/s2b_partial_left/burst012_f06_rgb.png,data/s2b_partial_left/burst012_f06_depth.npy,s2b_partial_left,1,0,0,1,0,0,0
data/s2b_partial_left/burst012_f07_rgb.png,data/s2b_partial_left/burst012_f07_depth.npy,s2b_partial_left,1,0,0,1,0,0,0
data/s2b_partial_left/burst012_f08_rgb.png,data/s2b_partial_left/burst012_f08_depth.npy,s2b_partial_left,1,0,0,1,0,0,0
data/s2b_partial_left/burst012_f09_rgb.png,data/s2b_partial_left/burst012_f09_depth.npy,s2b_partial_left,1,0,0,1,0,0,0
data/s2b_partial_left/burst013_f00_rgb.png,data/s2b_partial_left/burst013_f00_depth.npy,s2b_partial_left,1,0,0,1,0,0,0
data/s2b_partial_left/burst013_f01_rgb.png,data/s2b_partial_left/burst013_f01_depth.npy,s2b_partial_left,1,0,0,1,0,0,0
data/s2b_partial_left/burst013_f02_rgb.png,data/s2b_partial_left/burst013_f02_depth.npy,s2b_partial_left,1,0,0,1,0,0,0
data/s2b_partial_left/burst013_f03_rgb.png,data/s2b_partial_left/burst013_f03_depth.npy,s2b_partial_left,1,0,0,1,0,0,0
data/s2b_partial_left/burst013_f04_rgb.png,data/s2b_partial_left/burst013_f04_depth.npy,s2b_partial_left,1,0,0,1,0,0,0
data/s2b_partial_left/burst013_f05_rgb.png,data/s2b_partial_left/burst013_f05_depth.npy,s2b_partial_left,1,0,0,1,0,0,0
data/s2b_partial_left/burst013_f06_rgb.png,data/s2b_partial_left/burst013_f06_depth.npy,s2b_partial_left,1,0,0,1,0,0,0
data/s2b_partial_left/burst013_f07_rgb.png,data/s2b_partial_left/burst013_f07_depth.npy,s2b_partial_left,1,0,0,1,0,0,0
data/s2b_partial_left/burst013_f08_rgb.png,data/s2b_partial_left/burst013_f08_depth.npy,s2b_partial_left,1,0,0,1,0,0,0
data/s2b_partial_left/burst013_f09_rgb.png,data/s2b_partial_left/burst013_f09_depth.npy,s2b_partial_left,1,0,0,1,0,0,0
data/s2b_partial_left/burst014_f00_rgb.png,data/s2b_partial_left/burst014_f00_depth.npy,s2b_partial_left,1,0,0,1,0,0,0
data/s2b_partial_left/burst014_f01_rgb.png,data/s2b_partial_left/burst014_f01_depth.npy,s2b_partial_left,1,0,0,1,0,0,0
data/s2b_partial_left/burst014_f02_rgb.png,data/s2b_partial_left/burst014_f02_depth.npy,s2b_partial_left,1,0,0,1,0,0,0
data/s2b_partial_left/burst014_f03_rgb.png,data/s2b_partial_left/burst014_f03_depth.npy,s2b_partial_left,1,0,0,1,0,0,0
data/s2b_partial_left/burst014_f04_rgb.png,data/s2b_partial_left/burst014_f04_depth.npy,s2b_partial_left,1,0,0,1,0,0,0
data/s2b_partial_left/burst014_f05_rgb.png,data/s2b_partial_left/burst014_f05_depth.npy,s2b_partial_left,1,0,0,1,0,0,0
data/s2b_partial_left/burst014_f06_rgb.png,data/s2b_partial_left/burst014_f06_depth.npy,s2b_partial_left,1,0,0,1,0,0,0
data/s2b_partial_left/burst014_f07_rgb.png,data/s2b_partial_left/burst014_f07_depth.npy,s2b_partial_left,1,0,0,1,0,0,0
data/s2b_partial_left/burst014_f08_rgb.png,data/s2b_partial_left/burst014_f08_depth.npy,s2b_partial_left,1,0,0,1,0,0,0
data/s2b_partial_left/burst014_f09_rgb.png,data/s2b_partial_left/burst014_f09_depth.npy,s2b_partial_left,1,0,0,1,0,0,0
data/s2b_partial_left/burst015_f00_rgb.png,data/s2b_partial_left/burst015_f00_depth.npy,s2b_partial_left,1,0,0,1,0,0,0
data/s2b_partial_left/burst015_f01_rgb.png,data/s2b_partial_left/burst015_f01_depth.npy,s2b_partial_left,1,0,0,1,0,0,0
data/s2b_partial_left/burst015_f02_rgb.png,data/s2b_partial_left/burst015_f02_depth.npy,s2b_partial_left,1,0,0,1,0,0,0
data/s2b_partial_left/burst015_f03_rgb.png,data/s2b_partial_left/burst015_f03_depth.npy,s2b_partial_left,1,0,0,1,0,0,0
data/s2b_partial_left/burst015_f04_rgb.png,data/s2b_partial_left/burst015_f04_depth.npy,s2b_partial_left,1,0,0,1,0,0,0
data/s2b_partial_left/burst015_f05_rgb.png,data/s2b_partial_left/burst015_f05_depth.npy,s2b_partial_left,1,0,0,1,0,0,0
data/s2b_partial_left/burst015_f06_rgb.png,data/s2b_partial_left/burst015_f06_depth.npy,s2b_partial_left,1,0,0,1,0,0,0
data/s2b_partial_left/burst015_f07_rgb.png,data/s2b_partial_left/burst015_f07_depth.npy,s2b_partial_left,1,0,0,1,0,0,0
data/s2b_partial_left/burst015_f08_rgb.png,data/s2b_partial_left/burst015_f08_depth.npy,s2b_partial_left,1,0,0,1,0,0,0
data/s2b_partial_left/burst015_f09_rgb.png,data/s2b_partial_left/burst015_f09_depth.npy,s2b_partial_left,1,0,0,1,0,0,0
data/s2b_partial_left/burst016_f00_rgb.png,data/s2b_partial_left/burst016_f00_depth.npy,s2b_partial_left,1,0,0,1,0,0,0
data/s2b_partial_left/burst016_f01_rgb.png,data/s2b_partial_left/burst016_f01_depth.npy,s2b_partial_left,1,0,0,1,0,0,0
data/s2b_partial_left/burst016_f02_rgb.png,data/s2b_partial_left/burst016_f02_depth.npy,s2b_partial_left,1,0,0,1,0,0,0
data/s2b_partial_left/burst016_f03_rgb.png,data/s2b_partial_left/burst016_f03_depth.npy,s2b_partial_left,1,0,0,1,0,0,0
data/s2b_partial_left/burst016_f04_rgb.png,data/s2b_partial_left/burst016_f04_depth.npy,s2b_partial_left,1,0,0,1,0,0,0
data/s2b_partial_left/burst016_f05_rgb.png,data/s2b_partial_left/burst016_f05_depth.npy,s2b_partial_left,1,0,0,1,0,0,0
data/s2b_partial_left/burst016_f06_rgb.png,data/s2b_partial_left/burst016_f06_depth.npy,s2b_partial_left,1,0,0,1,0,0,0
data/s2b_partial_left/burst016_f07_rgb.png,data/s2b_partial_left/burst016_f07_depth.npy,s2b_partial_left,1,0,0,1,0,0,0
data/s2b_partial_left/burst016_f08_rgb.png,data/s2b_partial_left/burst016_f08_depth.npy,s2b_partial_left,1,0,0,1,0,0,0
data/s2b_partial_left/burst016_f09_rgb.png,data/s2b_partial_left/burst016_f09_depth.npy,s2b_partial_left,1,0,0,1,0,0,0
data/s2b_partial_left/burst017_f00_rgb.png,data/s2b_partial_left/burst017_f00_depth.npy,s2b_partial_left,1,0,0,1,0,0,0
data/s2b_partial_left/burst017_f01_rgb.png,data/s2b_partial_left/burst017_f01_depth.npy,s2b_partial_left,1,0,0,1,0,0,0
data/s2b_partial_left/burst017_f02_rgb.png,data/s2b_partial_left/burst017_f02_depth.npy,s2b_partial_left,1,0,0,1,0,0,0
data/s2b_partial_left/burst017_f03_rgb.png,data/s2b_partial_left/burst017_f03_depth.npy,s2b_partial_left,1,0,0,1,0,0,0
data/s2b_partial_left/burst017_f04_rgb.png,data/s2b_partial_left/burst017_f04_depth.npy,s2b_partial_left,1,0,0,1,0,0,0
data/s2b_partial_left/burst017_f05_rgb.png,data/s2b_partial_left/burst017_f05_depth.npy,s2b_partial_left,1,0,0,1,0,0,0
data/s2b_partial_left/burst017_f06_rgb.png,data/s2b_partial_left/burst017_f06_depth.npy,s2b_partial_left,1,0,0,1,0,0,0
data/s2b_partial_left/burst017_f07_rgb.png,data/s2b_partial_left/burst017_f07_depth.npy,s2b_partial_left,1,0,0,1,0,0,0
data/s2b_partial_left/burst017_f08_rgb.png,data/s2b_partial_left/burst017_f08_depth.npy,s2b_partial_left,1,0,0,1,0,0,0
data/s2b_partial_left/burst017_f09_rgb.png,data/s2b_partial_left/burst017_f09_depth.npy,s2b_partial_left,1,0,0,1,0,0,0
data/s2b_partial_left/burst018_f00_rgb.png,data/s2b_partial_left/burst018_f00_depth.npy,s2b_partial_left,1,0,0,1,0,0,0
data/s2b_partial_left/burst018_f01_rgb.png,data/s2b_partial_left/burst018_f01_depth.npy,s2b_partial_left,1,0,0,1,0,0,0
data/s2b_partial_left/burst018_f02_rgb.png,data/s2b_partial_left/burst018_f02_depth.npy,s2b_partial_left,1,0,0,1,0,0,0
data/s2b_partial_left/burst018_f03_rgb.png,data/s2b_partial_left/burst018_f03_depth.npy,s2b_partial_left,1,0,0,1,0,0,0
data/s2b_partial_left/burst018_f04_rgb.png,data/s2b_partial_left/burst018_f04_depth.npy,s2b_partial_left,1,0,0,1,0,0,0
data/s2b_partial_left/burst018_f05_rgb.png,data/s2b_partial_left/burst018_f05_depth.npy,s2b_partial_left,1,0,0,1,0,0,0
data/s2b_partial_left/burst018_f06_rgb.png,data/s2b_partial_left/burst018_f06_depth.npy,s2b_partial_left,1,0,0,1,0,0,0
data/s2b_partial_left/burst018_f07_rgb.png,data/s2b_partial_left/burst018_f07_depth.npy,s2b_partial_left,1,0,0,1,0,0,0
data/s2b_partial_left/burst018_f08_rgb.png,data/s2b_partial_left/burst018_f08_depth.npy,s2b_partial_left,1,0,0,1,0,0,0
data/s2b_partial_left/burst018_f09_rgb.png,data/s2b_partial_left/burst018_f09_depth.npy,s2b_partial_left,1,0,0,1,0,0,0
data/s2b_partial_left/burst019_f00_rgb.png,data/s2b_partial_left/burst019_f00_depth.npy,s2b_partial_left,1,0,0,1,0,0,0
data/s2b_partial_left/burst019_f01_rgb.png,data/s2b_partial_left/burst019_f01_depth.npy,s2b_partial_left,1,0,0,1,0,0,0
data/s2b_partial_left/burst019_f02_rgb.png,data/s2b_partial_left/burst019_f02_depth.npy,s2b_partial_left,1,0,0,1,0,0,0
data/s2b_partial_left/burst019_f03_rgb.png,data/s2b_partial_left/burst019_f03_depth.npy,s2b_partial_left,1,0,0,1,0,0,0
data/s2b_partial_left/burst019_f04_rgb.png,data/s2b_partial_left/burst019_f04_depth.npy,s2b_partial_left,1,0,0,1,0,0,0
data/s2b_partial_left/burst019_f05_rgb.png,data/s2b_partial_left/burst019_f05_depth.npy,s2b_partial_left,1,0,0,1,0,0,0
data/s2b_partial_left/burst019_f06_rgb.png,data/s2b_partial_left/burst019_f06_depth.npy,s2b_partial_left,1,0,0,1,0,0,0
data/s2b_partial_left/burst019_f07_rgb.png,data/s2b_partial_left/burst019_f07_depth.npy,s2b_partial_left,1,0,0,1,0,0,0
data/s2b_partial_left/burst019_f08_rgb.png,data/s2b_partial_left/burst019_f08_depth.npy,s2b_partial_left,1,0,0,1,0,0,0
data/s2b_partial_left/burst019_f09_rgb.png,data/s2b_partial_left/burst019_f09_depth.npy,s2b_partial_left,1,0,0,1,0,0,0
data/s2b_partial_left/burst020_f00_rgb.png,data/s2b_partial_left/burst020_f00_depth.npy,s2b_partial_left,1,0,0,1,0,0,0
data/s2b_partial_left/burst020_f01_rgb.png,data/s2b_partial_left/burst020_f01_depth.npy,s2b_partial_left,1,0,0,1,0,0,0
data/s2b_partial_left/burst020_f02_rgb.png,data/s2b_partial_left/burst020_f02_depth.npy,s2b_partial_left,1,0,0,1,0,0,0
data/s2b_partial_left/burst020_f03_rgb.png,data/s2b_partial_left/burst020_f03_depth.npy,s2b_partial_left,1,0,0,1,0,0,0
data/s2b_partial_left/burst020_f04_rgb.png,data/s2b_partial_left/burst020_f04_depth.npy,s2b_partial_left,1,0,0,1,0,0,0
data/s2b_partial_left/burst020_f05_rgb.png,data/s2b_partial_left/burst020_f05_depth.npy,s2b_partial_left,1,0,0,1,0,0,0
data/s2b_partial_left/burst020_f06_rgb.png,data/s2b_partial_left/burst020_f06_depth.npy,s2b_partial_left,1,0,0,1,0,0,0
data/s2b_partial_left/burst020_f07_rgb.png,data/s2b_partial_left/burst020_f07_depth.npy,s2b_partial_left,1,0,0,1,0,0,0
data/s2b_partial_left/burst020_f08_rgb.png,data/s2b_partial_left/burst020_f08_depth.npy,s2b_partial_left,1,0,0,1,0,0,0
data/s2b_partial_left/burst020_f09_rgb.png,data/s2b_partial_left/burst020_f09_depth.npy,s2b_partial_left,1,0,0,1,0,0,0
data/s2b_partial_left/burst021_f00_rgb.png,data/s2b_partial_left/burst021_f00_depth.npy,s2b_partial_left,1,0,0,1,0,0,0
data/s2b_partial_left/burst021_f01_rgb.png,data/s2b_partial_left/burst021_f01_depth.npy,s2b_partial_left,1,0,0,1,0,0,0
data/s2b_partial_left/burst021_f02_rgb.png,data/s2b_partial_left/burst021_f02_depth.npy,s2b_partial_left,1,0,0,1,0,0,0
data/s2b_partial_left/burst021_f03_rgb.png,data/s2b_partial_left/burst021_f03_depth.npy,s2b_partial_left,1,0,0,1,0,0,0
data/s2b_partial_left/burst021_f04_rgb.png,data/s2b_partial_left/burst021_f04_depth.npy,s2b_partial_left,1,0,0,1,0,0,0
data/s2b_partial_left/burst021_f05_rgb.png,data/s2b_partial_left/burst021_f05_depth.npy,s2b_partial_left,1,0,0,1,0,0,0
data/s2b_partial_left/burst021_f06_rgb.png,data/s2b_partial_left/burst021_f06_depth.npy,s2b_partial_left,1,0,0,1,0,0,0
data/s2b_partial_left/burst021_f07_rgb.png,data/s2b_partial_left/burst021_f07_depth.npy,s2b_partial_left,1,0,0,1,0,0,0
data/s2b_partial_left/burst021_f08_rgb.png,data/s2b_partial_left/burst021_f08_depth.npy,s2b_partial_left,1,0,0,1,0,0,0
data/s2b_partial_left/burst021_f09_rgb.png,data/s2b_partial_left/burst021_f09_depth.npy,s2b_partial_left,1,0,0,1,0,0,0
data/s2b_partial_left/burst022_f00_rgb.png,data/s2b_partial_left/burst022_f00_depth.npy,s2b_partial_left,1,0,0,1,0,0,0
data/s2b_partial_left/burst022_f01_rgb.png,data/s2b_partial_left/burst022_f01_depth.npy,s2b_partial_left,1,0,0,1,0,0,0
data/s2b_partial_left/burst022_f02_rgb.png,data/s2b_partial_left/burst022_f02_depth.npy,s2b_partial_left,1,0,0,1,0,0,0
data/s2b_partial_left/burst022_f03_rgb.png,data/s2b_partial_left/burst022_f03_depth.npy,s2b_partial_left,1,0,0,1,0,0,0
data/s2b_partial_left/burst022_f04_rgb.png,data/s2b_partial_left/burst022_f04_depth.npy,s2b_partial_left,1,0,0,1,0,0,0
data/s2b_partial_left/burst022_f05_rgb.png,data/s2b_partial_left/burst022_f05_depth.npy,s2b_partial_left,1,0,0,1,0,0,0
data/s2b_partial_left/burst022_f06_rgb.png,data/s2b_partial_left/burst022_f06_depth.npy,s2b_partial_left,1,0,0,1,0,0,0
data/s2b_partial_left/burst022_f07_rgb.png,data/s2b_partial_left/burst022_f07_depth.npy,s2b_partial_left,1,0,0,1,0,0,0
data/s2b_partial_left/burst022_f08_rgb.png,data/s2b_partial_left/burst022_f08_depth.npy,s2b_partial_left,1,0,0,1,0,0,0
data/s2b_partial_left/burst022_f09_rgb.png,data/s2b_partial_left/burst022_f09_depth.npy,s2b_partial_left,1,0,0,1,0,0,0
data/s2b_partial_left/burst023_f00_rgb.png,data/s2b_partial_left/burst023_f00_depth.npy,s2b_partial_left,1,0,0,1,0,0,0
data/s2b_partial_left/burst023_f01_rgb.png,data/s2b_partial_left/burst023_f01_depth.npy,s2b_partial_left,1,0,0,1,0,0,0
data/s2b_partial_left/burst023_f02_rgb.png,data/s2b_partial_left/burst023_f02_depth.npy,s2b_partial_left,1,0,0,1,0,0,0
data/s2b_partial_left/burst023_f03_rgb.png,data/s2b_partial_left/burst023_f03_depth.npy,s2b_partial_left,1,0,0,1,0,0,0
data/s2b_partial_left/burst023_f04_rgb.png,data/s2b_partial_left/burst023_f04_depth.npy,s2b_partial_left,1,0,0,1,0,0,0
data/s2b_partial_left/burst023_f05_rgb.png,data/s2b_partial_left/burst023_f05_depth.npy,s2b_partial_left,1,0,0,1,0,0,0
data/s2b_partial_left/burst023_f06_rgb.png,data/s2b_partial_left/burst023_f06_depth.npy,s2b_partial_left,1,0,0,1,0,0,0
data/s2b_partial_left/burst023_f07_rgb.png,data/s2b_partial_left/burst023_f07_depth.npy,s2b_partial_left,1,0,0,1,0,0,0
data/s2b_partial_left/burst023_f08_rgb.png,data/s2b_partial_left/burst023_f08_depth.npy,s2b_partial_left,1,0,0,1,0,0,0
data/s2b_partial_left/burst023_f09_rgb.png,data/s2b_partial_left/burst023_f09_depth.npy,s2b_partial_left,1,0,0,1,0,0,0
data/s2b_partial_left/burst024_f00_rgb.png,data/s2b_partial_left/burst024_f00_depth.npy,s2b_partial_left,1,0,0,1,0,0,0
data/s2b_partial_left/burst024_f01_rgb.png,data/s2b_partial_left/burst024_f01_depth.npy,s2b_partial_left,1,0,0,1,0,0,0
data/s2b_partial_left/burst024_f02_rgb.png,data/s2b_partial_left/burst024_f02_depth.npy,s2b_partial_left,1,0,0,1,0,0,0
data/s2b_partial_left/burst024_f03_rgb.png,data/s2b_partial_left/burst024_f03_depth.npy,s2b_partial_left,1,0,0,1,0,0,0
data/s2b_partial_left/burst024_f04_rgb.png,data/s2b_partial_left/burst024_f04_depth.npy,s2b_partial_left,1,0,0,1,0,0,0
data/s2b_partial_left/burst024_f05_rgb.png,data/s2b_partial_left/burst024_f05_depth.npy,s2b_partial_left,1,0,0,1,0,0,0
data/s2b_partial_left/burst024_f06_rgb.png,data/s2b_partial_left/burst024_f06_depth.npy,s2b_partial_left,1,0,0,1,0,0,0
data/s2b_partial_left/burst024_f07_rgb.png,data/s2b_partial_left/burst024_f07_depth.npy,s2b_partial_left,1,0,0,1,0,0,0
data/s2b_partial_left/burst024_f08_rgb.png,data/s2b_partial_left/burst024_f08_depth.npy,s2b_partial_left,1,0,0,1,0,0,0
data/s2b_partial_left/burst024_f09_rgb.png,data/s2b_partial_left/burst024_f09_depth.npy,s2b_partial_left,1,0,0,1,0,0,0
data/s2b_partial_left/burst025_f00_rgb.png,data/s2b_partial_left/burst025_f00_depth.npy,s2b_partial_left,1,0,0,1,0,0,0
data/s2b_partial_left/burst025_f01_rgb.png,data/s2b_partial_left/burst025_f01_depth.npy,s2b_partial_left,1,0,0,1,0,0,0
data/s2b_partial_left/burst025_f02_rgb.png,data/s2b_partial_left/burst025_f02_depth.npy,s2b_partial_left,1,0,0,1,0,0,0
data/s2b_partial_left/burst025_f03_rgb.png,data/s2b_partial_left/burst025_f03_depth.npy,s2b_partial_left,1,0,0,1,0,0,0
data/s2b_partial_left/burst025_f04_rgb.png,data/s2b_partial_left/burst025_f04_depth.npy,s2b_partial_left,1,0,0,1,0,0,0
data/s2b_partial_left/burst025_f05_rgb.png,data/s2b_partial_left/burst025_f05_depth.npy,s2b_partial_left,1,0,0,1,0,0,0
data/s2b_partial_left/burst025_f06_rgb.png,data/s2b_partial_left/burst025_f06_depth.npy,s2b_partial_left,1,0,0,1,0,0,0
data/s2b_partial_left/burst025_f07_rgb.png,data/s2b_partial_left/burst025_f07_depth.npy,s2b_partial_left,1,0,0,1,0,0,0
data/s2b_partial_left/burst025_f08_rgb.png,data/s2b_partial_left/burst025_f08_depth.npy,s2b_partial_left,1,0,0,1,0,0,0
data/s2b_partial_left/burst025_f09_rgb.png,data/s2b_partial_left/burst025_f09_depth.npy,s2b_partial_left,1,0,0,1,0,0,0
data/s2b_partial_left/burst026_f00_rgb.png,data/s2b_partial_left/burst026_f00_depth.npy,s2b_partial_left,1,0,0,1,0,0,0
data/s2b_partial_left/burst026_f01_rgb.png,data/s2b_partial_left/burst026_f01_depth.npy,s2b_partial_left,1,0,0,1,0,0,0
data/s2b_partial_left/burst026_f02_rgb.png,data/s2b_partial_left/burst026_f02_depth.npy,s2b_partial_left,1,0,0,1,0,0,0
data/s2b_partial_left/burst026_f03_rgb.png,data/s2b_partial_left/burst026_f03_depth.npy,s2b_partial_left,1,0,0,1,0,0,0
data/s2b_partial_left/burst026_f04_rgb.png,data/s2b_partial_left/burst026_f04_depth.npy,s2b_partial_left,1,0,0,1,0,0,0
data/s2b_partial_left/burst026_f05_rgb.png,data/s2b_partial_left/burst026_f05_depth.npy,s2b_partial_left,1,0,0,1,0,0,0
data/s2b_partial_left/burst026_f06_rgb.png,data/s2b_partial_left/burst026_f06_depth.npy,s2b_partial_left,1,0,0,1,0,0,0
data/s2b_partial_left/burst026_f07_rgb.png,data/s2b_partial_left/burst026_f07_depth.npy,s2b_partial_left,1,0,0,1,0,0,0
data/s2b_partial_left/burst026_f08_rgb.png,data/s2b_partial_left/burst026_f08_depth.npy,s2b_partial_left,1,0,0,1,0,0,0
data/s2b_partial_left/burst026_f09_rgb.png,data/s2b_partial_left/burst026_f09_depth.npy,s2b_partial_left,1,0,0,1,0,0,0
data/s2b_partial_left/burst027_f00_rgb.png,data/s2b_partial_left/burst027_f00_depth.npy,s2b_partial_left,1,0,0,1,0,0,0
data/s2b_partial_left/burst027_f01_rgb.png,data/s2b_partial_left/burst027_f01_depth.npy,s2b_partial_left,1,0,0,1,0,0,0
data/s2b_partial_left/burst027_f02_rgb.png,data/s2b_partial_left/burst027_f02_depth.npy,s2b_partial_left,1,0,0,1,0,0,0
data/s2b_partial_left/burst027_f03_rgb.png,data/s2b_partial_left/burst027_f03_depth.npy,s2b_partial_left,1,0,0,1,0,0,0
data/s2b_partial_left/burst027_f04_rgb.png,data/s2b_partial_left/burst027_f04_depth.npy,s2b_partial_left,1,0,0,1,0,0,0
data/s2b_partial_left/burst027_f05_rgb.png,data/s2b_partial_left/burst027_f05_depth.npy,s2b_partial_left,1,0,0,1,0,0,0
data/s2b_partial_left/burst027_f06_rgb.png,data/s2b_partial_left/burst027_f06_depth.npy,s2b_partial_left,1,0,0,1,0,0,0
data/s2b_partial_left/burst027_f07_rgb.png,data/s2b_partial_left/burst027_f07_depth.npy,s2b_partial_left,1,0,0,1,0,0,0
data/s2b_partial_left/burst027_f08_rgb.png,data/s2b_partial_left/burst027_f08_depth.npy,s2b_partial_left,1,0,0,1,0,0,0
data/s2b_partial_left/burst027_f09_rgb.png,data/s2b_partial_left/burst027_f09_depth.npy,s2b_partial_left,1,0,0,1,0,0,0
data/s2b_partial_left/burst028_f00_rgb.png,data/s2b_partial_left/burst028_f00_depth.npy,s2b_partial_left,1,0,0,1,0,0,0
data/s2b_partial_left/burst028_f01_rgb.png,data/s2b_partial_left/burst028_f01_depth.npy,s2b_partial_left,1,0,0,1,0,0,0
data/s2b_partial_left/burst028_f02_rgb.png,data/s2b_partial_left/burst028_f02_depth.npy,s2b_partial_left,1,0,0,1,0,0,0
data/s2b_partial_left/burst028_f03_rgb.png,data/s2b_partial_left/burst028_f03_depth.npy,s2b_partial_left,1,0,0,1,0,0,0
data/s2b_partial_left/burst028_f04_rgb.png,data/s2b_partial_left/burst028_f04_depth.npy,s2b_partial_left,1,0,0,1,0,0,0
data/s2b_partial_left/burst028_f05_rgb.png,data/s2b_partial_left/burst028_f05_depth.npy,s2b_partial_left,1,0,0,1,0,0,0
data/s2b_partial_left/burst028_f06_rgb.png,data/s2b_partial_left/burst028_f06_depth.npy,s2b_partial_left,1,0,0,1,0,0,0
data/s2b_partial_left/burst028_f07_rgb.png,data/s2b_partial_left/burst028_f07_depth.npy,s2b_partial_left,1,0,0,1,0,0,0
data/s2b_partial_left/burst028_f08_rgb.png,data/s2b_partial_left/burst028_f08_depth.npy,s2b_partial_left,1,0,0,1,0,0,0
data/s2b_partial_left/burst028_f09_rgb.png,data/s2b_partial_left/burst028_f09_depth.npy,s2b_partial_left,1,0,0,1,0,0,0
data/s2b_partial_left/burst029_f00_rgb.png,data/s2b_partial_left/burst029_f00_depth.npy,s2b_partial_left,1,0,0,1,0,0,0
data/s2b_partial_left/burst029_f01_rgb.png,data/s2b_partial_left/burst029_f01_depth.npy,s2b_partial_left,1,0,0,1,0,0,0
data/s2b_partial_left/burst029_f02_rgb.png,data/s2b_partial_left/burst029_f02_depth.npy,s2b_partial_left,1,0,0,1,0,0,0
data/s2b_partial_left/burst029_f03_rgb.png,data/s2b_partial_left/burst029_f03_depth.npy,s2b_partial_left,1,0,0,1,0,0,0
data/s2b_partial_left/burst029_f04_rgb.png,data/s2b_partial_left/burst029_f04_depth.npy,s2b_partial_left,1,0,0,1,0,0,0
data/s2b_partial_left/burst029_f05_rgb.png,data/s2b_partial_left/burst029_f05_depth.npy,s2b_partial_left,1,0,0,1,0,0,0
data/s2b_partial_left/burst029_f06_rgb.png,data/s2b_partial_left/burst029_f06_depth.npy,s2b_partial_left,1,0,0,1,0,0,0
data/s2b_partial_left/burst029_f07_rgb.png,data/s2b_partial_left/burst029_f07_depth.npy,s2b_partial_left,1,0,0,1,0,0,0
data/s2b_partial_left/burst029_f08_rgb.png,data/s2b_partial_left/burst029_f08_depth.npy,s2b_partial_left,1,0,0,1,0,0,0
data/s2b_partial_left/burst029_f09_rgb.png,data/s2b_partial_left/burst029_f09_depth.npy,s2b_partial_left,1,0,0,1,0,0,0
data/s2b_partial_left/burst030_f00_rgb.png,data/s2b_partial_left/burst030_f00_depth.npy,s2b_partial_left,1,0,0,1,0,0,0
data/s2b_partial_left/burst030_f01_rgb.png,data/s2b_partial_left/burst030_f01_depth.npy,s2b_partial_left,1,0,0,1,0,0,0
data/s2b_partial_left/burst030_f02_rgb.png,data/s2b_partial_left/burst030_f02_depth.npy,s2b_partial_left,1,0,0,1,0,0,0
data/s2b_partial_left/burst030_f03_rgb.png,data/s2b_partial_left/burst030_f03_depth.npy,s2b_partial_left,1,0,0,1,0,0,0
data/s2b_partial_left/burst030_f04_rgb.png,data/s2b_partial_left/burst030_f04_depth.npy,s2b_partial_left,1,0,0,1,0,0,0
data/s2b_partial_left/burst030_f05_rgb.png,data/s2b_partial_left/burst030_f05_depth.npy,s2b_partial_left,1,0,0,1,0,0,0
data/s2b_partial_left/burst030_f06_rgb.png,data/s2b_partial_left/burst030_f06_depth.npy,s2b_partial_left,1,0,0,1,0,0,0
data/s2b_partial_left/burst030_f07_rgb.png,data/s2b_partial_left/burst030_f07_depth.npy,s2b_partial_left,1,0,0,1,0,0,0
data/s2b_partial_left/burst030_f08_rgb.png,data/s2b_partial_left/burst030_f08_depth.npy,s2b_partial_left,1,0,0,1,0,0,0
data/s2b_partial_left/burst030_f09_rgb.png,data/s2b_partial_left/burst030_f09_depth.npy,s2b_partial_left,1,0,0,1,0,0,0
data/s2b_partial_left/burst031_f00_rgb.png,data/s2b_partial_left/burst031_f00_depth.npy,s2b_partial_left,1,0,0,1,0,0,0
data/s2b_partial_left/burst031_f01_rgb.png,data/s2b_partial_left/burst031_f01_depth.npy,s2b_partial_left,1,0,0,1,0,0,0
data/s2b_partial_left/burst031_f02_rgb.png,data/s2b_partial_left/burst031_f02_depth.npy,s2b_partial_left,1,0,0,1,0,0,0
data/s2b_partial_left/burst031_f03_rgb.png,data/s2b_partial_left/burst031_f03_depth.npy,s2b_partial_left,1,0,0,1,0,0,0
data/s2b_partial_left/burst031_f04_rgb.png,data/s2b_partial_left/burst031_f04_depth.npy,s2b_partial_left,1,0,0,1,0,0,0
data/s2b_partial_left/burst031_f05_rgb.png,data/s2b_partial_left/burst031_f05_depth.npy,s2b_partial_left,1,0,0,1,0,0,0
data/s2b_partial_left/burst031_f06_rgb.png,data/s2b_partial_left/burst031_f06_depth.npy,s2b_partial_left,1,0,0,1,0,0,0
data/s2b_partial_left/burst031_f07_rgb.png,data/s2b_partial_left/burst031_f07_depth.npy,s2b_partial_left,1,0,0,1,0,0,0
data/s2b_partial_left/burst031_f08_rgb.png,data/s2b_partial_left/burst031_f08_depth.npy,s2b_partial_left,1,0,0,1,0,0,0
data/s2b_partial_left/burst031_f09_rgb.png,data/s2b_partial_left/burst031_f09_depth.npy,s2b_partial_left,1,0,0,1,0,0,0
data/s2b_partial_left_rear/burst000_f00_rgb.png,data/s2b_partial_left_rear/burst000_f00_depth.npy,s2b_partial_left_rear,1,0,0,0,1,0,0
data/s2b_partial_left_rear/burst000_f01_rgb.png,data/s2b_partial_left_rear/burst000_f01_depth.npy,s2b_partial_left_rear,1,0,0,0,1,0,0
data/s2b_partial_left_rear/burst000_f02_rgb.png,data/s2b_partial_left_rear/burst000_f02_depth.npy,s2b_partial_left_rear,1,0,0,0,1,0,0
data/s2b_partial_left_rear/burst000_f03_rgb.png,data/s2b_partial_left_rear/burst000_f03_depth.npy,s2b_partial_left_rear,1,0,0,0,1,0,0
data/s2b_partial_left_rear/burst000_f04_rgb.png,data/s2b_partial_left_rear/burst000_f04_depth.npy,s2b_partial_left_rear,1,0,0,0,1,0,0
data/s2b_partial_left_rear/burst000_f05_rgb.png,data/s2b_partial_left_rear/burst000_f05_depth.npy,s2b_partial_left_rear,1,0,0,0,1,0,0
data/s2b_partial_left_rear/burst000_f06_rgb.png,data/s2b_partial_left_rear/burst000_f06_depth.npy,s2b_partial_left_rear,1,0,0,0,1,0,0
data/s2b_partial_left_rear/burst000_f07_rgb.png,data/s2b_partial_left_rear/burst000_f07_depth.npy,s2b_partial_left_rear,1,0,0,0,1,0,0
data/s2b_partial_left_rear/burst000_f08_rgb.png,data/s2b_partial_left_rear/burst000_f08_depth.npy,s2b_partial_left_rear,1,0,0,0,1,0,0
data/s2b_partial_left_rear/burst000_f09_rgb.png,data/s2b_partial_left_rear/burst000_f09_depth.npy,s2b_partial_left_rear,1,0,0,0,1,0,0
data/s2b_partial_left_rear/burst001_f00_rgb.png,data/s2b_partial_left_rear/burst001_f00_depth.npy,s2b_partial_left_rear,1,0,0,0,1,0,0
data/s2b_partial_left_rear/burst001_f01_rgb.png,data/s2b_partial_left_rear/burst001_f01_depth.npy,s2b_partial_left_rear,1,0,0,0,1,0,0
data/s2b_partial_left_rear/burst001_f02_rgb.png,data/s2b_partial_left_rear/burst001_f02_depth.npy,s2b_partial_left_rear,1,0,0,0,1,0,0
data/s2b_partial_left_rear/burst001_f03_rgb.png,data/s2b_partial_left_rear/burst001_f03_depth.npy,s2b_partial_left_rear,1,0,0,0,1,0,0
data/s2b_partial_left_rear/burst001_f04_rgb.png,data/s2b_partial_left_rear/burst001_f04_depth.npy,s2b_partial_left_rear,1,0,0,0,1,0,0
data/s2b_partial_left_rear/burst001_f05_rgb.png,data/s2b_partial_left_rear/burst001_f05_depth.npy,s2b_partial_left_rear,1,0,0,0,1,0,0
data/s2b_partial_left_rear/burst001_f06_rgb.png,data/s2b_partial_left_rear/burst001_f06_depth.npy,s2b_partial_left_rear,1,0,0,0,1,0,0
data/s2b_partial_left_rear/burst001_f07_rgb.png,data/s2b_partial_left_rear/burst001_f07_depth.npy,s2b_partial_left_rear,1,0,0,0,1,0,0
data/s2b_partial_left_rear/burst001_f08_rgb.png,data/s2b_partial_left_rear/burst001_f08_depth.npy,s2b_partial_left_rear,1,0,0,0,1,0,0
data/s2b_partial_left_rear/burst001_f09_rgb.png,data/s2b_partial_left_rear/burst001_f09_depth.npy,s2b_partial_left_rear,1,0,0,0,1,0,0
data/s2b_partial_left_rear/burst002_f00_rgb.png,data/s2b_partial_left_rear/burst002_f00_depth.npy,s2b_partial_left_rear,1,0,0,0,1,0,0
data/s2b_partial_left_rear/burst002_f01_rgb.png,data/s2b_partial_left_rear/burst002_f01_depth.npy,s2b_partial_left_rear,1,0,0,0,1,0,0
data/s2b_partial_left_rear/burst002_f02_rgb.png,data/s2b_partial_left_rear/burst002_f02_depth.npy,s2b_partial_left_rear,1,0,0,0,1,0,0
data/s2b_partial_left_rear/burst002_f03_rgb.png,data/s2b_partial_left_rear/burst002_f03_depth.npy,s2b_partial_left_rear,1,0,0,0,1,0,0
data/s2b_partial_left_rear/burst002_f04_rgb.png,data/s2b_partial_left_rear/burst002_f04_depth.npy,s2b_partial_left_rear,1,0,0,0,1,0,0
data/s2b_partial_left_rear/burst002_f05_rgb.png,data/s2b_partial_left_rear/burst002_f05_depth.npy,s2b_partial_left_rear,1,0,0,0,1,0,0
data/s2b_partial_left_rear/burst002_f06_rgb.png,data/s2b_partial_left_rear/burst002_f06_depth.npy,s2b_partial_left_rear,1,0,0,0,1,0,0
data/s2b_partial_left_rear/burst002_f07_rgb.png,data/s2b_partial_left_rear/burst002_f07_depth.npy,s2b_partial_left_rear,1,0,0,0,1,0,0
data/s2b_partial_left_rear/burst002_f08_rgb.png,data/s2b_partial_left_rear/burst002_f08_depth.npy,s2b_partial_left_rear,1,0,0,0,1,0,0
data/s2b_partial_left_rear/burst002_f09_rgb.png,data/s2b_partial_left_rear/burst002_f09_depth.npy,s2b_partial_left_rear,1,0,0,0,1,0,0
data/s2b_partial_left_rear/burst003_f00_rgb.png,data/s2b_partial_left_rear/burst003_f00_depth.npy,s2b_partial_left_rear,1,0,0,0,1,0,0
data/s2b_partial_left_rear/burst003_f01_rgb.png,data/s2b_partial_left_rear/burst003_f01_depth.npy,s2b_partial_left_rear,1,0,0,0,1,0,0
data/s2b_partial_left_rear/burst003_f02_rgb.png,data/s2b_partial_left_rear/burst003_f02_depth.npy,s2b_partial_left_rear,1,0,0,0,1,0,0
data/s2b_partial_left_rear/burst003_f03_rgb.png,data/s2b_partial_left_rear/burst003_f03_depth.npy,s2b_partial_left_rear,1,0,0,0,1,0,0
data/s2b_partial_left_rear/burst003_f04_rgb.png,data/s2b_partial_left_rear/burst003_f04_depth.npy,s2b_partial_left_rear,1,0,0,0,1,0,0
data/s2b_partial_left_rear/burst003_f05_rgb.png,data/s2b_partial_left_rear/burst003_f05_depth.npy,s2b_partial_left_rear,1,0,0,0,1,0,0
data/s2b_partial_left_rear/burst003_f06_rgb.png,data/s2b_partial_left_rear/burst003_f06_depth.npy,s2b_partial_left_rear,1,0,0,0,1,0,0
data/s2b_partial_left_rear/burst003_f07_rgb.png,data/s2b_partial_left_rear/burst003_f07_depth.npy,s2b_partial_left_rear,1,0,0,0,1,0,0
data/s2b_partial_left_rear/burst003_f08_rgb.png,data/s2b_partial_left_rear/burst003_f08_depth.npy,s2b_partial_left_rear,1,0,0,0,1,0,0
data/s2b_partial_left_rear/burst003_f09_rgb.png,data/s2b_partial_left_rear/burst003_f09_depth.npy,s2b_partial_left_rear,1,0,0,0,1,0,0
data/s2b_partial_left_rear/burst004_f00_rgb.png,data/s2b_partial_left_rear/burst004_f00_depth.npy,s2b_partial_left_rear,1,0,0,0,1,0,0
data/s2b_partial_left_rear/burst004_f01_rgb.png,data/s2b_partial_left_rear/burst004_f01_depth.npy,s2b_partial_left_rear,1,0,0,0,1,0,0
data/s2b_partial_left_rear/burst004_f02_rgb.png,data/s2b_partial_left_rear/burst004_f02_depth.npy,s2b_partial_left_rear,1,0,0,0,1,0,0
data/s2b_partial_left_rear/burst004_f03_rgb.png,data/s2b_partial_left_rear/burst004_f03_depth.npy,s2b_partial_left_rear,1,0,0,0,1,0,0
data/s2b_partial_left_rear/burst004_f04_rgb.png,data/s2b_partial_left_rear/burst004_f04_depth.npy,s2b_partial_left_rear,1,0,0,0,1,0,0
data/s2b_partial_left_rear/burst004_f05_rgb.png,data/s2b_partial_left_rear/burst004_f05_depth.npy,s2b_partial_left_rear,1,0,0,0,1,0,0
data/s2b_partial_left_rear/burst004_f06_rgb.png,data/s2b_partial_left_rear/burst004_f06_depth.npy,s2b_partial_left_rear,1,0,0,0,1,0,0
data/s2b_partial_left_rear/burst004_f07_rgb.png,data/s2b_partial_left_rear/burst004_f07_depth.npy,s2b_partial_left_rear,1,0,0,0,1,0,0
data/s2b_partial_left_rear/burst004_f08_rgb.png,data/s2b_partial_left_rear/burst004_f08_depth.npy,s2b_partial_left_rear,1,0,0,0,1,0,0
data/s2b_partial_left_rear/burst004_f09_rgb.png,data/s2b_partial_left_rear/burst004_f09_depth.npy,s2b_partial_left_rear,1,0,0,0,1,0,0
data/s2b_partial_left_rear/burst005_f00_rgb.png,data/s2b_partial_left_rear/burst005_f00_depth.npy,s2b_partial_left_rear,1,0,0,0,1,0,0
data/s2b_partial_left_rear/burst005_f01_rgb.png,data/s2b_partial_left_rear/burst005_f01_depth.npy,s2b_partial_left_rear,1,0,0,0,1,0,0
data/s2b_partial_left_rear/burst005_f02_rgb.png,data/s2b_partial_left_rear/burst005_f02_depth.npy,s2b_partial_left_rear,1,0,0,0,1,0,0
data/s2b_partial_left_rear/burst005_f03_rgb.png,data/s2b_partial_left_rear/burst005_f03_depth.npy,s2b_partial_left_rear,1,0,0,0,1,0,0
data/s2b_partial_left_rear/burst005_f04_rgb.png,data/s2b_partial_left_rear/burst005_f04_depth.npy,s2b_partial_left_rear,1,0,0,0,1,0,0
data/s2b_partial_left_rear/burst005_f05_rgb.png,data/s2b_partial_left_rear/burst005_f05_depth.npy,s2b_partial_left_rear,1,0,0,0,1,0,0
data/s2b_partial_left_rear/burst005_f06_rgb.png,data/s2b_partial_left_rear/burst005_f06_depth.npy,s2b_partial_left_rear,1,0,0,0,1,0,0
data/s2b_partial_left_rear/burst005_f07_rgb.png,data/s2b_partial_left_rear/burst005_f07_depth.npy,s2b_partial_left_rear,1,0,0,0,1,0,0
data/s2b_partial_left_rear/burst005_f08_rgb.png,data/s2b_partial_left_rear/burst005_f08_depth.npy,s2b_partial_left_rear,1,0,0,0,1,0,0
data/s2b_partial_left_rear/burst005_f09_rgb.png,data/s2b_partial_left_rear/burst005_f09_depth.npy,s2b_partial_left_rear,1,0,0,0,1,0,0
data/s2b_partial_left_rear/burst006_f00_rgb.png,data/s2b_partial_left_rear/burst006_f00_depth.npy,s2b_partial_left_rear,1,0,0,0,1,0,0
data/s2b_partial_left_rear/burst006_f01_rgb.png,data/s2b_partial_left_rear/burst006_f01_depth.npy,s2b_partial_left_rear,1,0,0,0,1,0,0
data/s2b_partial_left_rear/burst006_f02_rgb.png,data/s2b_partial_left_rear/burst006_f02_depth.npy,s2b_partial_left_rear,1,0,0,0,1,0,0
data/s2b_partial_left_rear/burst006_f03_rgb.png,data/s2b_partial_left_rear/burst006_f03_depth.npy,s2b_partial_left_rear,1,0,0,0,1,0,0
data/s2b_partial_left_rear/burst006_f04_rgb.png,data/s2b_partial_left_rear/burst006_f04_depth.npy,s2b_partial_left_rear,1,0,0,0,1,0,0
data/s2b_partial_left_rear/burst006_f05_rgb.png,data/s2b_partial_left_rear/burst006_f05_depth.npy,s2b_partial_left_rear,1,0,0,0,1,0,0
data/s2b_partial_left_rear/burst006_f06_rgb.png,data/s2b_partial_left_rear/burst006_f06_depth.npy,s2b_partial_left_rear,1,0,0,0,1,0,0
data/s2b_partial_left_rear/burst006_f07_rgb.png,data/s2b_partial_left_rear/burst006_f07_depth.npy,s2b_partial_left_rear,1,0,0,0,1,0,0
data/s2b_partial_left_rear/burst006_f08_rgb.png,data/s2b_partial_left_rear/burst006_f08_depth.npy,s2b_partial_left_rear,1,0,0,0,1,0,0
data/s2b_partial_left_rear/burst006_f09_rgb.png,data/s2b_partial_left_rear/burst006_f09_depth.npy,s2b_partial_left_rear,1,0,0,0,1,0,0
data/s2b_partial_left_rear/burst007_f00_rgb.png,data/s2b_partial_left_rear/burst007_f00_depth.npy,s2b_partial_left_rear,1,0,0,0,1,0,0
data/s2b_partial_left_rear/burst007_f01_rgb.png,data/s2b_partial_left_rear/burst007_f01_depth.npy,s2b_partial_left_rear,1,0,0,0,1,0,0
data/s2b_partial_left_rear/burst007_f02_rgb.png,data/s2b_partial_left_rear/burst007_f02_depth.npy,s2b_partial_left_rear,1,0,0,0,1,0,0
data/s2b_partial_left_rear/burst007_f03_rgb.png,data/s2b_partial_left_rear/burst007_f03_depth.npy,s2b_partial_left_rear,1,0,0,0,1,0,0
data/s2b_partial_left_rear/burst007_f04_rgb.png,data/s2b_partial_left_rear/burst007_f04_depth.npy,s2b_partial_left_rear,1,0,0,0,1,0,0
data/s2b_partial_left_rear/burst007_f05_rgb.png,data/s2b_partial_left_rear/burst007_f05_depth.npy,s2b_partial_left_rear,1,0,0,0,1,0,0
data/s2b_partial_left_rear/burst007_f06_rgb.png,data/s2b_partial_left_rear/burst007_f06_depth.npy,s2b_partial_left_rear,1,0,0,0,1,0,0
data/s2b_partial_left_rear/burst007_f07_rgb.png,data/s2b_partial_left_rear/burst007_f07_depth.npy,s2b_partial_left_rear,1,0,0,0,1,0,0
data/s2b_partial_left_rear/burst007_f08_rgb.png,data/s2b_partial_left_rear/burst007_f08_depth.npy,s2b_partial_left_rear,1,0,0,0,1,0,0
data/s2b_partial_left_rear/burst007_f09_rgb.png,data/s2b_partial_left_rear/burst007_f09_depth.npy,s2b_partial_left_rear,1,0,0,0,1,0,0
data/s2b_partial_left_rear/burst008_f00_rgb.png,data/s2b_partial_left_rear/burst008_f00_depth.npy,s2b_partial_left_rear,1,0,0,0,1,0,0
data/s2b_partial_left_rear/burst008_f01_rgb.png,data/s2b_partial_left_rear/burst008_f01_depth.npy,s2b_partial_left_rear,1,0,0,0,1,0,0
data/s2b_partial_left_rear/burst008_f02_rgb.png,data/s2b_partial_left_rear/burst008_f02_depth.npy,s2b_partial_left_rear,1,0,0,0,1,0,0
data/s2b_partial_left_rear/burst008_f03_rgb.png,data/s2b_partial_left_rear/burst008_f03_depth.npy,s2b_partial_left_rear,1,0,0,0,1,0,0
data/s2b_partial_left_rear/burst008_f04_rgb.png,data/s2b_partial_left_rear/burst008_f04_depth.npy,s2b_partial_left_rear,1,0,0,0,1,0,0
data/s2b_partial_left_rear/burst008_f05_rgb.png,data/s2b_partial_left_rear/burst008_f05_depth.npy,s2b_partial_left_rear,1,0,0,0,1,0,0
data/s2b_partial_left_rear/burst008_f06_rgb.png,data/s2b_partial_left_rear/burst008_f06_depth.npy,s2b_partial_left_rear,1,0,0,0,1,0,0
data/s2b_partial_left_rear/burst008_f07_rgb.png,data/s2b_partial_left_rear/burst008_f07_depth.npy,s2b_partial_left_rear,1,0,0,0,1,0,0
data/s2b_partial_left_rear/burst008_f08_rgb.png,data/s2b_partial_left_rear/burst008_f08_depth.npy,s2b_partial_left_rear,1,0,0,0,1,0,0
data/s2b_partial_left_rear/burst008_f09_rgb.png,data/s2b_partial_left_rear/burst008_f09_depth.npy,s2b_partial_left_rear,1,0,0,0,1,0,0
data/s2b_partial_left_rear/burst009_f00_rgb.png,data/s2b_partial_left_rear/burst009_f00_depth.npy,s2b_partial_left_rear,1,0,0,0,1,0,0
data/s2b_partial_left_rear/burst009_f01_rgb.png,data/s2b_partial_left_rear/burst009_f01_depth.npy,s2b_partial_left_rear,1,0,0,0,1,0,0
data/s2b_partial_left_rear/burst009_f02_rgb.png,data/s2b_partial_left_rear/burst009_f02_depth.npy,s2b_partial_left_rear,1,0,0,0,1,0,0
data/s2b_partial_left_rear/burst009_f03_rgb.png,data/s2b_partial_left_rear/burst009_f03_depth.npy,s2b_partial_left_rear,1,0,0,0,1,0,0
data/s2b_partial_left_rear/burst009_f04_rgb.png,data/s2b_partial_left_rear/burst009_f04_depth.npy,s2b_partial_left_rear,1,0,0,0,1,0,0
data/s2b_partial_left_rear/burst009_f05_rgb.png,data/s2b_partial_left_rear/burst009_f05_depth.npy,s2b_partial_left_rear,1,0,0,0,1,0,0
data/s2b_partial_left_rear/burst009_f06_rgb.png,data/s2b_partial_left_rear/burst009_f06_depth.npy,s2b_partial_left_rear,1,0,0,0,1,0,0
data/s2b_partial_left_rear/burst009_f07_rgb.png,data/s2b_partial_left_rear/burst009_f07_depth.npy,s2b_partial_left_rear,1,0,0,0,1,0,0
data/s2b_partial_left_rear/burst009_f08_rgb.png,data/s2b_partial_left_rear/burst009_f08_depth.npy,s2b_partial_left_rear,1,0,0,0,1,0,0
data/s2b_partial_left_rear/burst009_f09_rgb.png,data/s2b_partial_left_rear/burst009_f09_depth.npy,s2b_partial_left_rear,1,0,0,0,1,0,0
data/s2b_partial_left_rear/burst010_f00_rgb.png,data/s2b_partial_left_rear/burst010_f00_depth.npy,s2b_partial_left_rear,1,0,0,0,1,0,0
data/s2b_partial_left_rear/burst010_f01_rgb.png,data/s2b_partial_left_rear/burst010_f01_depth.npy,s2b_partial_left_rear,1,0,0,0,1,0,0
data/s2b_partial_left_rear/burst010_f02_rgb.png,data/s2b_partial_left_rear/burst010_f02_depth.npy,s2b_partial_left_rear,1,0,0,0,1,0,0
data/s2b_partial_left_rear/burst010_f03_rgb.png,data/s2b_partial_left_rear/burst010_f03_depth.npy,s2b_partial_left_rear,1,0,0,0,1,0,0
data/s2b_partial_left_rear/burst010_f04_rgb.png,data/s2b_partial_left_rear/burst010_f04_depth.npy,s2b_partial_left_rear,1,0,0,0,1,0,0
data/s2b_partial_left_rear/burst010_f05_rgb.png,data/s2b_partial_left_rear/burst010_f05_depth.npy,s2b_partial_left_rear,1,0,0,0,1,0,0
data/s2b_partial_left_rear/burst010_f06_rgb.png,data/s2b_partial_left_rear/burst010_f06_depth.npy,s2b_partial_left_rear,1,0,0,0,1,0,0
data/s2b_partial_left_rear/burst010_f07_rgb.png,data/s2b_partial_left_rear/burst010_f07_depth.npy,s2b_partial_left_rear,1,0,0,0,1,0,0
data/s2b_partial_left_rear/burst010_f08_rgb.png,data/s2b_partial_left_rear/burst010_f08_depth.npy,s2b_partial_left_rear,1,0,0,0,1,0,0
data/s2b_partial_left_rear/burst010_f09_rgb.png,data/s2b_partial_left_rear/burst010_f09_depth.npy,s2b_partial_left_rear,1,0,0,0,1,0,0
data/s2b_partial_left_rear/burst011_f00_rgb.png,data/s2b_partial_left_rear/burst011_f00_depth.npy,s2b_partial_left_rear,1,0,0,0,1,0,0
data/s2b_partial_left_rear/burst011_f01_rgb.png,data/s2b_partial_left_rear/burst011_f01_depth.npy,s2b_partial_left_rear,1,0,0,0,1,0,0
data/s2b_partial_left_rear/burst011_f02_rgb.png,data/s2b_partial_left_rear/burst011_f02_depth.npy,s2b_partial_left_rear,1,0,0,0,1,0,0
data/s2b_partial_left_rear/burst011_f03_rgb.png,data/s2b_partial_left_rear/burst011_f03_depth.npy,s2b_partial_left_rear,1,0,0,0,1,0,0
data/s2b_partial_left_rear/burst011_f04_rgb.png,data/s2b_partial_left_rear/burst011_f04_depth.npy,s2b_partial_left_rear,1,0,0,0,1,0,0
data/s2b_partial_left_rear/burst011_f05_rgb.png,data/s2b_partial_left_rear/burst011_f05_depth.npy,s2b_partial_left_rear,1,0,0,0,1,0,0
data/s2b_partial_left_rear/burst011_f06_rgb.png,data/s2b_partial_left_rear/burst011_f06_depth.npy,s2b_partial_left_rear,1,0,0,0,1,0,0
data/s2b_partial_left_rear/burst011_f07_rgb.png,data/s2b_partial_left_rear/burst011_f07_depth.npy,s2b_partial_left_rear,1,0,0,0,1,0,0
data/s2b_partial_left_rear/burst011_f08_rgb.png,data/s2b_partial_left_rear/burst011_f08_depth.npy,s2b_partial_left_rear,1,0,0,0,1,0,0
data/s2b_partial_left_rear/burst011_f09_rgb.png,data/s2b_partial_left_rear/burst011_f09_depth.npy,s2b_partial_left_rear,1,0,0,0,1,0,0
data/s2b_partial_left_rear/burst012_f00_rgb.png,data/s2b_partial_left_rear/burst012_f00_depth.npy,s2b_partial_left_rear,1,0,0,0,1,0,0
data/s2b_partial_left_rear/burst012_f01_rgb.png,data/s2b_partial_left_rear/burst012_f01_depth.npy,s2b_partial_left_rear,1,0,0,0,1,0,0
data/s2b_partial_left_rear/burst012_f02_rgb.png,data/s2b_partial_left_rear/burst012_f02_depth.npy,s2b_partial_left_rear,1,0,0,0,1,0,0
data/s2b_partial_left_rear/burst012_f03_rgb.png,data/s2b_partial_left_rear/burst012_f03_depth.npy,s2b_partial_left_rear,1,0,0,0,1,0,0
data/s2b_partial_left_rear/burst012_f04_rgb.png,data/s2b_partial_left_rear/burst012_f04_depth.npy,s2b_partial_left_rear,1,0,0,0,1,0,0
data/s2b_partial_left_rear/burst012_f05_rgb.png,data/s2b_partial_left_rear/burst012_f05_depth.npy,s2b_partial_left_rear,1,0,0,0,1,0,0
data/s2b_partial_left_rear/burst012_f06_rgb.png,data/s2b_partial_left_rear/burst012_f06_depth.npy,s2b_partial_left_rear,1,0,0,0,1,0,0
data/s2b_partial_left_rear/burst012_f07_rgb.png,data/s2b_partial_left_rear/burst012_f07_depth.npy,s2b_partial_left_rear,1,0,0,0,1,0,0
data/s2b_partial_left_rear/burst012_f08_rgb.png,data/s2b_partial_left_rear/burst012_f08_depth.npy,s2b_partial_left_rear,1,0,0,0,1,0,0
data/s2b_partial_left_rear/burst012_f09_rgb.png,data/s2b_partial_left_rear/burst012_f09_depth.npy,s2b_partial_left_rear,1,0,0,0,1,0,0
data/s2b_partial_left_rear/burst013_f00_rgb.png,data/s2b_partial_left_rear/burst013_f00_depth.npy,s2b_partial_left_rear,1,0,0,0,1,0,0
data/s2b_partial_left_rear/burst013_f01_rgb.png,data/s2b_partial_left_rear/burst013_f01_depth.npy,s2b_partial_left_rear,1,0,0,0,1,0,0
data/s2b_partial_left_rear/burst013_f02_rgb.png,data/s2b_partial_left_rear/burst013_f02_depth.npy,s2b_partial_left_rear,1,0,0,0,1,0,0
data/s2b_partial_left_rear/burst013_f03_rgb.png,data/s2b_partial_left_rear/burst013_f03_depth.npy,s2b_partial_left_rear,1,0,0,0,1,0,0
data/s2b_partial_left_rear/burst013_f04_rgb.png,data/s2b_partial_left_rear/burst013_f04_depth.npy,s2b_partial_left_rear,1,0,0,0,1,0,0
data/s2b_partial_left_rear/burst013_f05_rgb.png,data/s2b_partial_left_rear/burst013_f05_depth.npy,s2b_partial_left_rear,1,0,0,0,1,0,0
data/s2b_partial_left_rear/burst013_f06_rgb.png,data/s2b_partial_left_rear/burst013_f06_depth.npy,s2b_partial_left_rear,1,0,0,0,1,0,0
data/s2b_partial_left_rear/burst013_f07_rgb.png,data/s2b_partial_left_rear/burst013_f07_depth.npy,s2b_partial_left_rear,1,0,0,0,1,0,0
data/s2b_partial_left_rear/burst013_f08_rgb.png,data/s2b_partial_left_rear/burst013_f08_depth.npy,s2b_partial_left_rear,1,0,0,0,1,0,0
data/s2b_partial_left_rear/burst013_f09_rgb.png,data/s2b_partial_left_rear/burst013_f09_depth.npy,s2b_partial_left_rear,1,0,0,0,1,0,0
data/s2b_partial_left_rear/burst014_f00_rgb.png,data/s2b_partial_left_rear/burst014_f00_depth.npy,s2b_partial_left_rear,1,0,0,0,1,0,0
data/s2b_partial_left_rear/burst014_f01_rgb.png,data/s2b_partial_left_rear/burst014_f01_depth.npy,s2b_partial_left_rear,1,0,0,0,1,0,0
data/s2b_partial_left_rear/burst014_f02_rgb.png,data/s2b_partial_left_rear/burst014_f02_depth.npy,s2b_partial_left_rear,1,0,0,0,1,0,0
data/s2b_partial_left_rear/burst014_f03_rgb.png,data/s2b_partial_left_rear/burst014_f03_depth.npy,s2b_partial_left_rear,1,0,0,0,1,0,0
data/s2b_partial_left_rear/burst014_f04_rgb.png,data/s2b_partial_left_rear/burst014_f04_depth.npy,s2b_partial_left_rear,1,0,0,0,1,0,0
data/s2b_partial_left_rear/burst014_f05_rgb.png,data/s2b_partial_left_rear/burst014_f05_depth.npy,s2b_partial_left_rear,1,0,0,0,1,0,0
data/s2b_partial_left_rear/burst014_f06_rgb.png,data/s2b_partial_left_rear/burst014_f06_depth.npy,s2b_partial_left_rear,1,0,0,0,1,0,0
data/s2b_partial_left_rear/burst014_f07_rgb.png,data/s2b_partial_left_rear/burst014_f07_depth.npy,s2b_partial_left_rear,1,0,0,0,1,0,0
data/s2b_partial_left_rear/burst014_f08_rgb.png,data/s2b_partial_left_rear/burst014_f08_depth.npy,s2b_partial_left_rear,1,0,0,0,1,0,0
data/s2b_partial_left_rear/burst014_f09_rgb.png,data/s2b_partial_left_rear/burst014_f09_depth.npy,s2b_partial_left_rear,1,0,0,0,1,0,0
data/s2b_partial_left_rear/burst015_f00_rgb.png,data/s2b_partial_left_rear/burst015_f00_depth.npy,s2b_partial_left_rear,1,0,0,0,1,0,0
data/s2b_partial_left_rear/burst015_f01_rgb.png,data/s2b_partial_left_rear/burst015_f01_depth.npy,s2b_partial_left_rear,1,0,0,0,1,0,0
data/s2b_partial_left_rear/burst015_f02_rgb.png,data/s2b_partial_left_rear/burst015_f02_depth.npy,s2b_partial_left_rear,1,0,0,0,1,0,0
data/s2b_partial_left_rear/burst015_f03_rgb.png,data/s2b_partial_left_rear/burst015_f03_depth.npy,s2b_partial_left_rear,1,0,0,0,1,0,0
data/s2b_partial_left_rear/burst015_f04_rgb.png,data/s2b_partial_left_rear/burst015_f04_depth.npy,s2b_partial_left_rear,1,0,0,0,1,0,0
data/s2b_partial_left_rear/burst015_f05_rgb.png,data/s2b_partial_left_rear/burst015_f05_depth.npy,s2b_partial_left_rear,1,0,0,0,1,0,0
data/s2b_partial_left_rear/burst015_f06_rgb.png,data/s2b_partial_left_rear/burst015_f06_depth.npy,s2b_partial_left_rear,1,0,0,0,1,0,0
data/s2b_partial_left_rear/burst015_f07_rgb.png,data/s2b_partial_left_rear/burst015_f07_depth.npy,s2b_partial_left_rear,1,0,0,0,1,0,0
data/s2b_partial_left_rear/burst015_f08_rgb.png,data/s2b_partial_left_rear/burst015_f08_depth.npy,s2b_partial_left_rear,1,0,0,0,1,0,0
data/s2b_partial_left_rear/burst015_f09_rgb.png,data/s2b_partial_left_rear/burst015_f09_depth.npy,s2b_partial_left_rear,1,0,0,0,1,0,0
data/s2b_partial_left_rear/burst016_f00_rgb.png,data/s2b_partial_left_rear/burst016_f00_depth.npy,s2b_partial_left_rear,1,0,0,0,1,0,0
data/s2b_partial_left_rear/burst016_f01_rgb.png,data/s2b_partial_left_rear/burst016_f01_depth.npy,s2b_partial_left_rear,1,0,0,0,1,0,0
data/s2b_partial_left_rear/burst016_f02_rgb.png,data/s2b_partial_left_rear/burst016_f02_depth.npy,s2b_partial_left_rear,1,0,0,0,1,0,0
data/s2b_partial_left_rear/burst016_f03_rgb.png,data/s2b_partial_left_rear/burst016_f03_depth.npy,s2b_partial_left_rear,1,0,0,0,1,0,0
data/s2b_partial_left_rear/burst016_f04_rgb.png,data/s2b_partial_left_rear/burst016_f04_depth.npy,s2b_partial_left_rear,1,0,0,0,1,0,0
data/s2b_partial_left_rear/burst016_f05_rgb.png,data/s2b_partial_left_rear/burst016_f05_depth.npy,s2b_partial_left_rear,1,0,0,0,1,0,0
data/s2b_partial_left_rear/burst016_f06_rgb.png,data/s2b_partial_left_rear/burst016_f06_depth.npy,s2b_partial_left_rear,1,0,0,0,1,0,0
data/s2b_partial_left_rear/burst016_f07_rgb.png,data/s2b_partial_left_rear/burst016_f07_depth.npy,s2b_partial_left_rear,1,0,0,0,1,0,0
data/s2b_partial_left_rear/burst016_f08_rgb.png,data/s2b_partial_left_rear/burst016_f08_depth.npy,s2b_partial_left_rear,1,0,0,0,1,0,0
data/s2b_partial_left_rear/burst016_f09_rgb.png,data/s2b_partial_left_rear/burst016_f09_depth.npy,s2b_partial_left_rear,1,0,0,0,1,0,0
data/s2b_partial_left_rear/burst017_f00_rgb.png,data/s2b_partial_left_rear/burst017_f00_depth.npy,s2b_partial_left_rear,1,0,0,0,1,0,0
data/s2b_partial_left_rear/burst017_f01_rgb.png,data/s2b_partial_left_rear/burst017_f01_depth.npy,s2b_partial_left_rear,1,0,0,0,1,0,0
data/s2b_partial_left_rear/burst017_f02_rgb.png,data/s2b_partial_left_rear/burst017_f02_depth.npy,s2b_partial_left_rear,1,0,0,0,1,0,0
data/s2b_partial_left_rear/burst017_f03_rgb.png,data/s2b_partial_left_rear/burst017_f03_depth.npy,s2b_partial_left_rear,1,0,0,0,1,0,0
data/s2b_partial_left_rear/burst017_f04_rgb.png,data/s2b_partial_left_rear/burst017_f04_depth.npy,s2b_partial_left_rear,1,0,0,0,1,0,0
data/s2b_partial_left_rear/burst017_f05_rgb.png,data/s2b_partial_left_rear/burst017_f05_depth.npy,s2b_partial_left_rear,1,0,0,0,1,0,0
data/s2b_partial_left_rear/burst017_f06_rgb.png,data/s2b_partial_left_rear/burst017_f06_depth.npy,s2b_partial_left_rear,1,0,0,0,1,0,0
data/s2b_partial_left_rear/burst017_f07_rgb.png,data/s2b_partial_left_rear/burst017_f07_depth.npy,s2b_partial_left_rear,1,0,0,0,1,0,0
data/s2b_partial_left_rear/burst017_f08_rgb.png,data/s2b_partial_left_rear/burst017_f08_depth.npy,s2b_partial_left_rear,1,0,0,0,1,0,0
data/s2b_partial_left_rear/burst017_f09_rgb.png,data/s2b_partial_left_rear/burst017_f09_depth.npy,s2b_partial_left_rear,1,0,0,0,1,0,0
data/s2b_partial_left_rear/burst018_f00_rgb.png,data/s2b_partial_left_rear/burst018_f00_depth.npy,s2b_partial_left_rear,1,0,0,0,1,0,0
data/s2b_partial_left_rear/burst018_f01_rgb.png,data/s2b_partial_left_rear/burst018_f01_depth.npy,s2b_partial_left_rear,1,0,0,0,1,0,0
data/s2b_partial_left_rear/burst018_f02_rgb.png,data/s2b_partial_left_rear/burst018_f02_depth.npy,s2b_partial_left_rear,1,0,0,0,1,0,0
data/s2b_partial_left_rear/burst018_f03_rgb.png,data/s2b_partial_left_rear/burst018_f03_depth.npy,s2b_partial_left_rear,1,0,0,0,1,0,0
data/s2b_partial_left_rear/burst018_f04_rgb.png,data/s2b_partial_left_rear/burst018_f04_depth.npy,s2b_partial_left_rear,1,0,0,0,1,0,0
data/s2b_partial_left_rear/burst018_f05_rgb.png,data/s2b_partial_left_rear/burst018_f05_depth.npy,s2b_partial_left_rear,1,0,0,0,1,0,0
data/s2b_partial_left_rear/burst018_f06_rgb.png,data/s2b_partial_left_rear/burst018_f06_depth.npy,s2b_partial_left_rear,1,0,0,0,1,0,0
data/s2b_partial_left_rear/burst018_f07_rgb.png,data/s2b_partial_left_rear/burst018_f07_depth.npy,s2b_partial_left_rear,1,0,0,0,1,0,0
data/s2b_partial_left_rear/burst018_f08_rgb.png,data/s2b_partial_left_rear/burst018_f08_depth.npy,s2b_partial_left_rear,1,0,0,0,1,0,0
data/s2b_partial_left_rear/burst018_f09_rgb.png,data/s2b_partial_left_rear/burst018_f09_depth.npy,s2b_partial_left_rear,1,0,0,0,1,0,0
data/s2b_partial_left_rear/burst019_f00_rgb.png,data/s2b_partial_left_rear/burst019_f00_depth.npy,s2b_partial_left_rear,1,0,0,0,1,0,0
data/s2b_partial_left_rear/burst019_f01_rgb.png,data/s2b_partial_left_rear/burst019_f01_depth.npy,s2b_partial_left_rear,1,0,0,0,1,0,0
data/s2b_partial_left_rear/burst019_f02_rgb.png,data/s2b_partial_left_rear/burst019_f02_depth.npy,s2b_partial_left_rear,1,0,0,0,1,0,0
data/s2b_partial_left_rear/burst019_f03_rgb.png,data/s2b_partial_left_rear/burst019_f03_depth.npy,s2b_partial_left_rear,1,0,0,0,1,0,0
data/s2b_partial_left_rear/burst019_f04_rgb.png,data/s2b_partial_left_rear/burst019_f04_depth.npy,s2b_partial_left_rear,1,0,0,0,1,0,0
data/s2b_partial_left_rear/burst019_f05_rgb.png,data/s2b_partial_left_rear/burst019_f05_depth.npy,s2b_partial_left_rear,1,0,0,0,1,0,0
data/s2b_partial_left_rear/burst019_f06_rgb.png,data/s2b_partial_left_rear/burst019_f06_depth.npy,s2b_partial_left_rear,1,0,0,0,1,0,0
data/s2b_partial_left_rear/burst019_f07_rgb.png,data/s2b_partial_left_rear/burst019_f07_depth.npy,s2b_partial_left_rear,1,0,0,0,1,0,0
data/s2b_partial_left_rear/burst019_f08_rgb.png,data/s2b_partial_left_rear/burst019_f08_depth.npy,s2b_partial_left_rear,1,0,0,0,1,0,0
data/s2b_partial_left_rear/burst019_f09_rgb.png,data/s2b_partial_left_rear/burst019_f09_depth.npy,s2b_partial_left_rear,1,0,0,0,1,0,0
data/s3_windshield/burst000_f00_rgb.png,data/s3_windshield/burst000_f00_depth.npy,s3_windshield,1,1,1,1,1,1,0
data/s3_windshield/burst000_f01_rgb.png,data/s3_windshield/burst000_f01_depth.npy,s3_windshield,1,1,1,1,1,1,0
data/s3_windshield/burst000_f02_rgb.png,data/s3_windshield/burst000_f02_depth.npy,s3_windshield,1,1,1,1,1,1,0
data/s3_windshield/burst000_f03_rgb.png,data/s3_windshield/burst000_f03_depth.npy,s3_windshield,1,1,1,1,1,1,0
data/s3_windshield/burst000_f04_rgb.png,data/s3_windshield/burst000_f04_depth.npy,s3_windshield,1,1,1,1,1,1,0
data/s3_windshield/burst000_f05_rgb.png,data/s3_windshield/burst000_f05_depth.npy,s3_windshield,1,1,1,1,1,1,0
data/s3_windshield/burst000_f06_rgb.png,data/s3_windshield/burst000_f06_depth.npy,s3_windshield,1,1,1,1,1,1,0
data/s3_windshield/burst000_f07_rgb.png,data/s3_windshield/burst000_f07_depth.npy,s3_windshield,1,1,1,1,1,1,0
data/s3_windshield/burst000_f08_rgb.png,data/s3_windshield/burst000_f08_depth.npy,s3_windshield,1,1,1,1,1,1,0
data/s3_windshield/burst000_f09_rgb.png,data/s3_windshield/burst000_f09_depth.npy,s3_windshield,1,1,1,1,1,1,0
data/s3_windshield/burst001_f00_rgb.png,data/s3_windshield/burst001_f00_depth.npy,s3_windshield,1,1,1,1,1,1,0
data/s3_windshield/burst001_f01_rgb.png,data/s3_windshield/burst001_f01_depth.npy,s3_windshield,1,1,1,1,1,1,0
data/s3_windshield/burst001_f02_rgb.png,data/s3_windshield/burst001_f02_depth.npy,s3_windshield,1,1,1,1,1,1,0
data/s3_windshield/burst001_f03_rgb.png,data/s3_windshield/burst001_f03_depth.npy,s3_windshield,1,1,1,1,1,1,0
data/s3_windshield/burst001_f04_rgb.png,data/s3_windshield/burst001_f04_depth.npy,s3_windshield,1,1,1,1,1,1,0
data/s3_windshield/burst001_f05_rgb.png,data/s3_windshield/burst001_f05_depth.npy,s3_windshield,1,1,1,1,1,1,0
data/s3_windshield/burst001_f06_rgb.png,data/s3_windshield/burst001_f06_depth.npy,s3_windshield,1,1,1,1,1,1,0
data/s3_windshield/burst001_f07_rgb.png,data/s3_windshield/burst001_f07_depth.npy,s3_windshield,1,1,1,1,1,1,0
data/s3_windshield/burst001_f08_rgb.png,data/s3_windshield/burst001_f08_depth.npy,s3_windshield,1,1,1,1,1,1,0
data/s3_windshield/burst001_f09_rgb.png,data/s3_windshield/burst001_f09_depth.npy,s3_windshield,1,1,1,1,1,1,0
data/s3_windshield/burst002_f00_rgb.png,data/s3_windshield/burst002_f00_depth.npy,s3_windshield,1,1,1,1,1,1,0
data/s3_windshield/burst002_f01_rgb.png,data/s3_windshield/burst002_f01_depth.npy,s3_windshield,1,1,1,1,1,1,0
data/s3_windshield/burst002_f02_rgb.png,data/s3_windshield/burst002_f02_depth.npy,s3_windshield,1,1,1,1,1,1,0
data/s3_windshield/burst002_f03_rgb.png,data/s3_windshield/burst002_f03_depth.npy,s3_windshield,1,1,1,1,1,1,0
data/s3_windshield/burst002_f04_rgb.png,data/s3_windshield/burst002_f04_depth.npy,s3_windshield,1,1,1,1,1,1,0
data/s3_windshield/burst002_f05_rgb.png,data/s3_windshield/burst002_f05_depth.npy,s3_windshield,1,1,1,1,1,1,0
data/s3_windshield/burst002_f06_rgb.png,data/s3_windshield/burst002_f06_depth.npy,s3_windshield,1,1,1,1,1,1,0
data/s3_windshield/burst002_f07_rgb.png,data/s3_windshield/burst002_f07_depth.npy,s3_windshield,1,1,1,1,1,1,0
data/s3_windshield/burst002_f08_rgb.png,data/s3_windshield/burst002_f08_depth.npy,s3_windshield,1,1,1,1,1,1,0
data/s3_windshield/burst002_f09_rgb.png,data/s3_windshield/burst002_f09_depth.npy,s3_windshield,1,1,1,1,1,1,0
data/s3_windshield/burst003_f00_rgb.png,data/s3_windshield/burst003_f00_depth.npy,s3_windshield,1,1,1,1,1,1,0
data/s3_windshield/burst003_f01_rgb.png,data/s3_windshield/burst003_f01_depth.npy,s3_windshield,1,1,1,1,1,1,0
data/s3_windshield/burst003_f02_rgb.png,data/s3_windshield/burst003_f02_depth.npy,s3_windshield,1,1,1,1,1,1,0
data/s3_windshield/burst003_f03_rgb.png,data/s3_windshield/burst003_f03_depth.npy,s3_windshield,1,1,1,1,1,1,0
data/s3_windshield/burst003_f04_rgb.png,data/s3_windshield/burst003_f04_depth.npy,s3_windshield,1,1,1,1,1,1,0
data/s3_windshield/burst003_f05_rgb.png,data/s3_windshield/burst003_f05_depth.npy,s3_windshield,1,1,1,1,1,1,0
data/s3_windshield/burst003_f06_rgb.png,data/s3_windshield/burst003_f06_depth.npy,s3_windshield,1,1,1,1,1,1,0
data/s3_windshield/burst003_f07_rgb.png,data/s3_windshield/burst003_f07_depth.npy,s3_windshield,1,1,1,1,1,1,0
data/s3_windshield/burst003_f08_rgb.png,data/s3_windshield/burst003_f08_depth.npy,s3_windshield,1,1,1,1,1,1,0
data/s3_windshield/burst003_f09_rgb.png,data/s3_windshield/burst003_f09_depth.npy,s3_windshield,1,1,1,1,1,1,0
data/s3_windshield/burst004_f00_rgb.png,data/s3_windshield/burst004_f00_depth.npy,s3_windshield,1,1,1,1,1,1,0
data/s3_windshield/burst004_f01_rgb.png,data/s3_windshield/burst004_f01_depth.npy,s3_windshield,1,1,1,1,1,1,0
data/s3_windshield/burst004_f02_rgb.png,data/s3_windshield/burst004_f02_depth.npy,s3_windshield,1,1,1,1,1,1,0
data/s3_windshield/burst004_f03_rgb.png,data/s3_windshield/burst004_f03_depth.npy,s3_windshield,1,1,1,1,1,1,0
data/s3_windshield/burst004_f04_rgb.png,data/s3_windshield/burst004_f04_depth.npy,s3_windshield,1,1,1,1,1,1,0
data/s3_windshield/burst004_f05_rgb.png,data/s3_windshield/burst004_f05_depth.npy,s3_windshield,1,1,1,1,1,1,0
data/s3_windshield/burst004_f06_rgb.png,data/s3_windshield/burst004_f06_depth.npy,s3_windshield,1,1,1,1,1,1,0
data/s3_windshield/burst004_f07_rgb.png,data/s3_windshield/burst004_f07_depth.npy,s3_windshield,1,1,1,1,1,1,0
data/s3_windshield/burst004_f08_rgb.png,data/s3_windshield/burst004_f08_depth.npy,s3_windshield,1,1,1,1,1,1,0
data/s3_windshield/burst004_f09_rgb.png,data/s3_windshield/burst004_f09_depth.npy,s3_windshield,1,1,1,1,1,1,0
data/s3_windshield/burst005_f00_rgb.png,data/s3_windshield/burst005_f00_depth.npy,s3_windshield,1,1,1,1,1,1,0
data/s3_windshield/burst005_f01_rgb.png,data/s3_windshield/burst005_f01_depth.npy,s3_windshield,1,1,1,1,1,1,0
data/s3_windshield/burst005_f02_rgb.png,data/s3_windshield/burst005_f02_depth.npy,s3_windshield,1,1,1,1,1,1,0
data/s3_windshield/burst005_f03_rgb.png,data/s3_windshield/burst005_f03_depth.npy,s3_windshield,1,1,1,1,1,1,0
data/s3_windshield/burst005_f04_rgb.png,data/s3_windshield/burst005_f04_depth.npy,s3_windshield,1,1,1,1,1,1,0
data/s3_windshield/burst005_f05_rgb.png,data/s3_windshield/burst005_f05_depth.npy,s3_windshield,1,1,1,1,1,1,0
data/s3_windshield/burst005_f06_rgb.png,data/s3_windshield/burst005_f06_depth.npy,s3_windshield,1,1,1,1,1,1,0
data/s3_windshield/burst005_f07_rgb.png,data/s3_windshield/burst005_f07_depth.npy,s3_windshield,1,1,1,1,1,1,0
data/s3_windshield/burst005_f08_rgb.png,data/s3_windshield/burst005_f08_depth.npy,s3_windshield,1,1,1,1,1,1,0
data/s3_windshield/burst005_f09_rgb.png,data/s3_windshield/burst005_f09_depth.npy,s3_windshield,1,1,1,1,1,1,0
data/s3_windshield/burst006_f00_rgb.png,data/s3_windshield/burst006_f00_depth.npy,s3_windshield,1,1,1,1,1,1,0
data/s3_windshield/burst006_f01_rgb.png,data/s3_windshield/burst006_f01_depth.npy,s3_windshield,1,1,1,1,1,1,0
data/s3_windshield/burst006_f02_rgb.png,data/s3_windshield/burst006_f02_depth.npy,s3_windshield,1,1,1,1,1,1,0
data/s3_windshield/burst006_f03_rgb.png,data/s3_windshield/burst006_f03_depth.npy,s3_windshield,1,1,1,1,1,1,0
data/s3_windshield/burst006_f04_rgb.png,data/s3_windshield/burst006_f04_depth.npy,s3_windshield,1,1,1,1,1,1,0
data/s3_windshield/burst006_f05_rgb.png,data/s3_windshield/burst006_f05_depth.npy,s3_windshield,1,1,1,1,1,1,0
data/s3_windshield/burst006_f06_rgb.png,data/s3_windshield/burst006_f06_depth.npy,s3_windshield,1,1,1,1,1,1,0
data/s3_windshield/burst006_f07_rgb.png,data/s3_windshield/burst006_f07_depth.npy,s3_windshield,1,1,1,1,1,1,0
data/s3_windshield/burst006_f08_rgb.png,data/s3_windshield/burst006_f08_depth.npy,s3_windshield,1,1,1,1,1,1,0
data/s3_windshield/burst006_f09_rgb.png,data/s3_windshield/burst006_f09_depth.npy,s3_windshield,1,1,1,1,1,1,0
data/s3_windshield/burst007_f00_rgb.png,data/s3_windshield/burst007_f00_depth.npy,s3_windshield,1,1,1,1,1,1,0
data/s3_windshield/burst007_f01_rgb.png,data/s3_windshield/burst007_f01_depth.npy,s3_windshield,1,1,1,1,1,1,0
data/s3_windshield/burst007_f02_rgb.png,data/s3_windshield/burst007_f02_depth.npy,s3_windshield,1,1,1,1,1,1,0
data/s3_windshield/burst007_f03_rgb.png,data/s3_windshield/burst007_f03_depth.npy,s3_windshield,1,1,1,1,1,1,0
data/s3_windshield/burst007_f04_rgb.png,data/s3_windshield/burst007_f04_depth.npy,s3_windshield,1,1,1,1,1,1,0
data/s3_windshield/burst007_f05_rgb.png,data/s3_windshield/burst007_f05_depth.npy,s3_windshield,1,1,1,1,1,1,0
data/s3_windshield/burst007_f06_rgb.png,data/s3_windshield/burst007_f06_depth.npy,s3_windshield,1,1,1,1,1,1,0
data/s3_windshield/burst007_f07_rgb.png,data/s3_windshield/burst007_f07_depth.npy,s3_windshield,1,1,1,1,1,1,0
data/s3_windshield/burst007_f08_rgb.png,data/s3_windshield/burst007_f08_depth.npy,s3_windshield,1,1,1,1,1,1,0
data/s3_windshield/burst007_f09_rgb.png,data/s3_windshield/burst007_f09_depth.npy,s3_windshield,1,1,1,1,1,1,0
data/s3_windshield/burst008_f00_rgb.png,data/s3_windshield/burst008_f00_depth.npy,s3_windshield,1,1,1,1,1,1,0
data/s3_windshield/burst008_f01_rgb.png,data/s3_windshield/burst008_f01_depth.npy,s3_windshield,1,1,1,1,1,1,0
data/s3_windshield/burst008_f02_rgb.png,data/s3_windshield/burst008_f02_depth.npy,s3_windshield,1,1,1,1,1,1,0
data/s3_windshield/burst008_f03_rgb.png,data/s3_windshield/burst008_f03_depth.npy,s3_windshield,1,1,1,1,1,1,0
data/s3_windshield/burst008_f04_rgb.png,data/s3_windshield/burst008_f04_depth.npy,s3_windshield,1,1,1,1,1,1,0
data/s3_windshield/burst008_f05_rgb.png,data/s3_windshield/burst008_f05_depth.npy,s3_windshield,1,1,1,1,1,1,0
data/s3_windshield/burst008_f06_rgb.png,data/s3_windshield/burst008_f06_depth.npy,s3_windshield,1,1,1,1,1,1,0
data/s3_windshield/burst008_f07_rgb.png,data/s3_windshield/burst008_f07_depth.npy,s3_windshield,1,1,1,1,1,1,0
data/s3_windshield/burst008_f08_rgb.png,data/s3_windshield/burst008_f08_depth.npy,s3_windshield,1,1,1,1,1,1,0
data/s3_windshield/burst008_f09_rgb.png,data/s3_windshield/burst008_f09_depth.npy,s3_windshield,1,1,1,1,1,1,0
data/s3_windshield/burst009_f00_rgb.png,data/s3_windshield/burst009_f00_depth.npy,s3_windshield,1,1,1,1,1,1,0
data/s3_windshield/burst009_f01_rgb.png,data/s3_windshield/burst009_f01_depth.npy,s3_windshield,1,1,1,1,1,1,0
data/s3_windshield/burst009_f02_rgb.png,data/s3_windshield/burst009_f02_depth.npy,s3_windshield,1,1,1,1,1,1,0
data/s3_windshield/burst009_f03_rgb.png,data/s3_windshield/burst009_f03_depth.npy,s3_windshield,1,1,1,1,1,1,0
data/s3_windshield/burst009_f04_rgb.png,data/s3_windshield/burst009_f04_depth.npy,s3_windshield,1,1,1,1,1,1,0
data/s3_windshield/burst009_f05_rgb.png,data/s3_windshield/burst009_f05_depth.npy,s3_windshield,1,1,1,1,1,1,0
data/s3_windshield/burst009_f06_rgb.png,data/s3_windshield/burst009_f06_depth.npy,s3_windshield,1,1,1,1,1,1,0
data/s3_windshield/burst009_f07_rgb.png,data/s3_windshield/burst009_f07_depth.npy,s3_windshield,1,1,1,1,1,1,0
data/s3_windshield/burst009_f08_rgb.png,data/s3_windshield/burst009_f08_depth.npy,s3_windshield,1,1,1,1,1,1,0
data/s3_windshield/burst009_f09_rgb.png,data/s3_windshield/burst009_f09_depth.npy,s3_windshield,1,1,1,1,1,1,0
data/s3_windshield/burst010_f00_rgb.png,data/s3_windshield/burst010_f00_depth.npy,s3_windshield,1,1,1,1,1,1,0
data/s3_windshield/burst010_f01_rgb.png,data/s3_windshield/burst010_f01_depth.npy,s3_windshield,1,1,1,1,1,1,0
data/s3_windshield/burst010_f02_rgb.png,data/s3_windshield/burst010_f02_depth.npy,s3_windshield,1,1,1,1,1,1,0
data/s3_windshield/burst010_f03_rgb.png,data/s3_windshield/burst010_f03_depth.npy,s3_windshield,1,1,1,1,1,1,0
data/s3_windshield/burst010_f04_rgb.png,data/s3_windshield/burst010_f04_depth.npy,s3_windshield,1,1,1,1,1,1,0
data/s3_windshield/burst010_f05_rgb.png,data/s3_windshield/burst010_f05_depth.npy,s3_windshield,1,1,1,1,1,1,0
data/s3_windshield/burst010_f06_rgb.png,data/s3_windshield/burst010_f06_depth.npy,s3_windshield,1,1,1,1,1,1,0
data/s3_windshield/burst010_f07_rgb.png,data/s3_windshield/burst010_f07_depth.npy,s3_windshield,1,1,1,1,1,1,0
data/s3_windshield/burst010_f08_rgb.png,data/s3_windshield/burst010_f08_depth.npy,s3_windshield,1,1,1,1,1,1,0
data/s3_windshield/burst010_f09_rgb.png,data/s3_windshield/burst010_f09_depth.npy,s3_windshield,1,1,1,1,1,1,0
data/s3_windshield/burst011_f00_rgb.png,data/s3_windshield/burst011_f00_depth.npy,s3_windshield,1,1,1,1,1,1,0
data/s3_windshield/burst011_f01_rgb.png,data/s3_windshield/burst011_f01_depth.npy,s3_windshield,1,1,1,1,1,1,0
data/s3_windshield/burst011_f02_rgb.png,data/s3_windshield/burst011_f02_depth.npy,s3_windshield,1,1,1,1,1,1,0
data/s3_windshield/burst011_f03_rgb.png,data/s3_windshield/burst011_f03_depth.npy,s3_windshield,1,1,1,1,1,1,0
data/s3_windshield/burst011_f04_rgb.png,data/s3_windshield/burst011_f04_depth.npy,s3_windshield,1,1,1,1,1,1,0
data/s3_windshield/burst011_f05_rgb.png,data/s3_windshield/burst011_f05_depth.npy,s3_windshield,1,1,1,1,1,1,0
data/s3_windshield/burst011_f06_rgb.png,data/s3_windshield/burst011_f06_depth.npy,s3_windshield,1,1,1,1,1,1,0
data/s3_windshield/burst011_f07_rgb.png,data/s3_windshield/burst011_f07_depth.npy,s3_windshield,1,1,1,1,1,1,0
data/s3_windshield/burst011_f08_rgb.png,data/s3_windshield/burst011_f08_depth.npy,s3_windshield,1,1,1,1,1,1,0
data/s3_windshield/burst011_f09_rgb.png,data/s3_windshield/burst011_f09_depth.npy,s3_windshield,1,1,1,1,1,1,0
data/s3_windshield/burst012_f00_rgb.png,data/s3_windshield/burst012_f00_depth.npy,s3_windshield,1,1,1,1,1,1,0
data/s3_windshield/burst012_f01_rgb.png,data/s3_windshield/burst012_f01_depth.npy,s3_windshield,1,1,1,1,1,1,0
data/s3_windshield/burst012_f02_rgb.png,data/s3_windshield/burst012_f02_depth.npy,s3_windshield,1,1,1,1,1,1,0
data/s3_windshield/burst012_f03_rgb.png,data/s3_windshield/burst012_f03_depth.npy,s3_windshield,1,1,1,1,1,1,0
data/s3_windshield/burst012_f04_rgb.png,data/s3_windshield/burst012_f04_depth.npy,s3_windshield,1,1,1,1,1,1,0
data/s3_windshield/burst012_f05_rgb.png,data/s3_windshield/burst012_f05_depth.npy,s3_windshield,1,1,1,1,1,1,0
data/s3_windshield/burst012_f06_rgb.png,data/s3_windshield/burst012_f06_depth.npy,s3_windshield,1,1,1,1,1,1,0
data/s3_windshield/burst012_f07_rgb.png,data/s3_windshield/burst012_f07_depth.npy,s3_windshield,1,1,1,1,1,1,0
data/s3_windshield/burst012_f08_rgb.png,data/s3_windshield/burst012_f08_depth.npy,s3_windshield,1,1,1,1,1,1,0
data/s3_windshield/burst012_f09_rgb.png,data/s3_windshield/burst012_f09_depth.npy,s3_windshield,1,1,1,1,1,1,0
data/s3_windshield/burst013_f00_rgb.png,data/s3_windshield/burst013_f00_depth.npy,s3_windshield,1,1,1,1,1,1,0
data/s3_windshield/burst013_f01_rgb.png,data/s3_windshield/burst013_f01_depth.npy,s3_windshield,1,1,1,1,1,1,0
data/s3_windshield/burst013_f02_rgb.png,data/s3_windshield/burst013_f02_depth.npy,s3_windshield,1,1,1,1,1,1,0
data/s3_windshield/burst013_f03_rgb.png,data/s3_windshield/burst013_f03_depth.npy,s3_windshield,1,1,1,1,1,1,0
data/s3_windshield/burst013_f04_rgb.png,data/s3_windshield/burst013_f04_depth.npy,s3_windshield,1,1,1,1,1,1,0
data/s3_windshield/burst013_f05_rgb.png,data/s3_windshield/burst013_f05_depth.npy,s3_windshield,1,1,1,1,1,1,0
data/s3_windshield/burst013_f06_rgb.png,data/s3_windshield/burst013_f06_depth.npy,s3_windshield,1,1,1,1,1,1,0
data/s3_windshield/burst013_f07_rgb.png,data/s3_windshield/burst013_f07_depth.npy,s3_windshield,1,1,1,1,1,1,0
data/s3_windshield/burst013_f08_rgb.png,data/s3_windshield/burst013_f08_depth.npy,s3_windshield,1,1,1,1,1,1,0
data/s3_windshield/burst013_f09_rgb.png,data/s3_windshield/burst013_f09_depth.npy,s3_windshield,1,1,1,1,1,1,0
data/s3_windshield/burst014_f00_rgb.png,data/s3_windshield/burst014_f00_depth.npy,s3_windshield,1,1,1,1,1,1,0
data/s3_windshield/burst014_f01_rgb.png,data/s3_windshield/burst014_f01_depth.npy,s3_windshield,1,1,1,1,1,1,0
data/s3_windshield/burst014_f02_rgb.png,data/s3_windshield/burst014_f02_depth.npy,s3_windshield,1,1,1,1,1,1,0
data/s3_windshield/burst014_f03_rgb.png,data/s3_windshield/burst014_f03_depth.npy,s3_windshield,1,1,1,1,1,1,0
data/s3_windshield/burst014_f04_rgb.png,data/s3_windshield/burst014_f04_depth.npy,s3_windshield,1,1,1,1,1,1,0
data/s3_windshield/burst014_f05_rgb.png,data/s3_windshield/burst014_f05_depth.npy,s3_windshield,1,1,1,1,1,1,0
data/s3_windshield/burst014_f06_rgb.png,data/s3_windshield/burst014_f06_depth.npy,s3_windshield,1,1,1,1,1,1,0
data/s3_windshield/burst014_f07_rgb.png,data/s3_windshield/burst014_f07_depth.npy,s3_windshield,1,1,1,1,1,1,0
data/s3_windshield/burst014_f08_rgb.png,data/s3_windshield/burst014_f08_depth.npy,s3_windshield,1,1,1,1,1,1,0
data/s3_windshield/burst014_f09_rgb.png,data/s3_windshield/burst014_f09_depth.npy,s3_windshield,1,1,1,1,1,1,0
data/s3_windshield/burst015_f00_rgb.png,data/s3_windshield/burst015_f00_depth.npy,s3_windshield,1,1,1,1,1,1,0
data/s3_windshield/burst015_f01_rgb.png,data/s3_windshield/burst015_f01_depth.npy,s3_windshield,1,1,1,1,1,1,0
data/s3_windshield/burst015_f02_rgb.png,data/s3_windshield/burst015_f02_depth.npy,s3_windshield,1,1,1,1,1,1,0
data/s3_windshield/burst015_f03_rgb.png,data/s3_windshield/burst015_f03_depth.npy,s3_windshield,1,1,1,1,1,1,0
data/s3_windshield/burst015_f04_rgb.png,data/s3_windshield/burst015_f04_depth.npy,s3_windshield,1,1,1,1,1,1,0
data/s3_windshield/burst015_f05_rgb.png,data/s3_windshield/burst015_f05_depth.npy,s3_windshield,1,1,1,1,1,1,0
data/s3_windshield/burst015_f06_rgb.png,data/s3_windshield/burst015_f06_depth.npy,s3_windshield,1,1,1,1,1,1,0
data/s3_windshield/burst015_f07_rgb.png,data/s3_windshield/burst015_f07_depth.npy,s3_windshield,1,1,1,1,1,1,0
data/s3_windshield/burst015_f08_rgb.png,data/s3_windshield/burst015_f08_depth.npy,s3_windshield,1,1,1,1,1,1,0
data/s3_windshield/burst015_f09_rgb.png,data/s3_windshield/burst015_f09_depth.npy,s3_windshield,1,1,1,1,1,1,0
data/s3_windshield/burst016_f00_rgb.png,data/s3_windshield/burst016_f00_depth.npy,s3_windshield,1,1,1,1,1,1,0
data/s3_windshield/burst016_f01_rgb.png,data/s3_windshield/burst016_f01_depth.npy,s3_windshield,1,1,1,1,1,1,0
data/s3_windshield/burst016_f02_rgb.png,data/s3_windshield/burst016_f02_depth.npy,s3_windshield,1,1,1,1,1,1,0
data/s3_windshield/burst016_f03_rgb.png,data/s3_windshield/burst016_f03_depth.npy,s3_windshield,1,1,1,1,1,1,0
data/s3_windshield/burst016_f04_rgb.png,data/s3_windshield/burst016_f04_depth.npy,s3_windshield,1,1,1,1,1,1,0
data/s3_windshield/burst016_f05_rgb.png,data/s3_windshield/burst016_f05_depth.npy,s3_windshield,1,1,1,1,1,1,0
data/s3_windshield/burst016_f06_rgb.png,data/s3_windshield/burst016_f06_depth.npy,s3_windshield,1,1,1,1,1,1,0
data/s3_windshield/burst016_f07_rgb.png,data/s3_windshield/burst016_f07_depth.npy,s3_windshield,1,1,1,1,1,1,0
data/s3_windshield/burst016_f08_rgb.png,data/s3_windshield/burst016_f08_depth.npy,s3_windshield,1,1,1,1,1,1,0
data/s3_windshield/burst016_f09_rgb.png,data/s3_windshield/burst016_f09_depth.npy,s3_windshield,1,1,1,1,1,1,0
data/s3_windshield/burst017_f00_rgb.png,data/s3_windshield/burst017_f00_depth.npy,s3_windshield,1,1,1,1,1,1,0
data/s3_windshield/burst017_f01_rgb.png,data/s3_windshield/burst017_f01_depth.npy,s3_windshield,1,1,1,1,1,1,0
data/s3_windshield/burst017_f02_rgb.png,data/s3_windshield/burst017_f02_depth.npy,s3_windshield,1,1,1,1,1,1,0
data/s3_windshield/burst017_f03_rgb.png,data/s3_windshield/burst017_f03_depth.npy,s3_windshield,1,1,1,1,1,1,0
data/s3_windshield/burst017_f04_rgb.png,data/s3_windshield/burst017_f04_depth.npy,s3_windshield,1,1,1,1,1,1,0
data/s3_windshield/burst017_f05_rgb.png,data/s3_windshield/burst017_f05_depth.npy,s3_windshield,1,1,1,1,1,1,0
data/s3_windshield/burst017_f06_rgb.png,data/s3_windshield/burst017_f06_depth.npy,s3_windshield,1,1,1,1,1,1,0
data/s3_windshield/burst017_f07_rgb.png,data/s3_windshield/burst017_f07_depth.npy,s3_windshield,1,1,1,1,1,1,0
data/s3_windshield/burst017_f08_rgb.png,data/s3_windshield/burst017_f08_depth.npy,s3_windshield,1,1,1,1,1,1,0
data/s3_windshield/burst017_f09_rgb.png,data/s3_windshield/burst017_f09_depth.npy,s3_windshield,1,1,1,1,1,1,0
data/s3_windshield/burst018_f00_rgb.png,data/s3_windshield/burst018_f00_depth.npy,s3_windshield,1,1,1,1,1,1,0
data/s3_windshield/burst018_f01_rgb.png,data/s3_windshield/burst018_f01_depth.npy,s3_windshield,1,1,1,1,1,1,0
data/s3_windshield/burst018_f02_rgb.png,data/s3_windshield/burst018_f02_depth.npy,s3_windshield,1,1,1,1,1,1,0
data/s3_windshield/burst018_f03_rgb.png,data/s3_windshield/burst018_f03_depth.npy,s3_windshield,1,1,1,1,1,1,0
data/s3_windshield/burst018_f04_rgb.png,data/s3_windshield/burst018_f04_depth.npy,s3_windshield,1,1,1,1,1,1,0
data/s3_windshield/burst018_f05_rgb.png,data/s3_windshield/burst018_f05_depth.npy,s3_windshield,1,1,1,1,1,1,0
data/s3_windshield/burst018_f06_rgb.png,data/s3_windshield/burst018_f06_depth.npy,s3_windshield,1,1,1,1,1,1,0
data/s3_windshield/burst018_f07_rgb.png,data/s3_windshield/burst018_f07_depth.npy,s3_windshield,1,1,1,1,1,1,0
data/s3_windshield/burst018_f08_rgb.png,data/s3_windshield/burst018_f08_depth.npy,s3_windshield,1,1,1,1,1,1,0
data/s3_windshield/burst018_f09_rgb.png,data/s3_windshield/burst018_f09_depth.npy,s3_windshield,1,1,1,1,1,1,0
data/s3_windshield/burst019_f00_rgb.png,data/s3_windshield/burst019_f00_depth.npy,s3_windshield,1,1,1,1,1,1,0
data/s3_windshield/burst019_f01_rgb.png,data/s3_windshield/burst019_f01_depth.npy,s3_windshield,1,1,1,1,1,1,0
data/s3_windshield/burst019_f02_rgb.png,data/s3_windshield/burst019_f02_depth.npy,s3_windshield,1,1,1,1,1,1,0
data/s3_windshield/burst019_f03_rgb.png,data/s3_windshield/burst019_f03_depth.npy,s3_windshield,1,1,1,1,1,1,0
data/s3_windshield/burst019_f04_rgb.png,data/s3_windshield/burst019_f04_depth.npy,s3_windshield,1,1,1,1,1,1,0
data/s3_windshield/burst019_f05_rgb.png,data/s3_windshield/burst019_f05_depth.npy,s3_windshield,1,1,1,1,1,1,0
data/s3_windshield/burst019_f06_rgb.png,data/s3_windshield/burst019_f06_depth.npy,s3_windshield,1,1,1,1,1,1,0
data/s3_windshield/burst019_f07_rgb.png,data/s3_windshield/burst019_f07_depth.npy,s3_windshield,1,1,1,1,1,1,0
data/s3_windshield/burst019_f08_rgb.png,data/s3_windshield/burst019_f08_depth.npy,s3_windshield,1,1,1,1,1,1,0
data/s3_windshield/burst019_f09_rgb.png,data/s3_windshield/burst019_f09_depth.npy,s3_windshield,1,1,1,1,1,1,0
data/s3_windshield/burst020_f00_rgb.png,data/s3_windshield/burst020_f00_depth.npy,s3_windshield,1,1,1,1,1,1,0
data/s3_windshield/burst020_f01_rgb.png,data/s3_windshield/burst020_f01_depth.npy,s3_windshield,1,1,1,1,1,1,0
data/s3_windshield/burst020_f02_rgb.png,data/s3_windshield/burst020_f02_depth.npy,s3_windshield,1,1,1,1,1,1,0
data/s3_windshield/burst020_f03_rgb.png,data/s3_windshield/burst020_f03_depth.npy,s3_windshield,1,1,1,1,1,1,0
data/s3_windshield/burst020_f04_rgb.png,data/s3_windshield/burst020_f04_depth.npy,s3_windshield,1,1,1,1,1,1,0
data/s3_windshield/burst020_f05_rgb.png,data/s3_windshield/burst020_f05_depth.npy,s3_windshield,1,1,1,1,1,1,0
data/s3_windshield/burst020_f06_rgb.png,data/s3_windshield/burst020_f06_depth.npy,s3_windshield,1,1,1,1,1,1,0
data/s3_windshield/burst020_f07_rgb.png,data/s3_windshield/burst020_f07_depth.npy,s3_windshield,1,1,1,1,1,1,0
data/s3_windshield/burst020_f08_rgb.png,data/s3_windshield/burst020_f08_depth.npy,s3_windshield,1,1,1,1,1,1,0
data/s3_windshield/burst020_f09_rgb.png,data/s3_windshield/burst020_f09_depth.npy,s3_windshield,1,1,1,1,1,1,0
data/s3_windshield/burst021_f00_rgb.png,data/s3_windshield/burst021_f00_depth.npy,s3_windshield,1,1,1,1,1,1,0
data/s3_windshield/burst021_f01_rgb.png,data/s3_windshield/burst021_f01_depth.npy,s3_windshield,1,1,1,1,1,1,0
data/s3_windshield/burst021_f02_rgb.png,data/s3_windshield/burst021_f02_depth.npy,s3_windshield,1,1,1,1,1,1,0
data/s3_windshield/burst021_f03_rgb.png,data/s3_windshield/burst021_f03_depth.npy,s3_windshield,1,1,1,1,1,1,0
data/s3_windshield/burst021_f04_rgb.png,data/s3_windshield/burst021_f04_depth.npy,s3_windshield,1,1,1,1,1,1,0
data/s3_windshield/burst021_f05_rgb.png,data/s3_windshield/burst021_f05_depth.npy,s3_windshield,1,1,1,1,1,1,0
data/s3_windshield/burst021_f06_rgb.png,data/s3_windshield/burst021_f06_depth.npy,s3_windshield,1,1,1,1,1,1,0
data/s3_windshield/burst021_f07_rgb.png,data/s3_windshield/burst021_f07_depth.npy,s3_windshield,1,1,1,1,1,1,0
data/s3_windshield/burst021_f08_rgb.png,data/s3_windshield/burst021_f08_depth.npy,s3_windshield,1,1,1,1,1,1,0
data/s3_windshield/burst021_f09_rgb.png,data/s3_windshield/burst021_f09_depth.npy,s3_windshield,1,1,1,1,1,1,0
data/s3_windshield/burst022_f00_rgb.png,data/s3_windshield/burst022_f00_depth.npy,s3_windshield,1,1,1,1,1,1,0
data/s3_windshield/burst022_f01_rgb.png,data/s3_windshield/burst022_f01_depth.npy,s3_windshield,1,1,1,1,1,1,0
data/s3_windshield/burst022_f02_rgb.png,data/s3_windshield/burst022_f02_depth.npy,s3_windshield,1,1,1,1,1,1,0
data/s3_windshield/burst022_f03_rgb.png,data/s3_windshield/burst022_f03_depth.npy,s3_windshield,1,1,1,1,1,1,0
data/s3_windshield/burst022_f04_rgb.png,data/s3_windshield/burst022_f04_depth.npy,s3_windshield,1,1,1,1,1,1,0
data/s3_windshield/burst022_f05_rgb.png,data/s3_windshield/burst022_f05_depth.npy,s3_windshield,1,1,1,1,1,1,0
data/s3_windshield/burst022_f06_rgb.png,data/s3_windshield/burst022_f06_depth.npy,s3_windshield,1,1,1,1,1,1,0
data/s3_windshield/burst022_f07_rgb.png,data/s3_windshield/burst022_f07_depth.npy,s3_windshield,1,1,1,1,1,1,0
data/s3_windshield/burst022_f08_rgb.png,data/s3_windshield/burst022_f08_depth.npy,s3_windshield,1,1,1,1,1,1,0
data/s3_windshield/burst022_f09_rgb.png,data/s3_windshield/burst022_f09_depth.npy,s3_windshield,1,1,1,1,1,1,0
data/s3_windshield/burst023_f00_rgb.png,data/s3_windshield/burst023_f00_depth.npy,s3_windshield,1,1,1,1,1,1,0
data/s3_windshield/burst023_f01_rgb.png,data/s3_windshield/burst023_f01_depth.npy,s3_windshield,1,1,1,1,1,1,0
data/s3_windshield/burst023_f02_rgb.png,data/s3_windshield/burst023_f02_depth.npy,s3_windshield,1,1,1,1,1,1,0
data/s3_windshield/burst023_f03_rgb.png,data/s3_windshield/burst023_f03_depth.npy,s3_windshield,1,1,1,1,1,1,0
data/s3_windshield/burst023_f04_rgb.png,data/s3_windshield/burst023_f04_depth.npy,s3_windshield,1,1,1,1,1,1,0
data/s3_windshield/burst023_f05_rgb.png,data/s3_windshield/burst023_f05_depth.npy,s3_windshield,1,1,1,1,1,1,0
data/s3_windshield/burst023_f06_rgb.png,data/s3_windshield/burst023_f06_depth.npy,s3_windshield,1,1,1,1,1,1,0
data/s3_windshield/burst023_f07_rgb.png,data/s3_windshield/burst023_f07_depth.npy,s3_windshield,1,1,1,1,1,1,0
data/s3_windshield/burst023_f08_rgb.png,data/s3_windshield/burst023_f08_depth.npy,s3_windshield,1,1,1,1,1,1,0
data/s3_windshield/burst023_f09_rgb.png,data/s3_windshield/burst023_f09_depth.npy,s3_windshield,1,1,1,1,1,1,0
data/s3_windshield/burst024_f00_rgb.png,data/s3_windshield/burst024_f00_depth.npy,s3_windshield,1,1,1,1,1,1,0
data/s3_windshield/burst024_f01_rgb.png,data/s3_windshield/burst024_f01_depth.npy,s3_windshield,1,1,1,1,1,1,0
data/s3_windshield/burst024_f02_rgb.png,data/s3_windshield/burst024_f02_depth.npy,s3_windshield,1,1,1,1,1,1,0
data/s3_windshield/burst024_f03_rgb.png,data/s3_windshield/burst024_f03_depth.npy,s3_windshield,1,1,1,1,1,1,0
data/s3_windshield/burst024_f04_rgb.png,data/s3_windshield/burst024_f04_depth.npy,s3_windshield,1,1,1,1,1,1,0
data/s3_windshield/burst024_f05_rgb.png,data/s3_windshield/burst024_f05_depth.npy,s3_windshield,1,1,1,1,1,1,0
data/s3_windshield/burst024_f06_rgb.png,data/s3_windshield/burst024_f06_depth.npy,s3_windshield,1,1,1,1,1,1,0
data/s3_windshield/burst024_f07_rgb.png,data/s3_windshield/burst024_f07_depth.npy,s3_windshield,1,1,1,1,1,1,0
data/s3_windshield/burst024_f08_rgb.png,data/s3_windshield/burst024_f08_depth.npy,s3_windshield,1,1,1,1,1,1,0
data/s3_windshield/burst024_f09_rgb.png,data/s3_windshield/burst024_f09_depth.npy,s3_windshield,1,1,1,1,1,1,0
data/s3_windshield/burst025_f00_rgb.png,data/s3_windshield/burst025_f00_depth.npy,s3_windshield,1,1,1,1,1,1,0
data/s3_windshield/burst025_f01_rgb.png,data/s3_windshield/burst025_f01_depth.npy,s3_windshield,1,1,1,1,1,1,0
data/s3_windshield/burst025_f02_rgb.png,data/s3_windshield/burst025_f02_depth.npy,s3_windshield,1,1,1,1,1,1,0
data/s3_windshield/burst025_f03_rgb.png,data/s3_windshield/burst025_f03_depth.npy,s3_windshield,1,1,1,1,1,1,0
data/s3_windshield/burst025_f04_rgb.png,data/s3_windshield/burst025_f04_depth.npy,s3_windshield,1,1,1,1,1,1,0
data/s3_windshield/burst025_f05_rgb.png,data/s3_windshield/burst025_f05_depth.npy,s3_windshield,1,1,1,1,1,1,0
data/s3_windshield/burst025_f06_rgb.png,data/s3_windshield/burst025_f06_depth.npy,s3_windshield,1,1,1,1,1,1,0
data/s3_windshield/burst025_f07_rgb.png,data/s3_windshield/burst025_f07_depth.npy,s3_windshield,1,1,1,1,1,1,0
data/s3_windshield/burst025_f08_rgb.png,data/s3_windshield/burst025_f08_depth.npy,s3_windshield,1,1,1,1,1,1,0
data/s3_windshield/burst025_f09_rgb.png,data/s3_windshield/burst025_f09_depth.npy,s3_windshield,1,1,1,1,1,1,0
data/s3_windshield/burst026_f00_rgb.png,data/s3_windshield/burst026_f00_depth.npy,s3_windshield,1,1,1,1,1,1,0
data/s3_windshield/burst026_f01_rgb.png,data/s3_windshield/burst026_f01_depth.npy,s3_windshield,1,1,1,1,1,1,0
data/s3_windshield/burst026_f02_rgb.png,data/s3_windshield/burst026_f02_depth.npy,s3_windshield,1,1,1,1,1,1,0
data/s3_windshield/burst026_f03_rgb.png,data/s3_windshield/burst026_f03_depth.npy,s3_windshield,1,1,1,1,1,1,0
data/s3_windshield/burst026_f04_rgb.png,data/s3_windshield/burst026_f04_depth.npy,s3_windshield,1,1,1,1,1,1,0
data/s3_windshield/burst026_f05_rgb.png,data/s3_windshield/burst026_f05_depth.npy,s3_windshield,1,1,1,1,1,1,0
data/s3_windshield/burst026_f06_rgb.png,data/s3_windshield/burst026_f06_depth.npy,s3_windshield,1,1,1,1,1,1,0
data/s3_windshield/burst026_f07_rgb.png,data/s3_windshield/burst026_f07_depth.npy,s3_windshield,1,1,1,1,1,1,0
data/s3_windshield/burst026_f08_rgb.png,data/s3_windshield/burst026_f08_depth.npy,s3_windshield,1,1,1,1,1,1,0
data/s3_windshield/burst026_f09_rgb.png,data/s3_windshield/burst026_f09_depth.npy,s3_windshield,1,1,1,1,1,1,0
data/s3_windshield/burst027_f00_rgb.png,data/s3_windshield/burst027_f00_depth.npy,s3_windshield,1,1,1,1,1,1,0
data/s3_windshield/burst027_f01_rgb.png,data/s3_windshield/burst027_f01_depth.npy,s3_windshield,1,1,1,1,1,1,0
data/s3_windshield/burst027_f02_rgb.png,data/s3_windshield/burst027_f02_depth.npy,s3_windshield,1,1,1,1,1,1,0
data/s3_windshield/burst027_f03_rgb.png,data/s3_windshield/burst027_f03_depth.npy,s3_windshield,1,1,1,1,1,1,0
data/s3_windshield/burst027_f04_rgb.png,data/s3_windshield/burst027_f04_depth.npy,s3_windshield,1,1,1,1,1,1,0
data/s3_windshield/burst027_f05_rgb.png,data/s3_windshield/burst027_f05_depth.npy,s3_windshield,1,1,1,1,1,1,0
data/s3_windshield/burst027_f06_rgb.png,data/s3_windshield/burst027_f06_depth.npy,s3_windshield,1,1,1,1,1,1,0
data/s3_windshield/burst027_f07_rgb.png,data/s3_windshield/burst027_f07_depth.npy,s3_windshield,1,1,1,1,1,1,0
data/s3_windshield/burst027_f08_rgb.png,data/s3_windshield/burst027_f08_depth.npy,s3_windshield,1,1,1,1,1,1,0
data/s3_windshield/burst027_f09_rgb.png,data/s3_windshield/burst027_f09_depth.npy,s3_windshield,1,1,1,1,1,1,0
data/s3_windshield/burst028_f00_rgb.png,data/s3_windshield/burst028_f00_depth.npy,s3_windshield,1,1,1,1,1,1,0
data/s3_windshield/burst028_f01_rgb.png,data/s3_windshield/burst028_f01_depth.npy,s3_windshield,1,1,1,1,1,1,0
data/s3_windshield/burst028_f02_rgb.png,data/s3_windshield/burst028_f02_depth.npy,s3_windshield,1,1,1,1,1,1,0
data/s3_windshield/burst028_f03_rgb.png,data/s3_windshield/burst028_f03_depth.npy,s3_windshield,1,1,1,1,1,1,0
data/s3_windshield/burst028_f04_rgb.png,data/s3_windshield/burst028_f04_depth.npy,s3_windshield,1,1,1,1,1,1,0
data/s3_windshield/burst028_f05_rgb.png,data/s3_windshield/burst028_f05_depth.npy,s3_windshield,1,1,1,1,1,1,0
data/s3_windshield/burst028_f06_rgb.png,data/s3_windshield/burst028_f06_depth.npy,s3_windshield,1,1,1,1,1,1,0
data/s3_windshield/burst028_f07_rgb.png,data/s3_windshield/burst028_f07_depth.npy,s3_windshield,1,1,1,1,1,1,0
data/s3_windshield/burst028_f08_rgb.png,data/s3_windshield/burst028_f08_depth.npy,s3_windshield,1,1,1,1,1,1,0
data/s3_windshield/burst028_f09_rgb.png,data/s3_windshield/burst028_f09_depth.npy,s3_windshield,1,1,1,1,1,1,0
data/s3_windshield/burst029_f00_rgb.png,data/s3_windshield/burst029_f00_depth.npy,s3_windshield,1,1,1,1,1,1,0
data/s3_windshield/burst029_f01_rgb.png,data/s3_windshield/burst029_f01_depth.npy,s3_windshield,1,1,1,1,1,1,0
data/s3_windshield/burst029_f02_rgb.png,data/s3_windshield/burst029_f02_depth.npy,s3_windshield,1,1,1,1,1,1,0
data/s3_windshield/burst029_f03_rgb.png,data/s3_windshield/burst029_f03_depth.npy,s3_windshield,1,1,1,1,1,1,0
data/s3_windshield/burst029_f04_rgb.png,data/s3_windshield/burst029_f04_depth.npy,s3_windshield,1,1,1,1,1,1,0
data/s3_windshield/burst029_f05_rgb.png,data/s3_windshield/burst029_f05_depth.npy,s3_windshield,1,1,1,1,1,1,0
data/s3_windshield/burst029_f06_rgb.png,data/s3_windshield/burst029_f06_depth.npy,s3_windshield,1,1,1,1,1,1,0
data/s3_windshield/burst029_f07_rgb.png,data/s3_windshield/burst029_f07_depth.npy,s3_windshield,1,1,1,1,1,1,0
data/s3_windshield/burst029_f08_rgb.png,data/s3_windshield/burst029_f08_depth.npy,s3_windshield,1,1,1,1,1,1,0
data/s3_windshield/burst029_f09_rgb.png,data/s3_windshield/burst029_f09_depth.npy,s3_windshield,1,1,1,1,1,1,0
data/s3_windshield/burst030_f00_rgb.png,data/s3_windshield/burst030_f00_depth.npy,s3_windshield,1,1,1,1,1,1,0
data/s3_windshield/burst030_f01_rgb.png,data/s3_windshield/burst030_f01_depth.npy,s3_windshield,1,1,1,1,1,1,0
data/s3_windshield/burst030_f02_rgb.png,data/s3_windshield/burst030_f02_depth.npy,s3_windshield,1,1,1,1,1,1,0
data/s3_windshield/burst030_f03_rgb.png,data/s3_windshield/burst030_f03_depth.npy,s3_windshield,1,1,1,1,1,1,0
data/s3_windshield/burst030_f04_rgb.png,data/s3_windshield/burst030_f04_depth.npy,s3_windshield,1,1,1,1,1,1,0
data/s3_windshield/burst030_f05_rgb.png,data/s3_windshield/burst030_f05_depth.npy,s3_windshield,1,1,1,1,1,1,0
data/s3_windshield/burst030_f06_rgb.png,data/s3_windshield/burst030_f06_depth.npy,s3_windshield,1,1,1,1,1,1,0
data/s3_windshield/burst030_f07_rgb.png,data/s3_windshield/burst030_f07_depth.npy,s3_windshield,1,1,1,1,1,1,0
data/s3_windshield/burst030_f08_rgb.png,data/s3_windshield/burst030_f08_depth.npy,s3_windshield,1,1,1,1,1,1,0
data/s3_windshield/burst030_f09_rgb.png,data/s3_windshield/burst030_f09_depth.npy,s3_windshield,1,1,1,1,1,1,0
data/s3_windshield/burst031_f00_rgb.png,data/s3_windshield/burst031_f00_depth.npy,s3_windshield,1,1,1,1,1,1,0
data/s3_windshield/burst031_f01_rgb.png,data/s3_windshield/burst031_f01_depth.npy,s3_windshield,1,1,1,1,1,1,0
data/s3_windshield/burst031_f02_rgb.png,data/s3_windshield/burst031_f02_depth.npy,s3_windshield,1,1,1,1,1,1,0
data/s3_windshield/burst031_f03_rgb.png,data/s3_windshield/burst031_f03_depth.npy,s3_windshield,1,1,1,1,1,1,0
data/s3_windshield/burst031_f04_rgb.png,data/s3_windshield/burst031_f04_depth.npy,s3_windshield,1,1,1,1,1,1,0
data/s3_windshield/burst031_f05_rgb.png,data/s3_windshield/burst031_f05_depth.npy,s3_windshield,1,1,1,1,1,1,0
data/s3_windshield/burst031_f06_rgb.png,data/s3_windshield/burst031_f06_depth.npy,s3_windshield,1,1,1,1,1,1,0
data/s3_windshield/burst031_f07_rgb.png,data/s3_windshield/burst031_f07_depth.npy,s3_windshield,1,1,1,1,1,1,0
data/s3_windshield/burst031_f08_rgb.png,data/s3_windshield/burst031_f08_depth.npy,s3_windshield,1,1,1,1,1,1,0
data/s3_windshield/burst031_f09_rgb.png,data/s3_windshield/burst031_f09_depth.npy,s3_windshield,1,1,1,1,1,1,0
data/s3_windshield/burst032_f00_rgb.png,data/s3_windshield/burst032_f00_depth.npy,s3_windshield,1,1,1,1,1,1,0
data/s3_windshield/burst032_f01_rgb.png,data/s3_windshield/burst032_f01_depth.npy,s3_windshield,1,1,1,1,1,1,0
data/s3_windshield/burst032_f02_rgb.png,data/s3_windshield/burst032_f02_depth.npy,s3_windshield,1,1,1,1,1,1,0
data/s3_windshield/burst032_f03_rgb.png,data/s3_windshield/burst032_f03_depth.npy,s3_windshield,1,1,1,1,1,1,0
data/s3_windshield/burst032_f04_rgb.png,data/s3_windshield/burst032_f04_depth.npy,s3_windshield,1,1,1,1,1,1,0
data/s3_windshield/burst032_f05_rgb.png,data/s3_windshield/burst032_f05_depth.npy,s3_windshield,1,1,1,1,1,1,0
data/s3_windshield/burst032_f06_rgb.png,data/s3_windshield/burst032_f06_depth.npy,s3_windshield,1,1,1,1,1,1,0
data/s3_windshield/burst032_f07_rgb.png,data/s3_windshield/burst032_f07_depth.npy,s3_windshield,1,1,1,1,1,1,0
data/s3_windshield/burst032_f08_rgb.png,data/s3_windshield/burst032_f08_depth.npy,s3_windshield,1,1,1,1,1,1,0
data/s3_windshield/burst032_f09_rgb.png,data/s3_windshield/burst032_f09_depth.npy,s3_windshield,1,1,1,1,1,1,0
data/s3_windshield/burst033_f00_rgb.png,data/s3_windshield/burst033_f00_depth.npy,s3_windshield,1,1,1,1,1,1,0
data/s3_windshield/burst033_f01_rgb.png,data/s3_windshield/burst033_f01_depth.npy,s3_windshield,1,1,1,1,1,1,0
data/s3_windshield/burst033_f02_rgb.png,data/s3_windshield/burst033_f02_depth.npy,s3_windshield,1,1,1,1,1,1,0
data/s3_windshield/burst033_f03_rgb.png,data/s3_windshield/burst033_f03_depth.npy,s3_windshield,1,1,1,1,1,1,0
data/s3_windshield/burst033_f04_rgb.png,data/s3_windshield/burst033_f04_depth.npy,s3_windshield,1,1,1,1,1,1,0
data/s3_windshield/burst033_f05_rgb.png,data/s3_windshield/burst033_f05_depth.npy,s3_windshield,1,1,1,1,1,1,0
data/s3_windshield/burst033_f06_rgb.png,data/s3_windshield/burst033_f06_depth.npy,s3_windshield,1,1,1,1,1,1,0
data/s3_windshield/burst033_f07_rgb.png,data/s3_windshield/burst033_f07_depth.npy,s3_windshield,1,1,1,1,1,1,0
data/s3_windshield/burst033_f08_rgb.png,data/s3_windshield/burst033_f08_depth.npy,s3_windshield,1,1,1,1,1,1,0
data/s3_windshield/burst033_f09_rgb.png,data/s3_windshield/burst033_f09_depth.npy,s3_windshield,1,1,1,1,1,1,0
data/s3_windshield/burst034_f00_rgb.png,data/s3_windshield/burst034_f00_depth.npy,s3_windshield,1,1,1,1,1,1,0
data/s3_windshield/burst034_f01_rgb.png,data/s3_windshield/burst034_f01_depth.npy,s3_windshield,1,1,1,1,1,1,0
data/s3_windshield/burst034_f02_rgb.png,data/s3_windshield/burst034_f02_depth.npy,s3_windshield,1,1,1,1,1,1,0
data/s3_windshield/burst034_f03_rgb.png,data/s3_windshield/burst034_f03_depth.npy,s3_windshield,1,1,1,1,1,1,0
data/s3_windshield/burst034_f04_rgb.png,data/s3_windshield/burst034_f04_depth.npy,s3_windshield,1,1,1,1,1,1,0
data/s3_windshield/burst034_f05_rgb.png,data/s3_windshield/burst034_f05_depth.npy,s3_windshield,1,1,1,1,1,1,0
data/s3_windshield/burst034_f06_rgb.png,data/s3_windshield/burst034_f06_depth.npy,s3_windshield,1,1,1,1,1,1,0
data/s3_windshield/burst034_f07_rgb.png,data/s3_windshield/burst034_f07_depth.npy,s3_windshield,1,1,1,1,1,1,0
data/s3_windshield/burst034_f08_rgb.png,data/s3_windshield/burst034_f08_depth.npy,s3_windshield,1,1,1,1,1,1,0
data/s3_windshield/burst034_f09_rgb.png,data/s3_windshield/burst034_f09_depth.npy,s3_windshield,1,1,1,1,1,1,0
data/s3_windshield/burst035_f00_rgb.png,data/s3_windshield/burst035_f00_depth.npy,s3_windshield,1,1,1,1,1,1,0
data/s3_windshield/burst035_f01_rgb.png,data/s3_windshield/burst035_f01_depth.npy,s3_windshield,1,1,1,1,1,1,0
data/s3_windshield/burst035_f02_rgb.png,data/s3_windshield/burst035_f02_depth.npy,s3_windshield,1,1,1,1,1,1,0
data/s3_windshield/burst035_f03_rgb.png,data/s3_windshield/burst035_f03_depth.npy,s3_windshield,1,1,1,1,1,1,0
data/s3_windshield/burst035_f04_rgb.png,data/s3_windshield/burst035_f04_depth.npy,s3_windshield,1,1,1,1,1,1,0
data/s3_windshield/burst035_f05_rgb.png,data/s3_windshield/burst035_f05_depth.npy,s3_windshield,1,1,1,1,1,1,0
data/s3_windshield/burst035_f06_rgb.png,data/s3_windshield/burst035_f06_depth.npy,s3_windshield,1,1,1,1,1,1,0
data/s3_windshield/burst035_f07_rgb.png,data/s3_windshield/burst035_f07_depth.npy,s3_windshield,1,1,1,1,1,1,0
data/s3_windshield/burst035_f08_rgb.png,data/s3_windshield/burst035_f08_depth.npy,s3_windshield,1,1,1,1,1,1,0
data/s3_windshield/burst035_f09_rgb.png,data/s3_windshield/burst035_f09_depth.npy,s3_windshield,1,1,1,1,1,1,0
data/s3_windshield/burst036_f00_rgb.png,data/s3_windshield/burst036_f00_depth.npy,s3_windshield,1,1,1,1,1,1,0
data/s3_windshield/burst036_f01_rgb.png,data/s3_windshield/burst036_f01_depth.npy,s3_windshield,1,1,1,1,1,1,0
data/s3_windshield/burst036_f02_rgb.png,data/s3_windshield/burst036_f02_depth.npy,s3_windshield,1,1,1,1,1,1,0
data/s3_windshield/burst036_f03_rgb.png,data/s3_windshield/burst036_f03_depth.npy,s3_windshield,1,1,1,1,1,1,0
data/s3_windshield/burst036_f04_rgb.png,data/s3_windshield/burst036_f04_depth.npy,s3_windshield,1,1,1,1,1,1,0
data/s3_windshield/burst036_f05_rgb.png,data/s3_windshield/burst036_f05_depth.npy,s3_windshield,1,1,1,1,1,1,0
data/s3_windshield/burst036_f06_rgb.png,data/s3_windshield/burst036_f06_depth.npy,s3_windshield,1,1,1,1,1,1,0
data/s3_windshield/burst036_f07_rgb.png,data/s3_windshield/burst036_f07_depth.npy,s3_windshield,1,1,1,1,1,1,0
data/s3_windshield/burst036_f08_rgb.png,data/s3_windshield/burst036_f08_depth.npy,s3_windshield,1,1,1,1,1,1,0
data/s3_windshield/burst036_f09_rgb.png,data/s3_windshield/burst036_f09_depth.npy,s3_windshield,1,1,1,1,1,1,0
data/s3_windshield/burst037_f00_rgb.png,data/s3_windshield/burst037_f00_depth.npy,s3_windshield,1,1,1,1,1,1,0
data/s3_windshield/burst037_f01_rgb.png,data/s3_windshield/burst037_f01_depth.npy,s3_windshield,1,1,1,1,1,1,0
data/s3_windshield/burst037_f02_rgb.png,data/s3_windshield/burst037_f02_depth.npy,s3_windshield,1,1,1,1,1,1,0
data/s3_windshield/burst037_f03_rgb.png,data/s3_windshield/burst037_f03_depth.npy,s3_windshield,1,1,1,1,1,1,0
data/s3_windshield/burst037_f04_rgb.png,data/s3_windshield/burst037_f04_depth.npy,s3_windshield,1,1,1,1,1,1,0
data/s3_windshield/burst037_f05_rgb.png,data/s3_windshield/burst037_f05_depth.npy,s3_windshield,1,1,1,1,1,1,0
data/s3_windshield/burst037_f06_rgb.png,data/s3_windshield/burst037_f06_depth.npy,s3_windshield,1,1,1,1,1,1,0
data/s3_windshield/burst037_f07_rgb.png,data/s3_windshield/burst037_f07_depth.npy,s3_windshield,1,1,1,1,1,1,0
data/s3_windshield/burst037_f08_rgb.png,data/s3_windshield/burst037_f08_depth.npy,s3_windshield,1,1,1,1,1,1,0
data/s3_windshield/burst037_f09_rgb.png,data/s3_windshield/burst037_f09_depth.npy,s3_windshield,1,1,1,1,1,1,0
data/s3_windshield/burst038_f00_rgb.png,data/s3_windshield/burst038_f00_depth.npy,s3_windshield,1,1,1,1,1,1,0
data/s3_windshield/burst038_f01_rgb.png,data/s3_windshield/burst038_f01_depth.npy,s3_windshield,1,1,1,1,1,1,0
data/s3_windshield/burst038_f02_rgb.png,data/s3_windshield/burst038_f02_depth.npy,s3_windshield,1,1,1,1,1,1,0
data/s3_windshield/burst038_f03_rgb.png,data/s3_windshield/burst038_f03_depth.npy,s3_windshield,1,1,1,1,1,1,0
data/s3_windshield/burst038_f04_rgb.png,data/s3_windshield/burst038_f04_depth.npy,s3_windshield,1,1,1,1,1,1,0
data/s3_windshield/burst038_f05_rgb.png,data/s3_windshield/burst038_f05_depth.npy,s3_windshield,1,1,1,1,1,1,0
data/s3_windshield/burst038_f06_rgb.png,data/s3_windshield/burst038_f06_depth.npy,s3_windshield,1,1,1,1,1,1,0
data/s3_windshield/burst038_f07_rgb.png,data/s3_windshield/burst038_f07_depth.npy,s3_windshield,1,1,1,1,1,1,0
data/s3_windshield/burst038_f08_rgb.png,data/s3_windshield/burst038_f08_depth.npy,s3_windshield,1,1,1,1,1,1,0
data/s3_windshield/burst038_f09_rgb.png,data/s3_windshield/burst038_f09_depth.npy,s3_windshield,1,1,1,1,1,1,0
data/s3_windshield/burst039_f00_rgb.png,data/s3_windshield/burst039_f00_depth.npy,s3_windshield,1,1,1,1,1,1,0
data/s3_windshield/burst039_f01_rgb.png,data/s3_windshield/burst039_f01_depth.npy,s3_windshield,1,1,1,1,1,1,0
data/s3_windshield/burst039_f02_rgb.png,data/s3_windshield/burst039_f02_depth.npy,s3_windshield,1,1,1,1,1,1,0
data/s3_windshield/burst039_f03_rgb.png,data/s3_windshield/burst039_f03_depth.npy,s3_windshield,1,1,1,1,1,1,0
data/s3_windshield/burst039_f04_rgb.png,data/s3_windshield/burst039_f04_depth.npy,s3_windshield,1,1,1,1,1,1,0
data/s3_windshield/burst039_f05_rgb.png,data/s3_windshield/burst039_f05_depth.npy,s3_windshield,1,1,1,1,1,1,0
data/s3_windshield/burst039_f06_rgb.png,data/s3_windshield/burst039_f06_depth.npy,s3_windshield,1,1,1,1,1,1,0
data/s3_windshield/burst039_f07_rgb.png,data/s3_windshield/burst039_f07_depth.npy,s3_windshield,1,1,1,1,1,1,0
data/s3_windshield/burst039_f08_rgb.png,data/s3_windshield/burst039_f08_depth.npy,s3_windshield,1,1,1,1,1,1,0
data/s3_windshield/burst039_f09_rgb.png,data/s3_windshield/burst039_f09_depth.npy,s3_windshield,1,1,1,1,1,1,0
data/s3_windshield/burst040_f00_rgb.png,data/s3_windshield/burst040_f00_depth.npy,s3_windshield,1,1,1,1,1,1,0
data/s3_windshield/burst040_f01_rgb.png,data/s3_windshield/burst040_f01_depth.npy,s3_windshield,1,1,1,1,1,1,0
data/s3_windshield/burst040_f02_rgb.png,data/s3_windshield/burst040_f02_depth.npy,s3_windshield,1,1,1,1,1,1,0
data/s3_windshield/burst040_f03_rgb.png,data/s3_windshield/burst040_f03_depth.npy,s3_windshield,1,1,1,1,1,1,0
data/s3_windshield/burst040_f04_rgb.png,data/s3_windshield/burst040_f04_depth.npy,s3_windshield,1,1,1,1,1,1,0
data/s3_windshield/burst040_f05_rgb.png,data/s3_windshield/burst040_f05_depth.npy,s3_windshield,1,1,1,1,1,1,0
data/s3_windshield/burst040_f06_rgb.png,data/s3_windshield/burst040_f06_depth.npy,s3_windshield,1,1,1,1,1,1,0
data/s3_windshield/burst040_f07_rgb.png,data/s3_windshield/burst040_f07_depth.npy,s3_windshield,1,1,1,1,1,1,0
data/s3_windshield/burst040_f08_rgb.png,data/s3_windshield/burst040_f08_depth.npy,s3_windshield,1,1,1,1,1,1,0
data/s3_windshield/burst040_f09_rgb.png,data/s3_windshield/burst040_f09_depth.npy,s3_windshield,1,1,1,1,1,1,0
data/s3_windshield/burst041_f00_rgb.png,data/s3_windshield/burst041_f00_depth.npy,s3_windshield,1,1,1,1,1,1,0
data/s3_windshield/burst041_f01_rgb.png,data/s3_windshield/burst041_f01_depth.npy,s3_windshield,1,1,1,1,1,1,0
data/s3_windshield/burst041_f02_rgb.png,data/s3_windshield/burst041_f02_depth.npy,s3_windshield,1,1,1,1,1,1,0
data/s3_windshield/burst041_f03_rgb.png,data/s3_windshield/burst041_f03_depth.npy,s3_windshield,1,1,1,1,1,1,0
data/s3_windshield/burst041_f04_rgb.png,data/s3_windshield/burst041_f04_depth.npy,s3_windshield,1,1,1,1,1,1,0
data/s3_windshield/burst041_f05_rgb.png,data/s3_windshield/burst041_f05_depth.npy,s3_windshield,1,1,1,1,1,1,0
data/s3_windshield/burst041_f06_rgb.png,data/s3_windshield/burst041_f06_depth.npy,s3_windshield,1,1,1,1,1,1,0
data/s3_windshield/burst041_f08_rgb.png,data/s3_windshield/burst041_f08_depth.npy,s3_windshield,1,1,1,1,1,1,0
data/s3_windshield/burst041_f09_rgb.png,data/s3_windshield/burst041_f09_depth.npy,s3_windshield,1,1,1,1,1,1,0
data/s3_windshield/burst042_f00_rgb.png,data/s3_windshield/burst042_f00_depth.npy,s3_windshield,1,1,1,1,1,1,0
data/s3_windshield/burst042_f01_rgb.png,data/s3_windshield/burst042_f01_depth.npy,s3_windshield,1,1,1,1,1,1,0
data/s3_windshield/burst042_f02_rgb.png,data/s3_windshield/burst042_f02_depth.npy,s3_windshield,1,1,1,1,1,1,0
data/s3_windshield/burst042_f03_rgb.png,data/s3_windshield/burst042_f03_depth.npy,s3_windshield,1,1,1,1,1,1,0
data/s3_windshield/burst042_f04_rgb.png,data/s3_windshield/burst042_f04_depth.npy,s3_windshield,1,1,1,1,1,1,0
data/s3_windshield/burst042_f05_rgb.png,data/s3_windshield/burst042_f05_depth.npy,s3_windshield,1,1,1,1,1,1,0
data/s3_windshield/burst042_f06_rgb.png,data/s3_windshield/burst042_f06_depth.npy,s3_windshield,1,1,1,1,1,1,0
data/s3_windshield/burst042_f07_rgb.png,data/s3_windshield/burst042_f07_depth.npy,s3_windshield,1,1,1,1,1,1,0
data/s3_windshield/burst042_f08_rgb.png,data/s3_windshield/burst042_f08_depth.npy,s3_windshield,1,1,1,1,1,1,0
data/s3_windshield/burst042_f09_rgb.png,data/s3_windshield/burst042_f09_depth.npy,s3_windshield,1,1,1,1,1,1,0
data/s3_windshield/burst043_f00_rgb.png,data/s3_windshield/burst043_f00_depth.npy,s3_windshield,1,1,1,1,1,1,0
data/s3_windshield/burst043_f01_rgb.png,data/s3_windshield/burst043_f01_depth.npy,s3_windshield,1,1,1,1,1,1,0
data/s3_windshield/burst043_f02_rgb.png,data/s3_windshield/burst043_f02_depth.npy,s3_windshield,1,1,1,1,1,1,0
data/s3_windshield/burst043_f03_rgb.png,data/s3_windshield/burst043_f03_depth.npy,s3_windshield,1,1,1,1,1,1,0
data/s3_windshield/burst043_f04_rgb.png,data/s3_windshield/burst043_f04_depth.npy,s3_windshield,1,1,1,1,1,1,0
data/s3_windshield/burst043_f05_rgb.png,data/s3_windshield/burst043_f05_depth.npy,s3_windshield,1,1,1,1,1,1,0
data/s3_windshield/burst043_f06_rgb.png,data/s3_windshield/burst043_f06_depth.npy,s3_windshield,1,1,1,1,1,1,0
data/s3_windshield/burst043_f07_rgb.png,data/s3_windshield/burst043_f07_depth.npy,s3_windshield,1,1,1,1,1,1,0
data/s3_windshield/burst043_f08_rgb.png,data/s3_windshield/burst043_f08_depth.npy,s3_windshield,1,1,1,1,1,1,0
data/s3_windshield/burst043_f09_rgb.png,data/s3_windshield/burst043_f09_depth.npy,s3_windshield,1,1,1,1,1,1,0
data/s3_windshield/burst044_f00_rgb.png,data/s3_windshield/burst044_f00_depth.npy,s3_windshield,1,1,1,1,1,1,0
data/s3_windshield/burst044_f01_rgb.png,data/s3_windshield/burst044_f01_depth.npy,s3_windshield,1,1,1,1,1,1,0
data/s3_windshield/burst044_f02_rgb.png,data/s3_windshield/burst044_f02_depth.npy,s3_windshield,1,1,1,1,1,1,0
data/s3_windshield/burst044_f03_rgb.png,data/s3_windshield/burst044_f03_depth.npy,s3_windshield,1,1,1,1,1,1,0
data/s3_windshield/burst044_f04_rgb.png,data/s3_windshield/burst044_f04_depth.npy,s3_windshield,1,1,1,1,1,1,0
data/s3_windshield/burst044_f05_rgb.png,data/s3_windshield/burst044_f05_depth.npy,s3_windshield,1,1,1,1,1,1,0
data/s3_windshield/burst044_f06_rgb.png,data/s3_windshield/burst044_f06_depth.npy,s3_windshield,1,1,1,1,1,1,0
data/s3_windshield/burst044_f07_rgb.png,data/s3_windshield/burst044_f07_depth.npy,s3_windshield,1,1,1,1,1,1,0
data/s3_windshield/burst044_f08_rgb.png,data/s3_windshield/burst044_f08_depth.npy,s3_windshield,1,1,1,1,1,1,0
data/s3_windshield/burst044_f09_rgb.png,data/s3_windshield/burst044_f09_depth.npy,s3_windshield,1,1,1,1,1,1,0
data/s3_windshield/burst045_f00_rgb.png,data/s3_windshield/burst045_f00_depth.npy,s3_windshield,1,1,1,1,1,1,0
data/s3_windshield/burst045_f01_rgb.png,data/s3_windshield/burst045_f01_depth.npy,s3_windshield,1,1,1,1,1,1,0
data/s3_windshield/burst045_f02_rgb.png,data/s3_windshield/burst045_f02_depth.npy,s3_windshield,1,1,1,1,1,1,0
data/s3_windshield/burst045_f03_rgb.png,data/s3_windshield/burst045_f03_depth.npy,s3_windshield,1,1,1,1,1,1,0
data/s3_windshield/burst045_f04_rgb.png,data/s3_windshield/burst045_f04_depth.npy,s3_windshield,1,1,1,1,1,1,0
data/s3_windshield/burst045_f05_rgb.png,data/s3_windshield/burst045_f05_depth.npy,s3_windshield,1,1,1,1,1,1,0
data/s3_windshield/burst045_f06_rgb.png,data/s3_windshield/burst045_f06_depth.npy,s3_windshield,1,1,1,1,1,1,0
data/s3_windshield/burst045_f07_rgb.png,data/s3_windshield/burst045_f07_depth.npy,s3_windshield,1,1,1,1,1,1,0
data/s3_windshield/burst045_f08_rgb.png,data/s3_windshield/burst045_f08_depth.npy,s3_windshield,1,1,1,1,1,1,0
data/s3_windshield/burst045_f09_rgb.png,data/s3_windshield/burst045_f09_depth.npy,s3_windshield,1,1,1,1,1,1,0
data/s3_windshield/burst046_f00_rgb.png,data/s3_windshield/burst046_f00_depth.npy,s3_windshield,1,1,1,1,1,1,0
data/s3_windshield/burst046_f01_rgb.png,data/s3_windshield/burst046_f01_depth.npy,s3_windshield,1,1,1,1,1,1,0
data/s3_windshield/burst046_f02_rgb.png,data/s3_windshield/burst046_f02_depth.npy,s3_windshield,1,1,1,1,1,1,0
data/s3_windshield/burst046_f03_rgb.png,data/s3_windshield/burst046_f03_depth.npy,s3_windshield,1,1,1,1,1,1,0
data/s3_windshield/burst046_f04_rgb.png,data/s3_windshield/burst046_f04_depth.npy,s3_windshield,1,1,1,1,1,1,0
data/s3_windshield/burst046_f05_rgb.png,data/s3_windshield/burst046_f05_depth.npy,s3_windshield,1,1,1,1,1,1,0
data/s3_windshield/burst046_f06_rgb.png,data/s3_windshield/burst046_f06_depth.npy,s3_windshield,1,1,1,1,1,1,0
data/s3_windshield/burst046_f07_rgb.png,data/s3_windshield/burst046_f07_depth.npy,s3_windshield,1,1,1,1,1,1,0
data/s3_windshield/burst046_f08_rgb.png,data/s3_windshield/burst046_f08_depth.npy,s3_windshield,1,1,1,1,1,1,0
data/s3_windshield/burst046_f09_rgb.png,data/s3_windshield/burst046_f09_depth.npy,s3_windshield,1,1,1,1,1,1,0
data/s3_windshield_only/burst000_f00_rgb.png,data/s3_windshield_only/burst000_f00_depth.npy,s3_windshield_only,1,0,0,0,0,1,0
data/s3_windshield_only/burst000_f01_rgb.png,data/s3_windshield_only/burst000_f01_depth.npy,s3_windshield_only,1,0,0,0,0,1,0
data/s3_windshield_only/burst000_f02_rgb.png,data/s3_windshield_only/burst000_f02_depth.npy,s3_windshield_only,1,0,0,0,0,1,0
data/s3_windshield_only/burst000_f03_rgb.png,data/s3_windshield_only/burst000_f03_depth.npy,s3_windshield_only,1,0,0,0,0,1,0
data/s3_windshield_only/burst000_f04_rgb.png,data/s3_windshield_only/burst000_f04_depth.npy,s3_windshield_only,1,0,0,0,0,1,0
data/s3_windshield_only/burst000_f05_rgb.png,data/s3_windshield_only/burst000_f05_depth.npy,s3_windshield_only,1,0,0,0,0,1,0
data/s3_windshield_only/burst000_f06_rgb.png,data/s3_windshield_only/burst000_f06_depth.npy,s3_windshield_only,1,0,0,0,0,1,0
data/s3_windshield_only/burst000_f07_rgb.png,data/s3_windshield_only/burst000_f07_depth.npy,s3_windshield_only,1,0,0,0,0,1,0
data/s3_windshield_only/burst000_f08_rgb.png,data/s3_windshield_only/burst000_f08_depth.npy,s3_windshield_only,1,0,0,0,0,1,0
data/s3_windshield_only/burst000_f09_rgb.png,data/s3_windshield_only/burst000_f09_depth.npy,s3_windshield_only,1,0,0,0,0,1,0
data/s3_windshield_only/burst001_f00_rgb.png,data/s3_windshield_only/burst001_f00_depth.npy,s3_windshield_only,1,0,0,0,0,1,0
data/s3_windshield_only/burst001_f01_rgb.png,data/s3_windshield_only/burst001_f01_depth.npy,s3_windshield_only,1,0,0,0,0,1,0
data/s3_windshield_only/burst001_f02_rgb.png,data/s3_windshield_only/burst001_f02_depth.npy,s3_windshield_only,1,0,0,0,0,1,0
data/s3_windshield_only/burst001_f03_rgb.png,data/s3_windshield_only/burst001_f03_depth.npy,s3_windshield_only,1,0,0,0,0,1,0
data/s3_windshield_only/burst001_f04_rgb.png,data/s3_windshield_only/burst001_f04_depth.npy,s3_windshield_only,1,0,0,0,0,1,0
data/s3_windshield_only/burst001_f05_rgb.png,data/s3_windshield_only/burst001_f05_depth.npy,s3_windshield_only,1,0,0,0,0,1,0
data/s3_windshield_only/burst001_f06_rgb.png,data/s3_windshield_only/burst001_f06_depth.npy,s3_windshield_only,1,0,0,0,0,1,0
data/s3_windshield_only/burst001_f07_rgb.png,data/s3_windshield_only/burst001_f07_depth.npy,s3_windshield_only,1,0,0,0,0,1,0
data/s3_windshield_only/burst001_f08_rgb.png,data/s3_windshield_only/burst001_f08_depth.npy,s3_windshield_only,1,0,0,0,0,1,0
data/s3_windshield_only/burst001_f09_rgb.png,data/s3_windshield_only/burst001_f09_depth.npy,s3_windshield_only,1,0,0,0,0,1,0
data/s3_windshield_only/burst002_f00_rgb.png,data/s3_windshield_only/burst002_f00_depth.npy,s3_windshield_only,1,0,0,0,0,1,0
data/s3_windshield_only/burst002_f01_rgb.png,data/s3_windshield_only/burst002_f01_depth.npy,s3_windshield_only,1,0,0,0,0,1,0
data/s3_windshield_only/burst002_f02_rgb.png,data/s3_windshield_only/burst002_f02_depth.npy,s3_windshield_only,1,0,0,0,0,1,0
data/s3_windshield_only/burst002_f03_rgb.png,data/s3_windshield_only/burst002_f03_depth.npy,s3_windshield_only,1,0,0,0,0,1,0
data/s3_windshield_only/burst002_f04_rgb.png,data/s3_windshield_only/burst002_f04_depth.npy,s3_windshield_only,1,0,0,0,0,1,0
data/s3_windshield_only/burst002_f05_rgb.png,data/s3_windshield_only/burst002_f05_depth.npy,s3_windshield_only,1,0,0,0,0,1,0
data/s3_windshield_only/burst002_f06_rgb.png,data/s3_windshield_only/burst002_f06_depth.npy,s3_windshield_only,1,0,0,0,0,1,0
data/s3_windshield_only/burst002_f07_rgb.png,data/s3_windshield_only/burst002_f07_depth.npy,s3_windshield_only,1,0,0,0,0,1,0
data/s3_windshield_only/burst002_f08_rgb.png,data/s3_windshield_only/burst002_f08_depth.npy,s3_windshield_only,1,0,0,0,0,1,0
data/s3_windshield_only/burst002_f09_rgb.png,data/s3_windshield_only/burst002_f09_depth.npy,s3_windshield_only,1,0,0,0,0,1,0
data/s3_windshield_only/burst003_f00_rgb.png,data/s3_windshield_only/burst003_f00_depth.npy,s3_windshield_only,1,0,0,0,0,1,0
data/s3_windshield_only/burst003_f01_rgb.png,data/s3_windshield_only/burst003_f01_depth.npy,s3_windshield_only,1,0,0,0,0,1,0
data/s3_windshield_only/burst003_f02_rgb.png,data/s3_windshield_only/burst003_f02_depth.npy,s3_windshield_only,1,0,0,0,0,1,0
data/s3_windshield_only/burst003_f03_rgb.png,data/s3_windshield_only/burst003_f03_depth.npy,s3_windshield_only,1,0,0,0,0,1,0
data/s3_windshield_only/burst003_f04_rgb.png,data/s3_windshield_only/burst003_f04_depth.npy,s3_windshield_only,1,0,0,0,0,1,0
data/s3_windshield_only/burst003_f05_rgb.png,data/s3_windshield_only/burst003_f05_depth.npy,s3_windshield_only,1,0,0,0,0,1,0
data/s3_windshield_only/burst003_f06_rgb.png,data/s3_windshield_only/burst003_f06_depth.npy,s3_windshield_only,1,0,0,0,0,1,0
data/s3_windshield_only/burst003_f07_rgb.png,data/s3_windshield_only/burst003_f07_depth.npy,s3_windshield_only,1,0,0,0,0,1,0
data/s3_windshield_only/burst003_f08_rgb.png,data/s3_windshield_only/burst003_f08_depth.npy,s3_windshield_only,1,0,0,0,0,1,0
data/s3_windshield_only/burst003_f09_rgb.png,data/s3_windshield_only/burst003_f09_depth.npy,s3_windshield_only,1,0,0,0,0,1,0
data/s3_windshield_only/burst004_f00_rgb.png,data/s3_windshield_only/burst004_f00_depth.npy,s3_windshield_only,1,0,0,0,0,1,0
data/s3_windshield_only/burst004_f01_rgb.png,data/s3_windshield_only/burst004_f01_depth.npy,s3_windshield_only,1,0,0,0,0,1,0
data/s3_windshield_only/burst004_f02_rgb.png,data/s3_windshield_only/burst004_f02_depth.npy,s3_windshield_only,1,0,0,0,0,1,0
data/s3_windshield_only/burst004_f03_rgb.png,data/s3_windshield_only/burst004_f03_depth.npy,s3_windshield_only,1,0,0,0,0,1,0
data/s3_windshield_only/burst004_f04_rgb.png,data/s3_windshield_only/burst004_f04_depth.npy,s3_windshield_only,1,0,0,0,0,1,0
data/s3_windshield_only/burst004_f05_rgb.png,data/s3_windshield_only/burst004_f05_depth.npy,s3_windshield_only,1,0,0,0,0,1,0
data/s3_windshield_only/burst004_f06_rgb.png,data/s3_windshield_only/burst004_f06_depth.npy,s3_windshield_only,1,0,0,0,0,1,0
data/s3_windshield_only/burst004_f07_rgb.png,data/s3_windshield_only/burst004_f07_depth.npy,s3_windshield_only,1,0,0,0,0,1,0
data/s3_windshield_only/burst004_f08_rgb.png,data/s3_windshield_only/burst004_f08_depth.npy,s3_windshield_only,1,0,0,0,0,1,0
data/s3_windshield_only/burst004_f09_rgb.png,data/s3_windshield_only/burst004_f09_depth.npy,s3_windshield_only,1,0,0,0,0,1,0
data/s3_windshield_only/burst005_f00_rgb.png,data/s3_windshield_only/burst005_f00_depth.npy,s3_windshield_only,1,0,0,0,0,1,0
data/s3_windshield_only/burst005_f01_rgb.png,data/s3_windshield_only/burst005_f01_depth.npy,s3_windshield_only,1,0,0,0,0,1,0
data/s3_windshield_only/burst005_f02_rgb.png,data/s3_windshield_only/burst005_f02_depth.npy,s3_windshield_only,1,0,0,0,0,1,0
data/s3_windshield_only/burst005_f03_rgb.png,data/s3_windshield_only/burst005_f03_depth.npy,s3_windshield_only,1,0,0,0,0,1,0
data/s3_windshield_only/burst005_f04_rgb.png,data/s3_windshield_only/burst005_f04_depth.npy,s3_windshield_only,1,0,0,0,0,1,0
data/s3_windshield_only/burst005_f05_rgb.png,data/s3_windshield_only/burst005_f05_depth.npy,s3_windshield_only,1,0,0,0,0,1,0
data/s3_windshield_only/burst005_f06_rgb.png,data/s3_windshield_only/burst005_f06_depth.npy,s3_windshield_only,1,0,0,0,0,1,0
data/s3_windshield_only/burst005_f07_rgb.png,data/s3_windshield_only/burst005_f07_depth.npy,s3_windshield_only,1,0,0,0,0,1,0
data/s3_windshield_only/burst005_f08_rgb.png,data/s3_windshield_only/burst005_f08_depth.npy,s3_windshield_only,1,0,0,0,0,1,0
data/s3_windshield_only/burst005_f09_rgb.png,data/s3_windshield_only/burst005_f09_depth.npy,s3_windshield_only,1,0,0,0,0,1,0
data/s3_windshield_only/burst006_f00_rgb.png,data/s3_windshield_only/burst006_f00_depth.npy,s3_windshield_only,1,0,0,0,0,1,0
data/s3_windshield_only/burst006_f01_rgb.png,data/s3_windshield_only/burst006_f01_depth.npy,s3_windshield_only,1,0,0,0,0,1,0
data/s3_windshield_only/burst006_f02_rgb.png,data/s3_windshield_only/burst006_f02_depth.npy,s3_windshield_only,1,0,0,0,0,1,0
data/s3_windshield_only/burst006_f03_rgb.png,data/s3_windshield_only/burst006_f03_depth.npy,s3_windshield_only,1,0,0,0,0,1,0
data/s3_windshield_only/burst006_f04_rgb.png,data/s3_windshield_only/burst006_f04_depth.npy,s3_windshield_only,1,0,0,0,0,1,0
data/s3_windshield_only/burst006_f05_rgb.png,data/s3_windshield_only/burst006_f05_depth.npy,s3_windshield_only,1,0,0,0,0,1,0
data/s3_windshield_only/burst006_f06_rgb.png,data/s3_windshield_only/burst006_f06_depth.npy,s3_windshield_only,1,0,0,0,0,1,0
data/s3_windshield_only/burst006_f07_rgb.png,data/s3_windshield_only/burst006_f07_depth.npy,s3_windshield_only,1,0,0,0,0,1,0
data/s3_windshield_only/burst006_f08_rgb.png,data/s3_windshield_only/burst006_f08_depth.npy,s3_windshield_only,1,0,0,0,0,1,0
data/s3_windshield_only/burst006_f09_rgb.png,data/s3_windshield_only/burst006_f09_depth.npy,s3_windshield_only,1,0,0,0,0,1,0
data/s3_windshield_only/burst007_f00_rgb.png,data/s3_windshield_only/burst007_f00_depth.npy,s3_windshield_only,1,0,0,0,0,1,0
data/s3_windshield_only/burst007_f01_rgb.png,data/s3_windshield_only/burst007_f01_depth.npy,s3_windshield_only,1,0,0,0,0,1,0
data/s3_windshield_only/burst007_f02_rgb.png,data/s3_windshield_only/burst007_f02_depth.npy,s3_windshield_only,1,0,0,0,0,1,0
data/s3_windshield_only/burst007_f03_rgb.png,data/s3_windshield_only/burst007_f03_depth.npy,s3_windshield_only,1,0,0,0,0,1,0
data/s3_windshield_only/burst007_f04_rgb.png,data/s3_windshield_only/burst007_f04_depth.npy,s3_windshield_only,1,0,0,0,0,1,0
data/s3_windshield_only/burst007_f05_rgb.png,data/s3_windshield_only/burst007_f05_depth.npy,s3_windshield_only,1,0,0,0,0,1,0
data/s3_windshield_only/burst007_f06_rgb.png,data/s3_windshield_only/burst007_f06_depth.npy,s3_windshield_only,1,0,0,0,0,1,0
data/s3_windshield_only/burst007_f07_rgb.png,data/s3_windshield_only/burst007_f07_depth.npy,s3_windshield_only,1,0,0,0,0,1,0
data/s3_windshield_only/burst007_f08_rgb.png,data/s3_windshield_only/burst007_f08_depth.npy,s3_windshield_only,1,0,0,0,0,1,0
data/s3_windshield_only/burst007_f09_rgb.png,data/s3_windshield_only/burst007_f09_depth.npy,s3_windshield_only,1,0,0,0,0,1,0
data/s3_windshield_only/burst008_f00_rgb.png,data/s3_windshield_only/burst008_f00_depth.npy,s3_windshield_only,1,0,0,0,0,1,0
data/s3_windshield_only/burst008_f01_rgb.png,data/s3_windshield_only/burst008_f01_depth.npy,s3_windshield_only,1,0,0,0,0,1,0
data/s3_windshield_only/burst008_f02_rgb.png,data/s3_windshield_only/burst008_f02_depth.npy,s3_windshield_only,1,0,0,0,0,1,0
data/s3_windshield_only/burst008_f03_rgb.png,data/s3_windshield_only/burst008_f03_depth.npy,s3_windshield_only,1,0,0,0,0,1,0
data/s3_windshield_only/burst008_f04_rgb.png,data/s3_windshield_only/burst008_f04_depth.npy,s3_windshield_only,1,0,0,0,0,1,0
data/s3_windshield_only/burst008_f05_rgb.png,data/s3_windshield_only/burst008_f05_depth.npy,s3_windshield_only,1,0,0,0,0,1,0
data/s3_windshield_only/burst008_f06_rgb.png,data/s3_windshield_only/burst008_f06_depth.npy,s3_windshield_only,1,0,0,0,0,1,0
data/s3_windshield_only/burst008_f07_rgb.png,data/s3_windshield_only/burst008_f07_depth.npy,s3_windshield_only,1,0,0,0,0,1,0
data/s3_windshield_only/burst008_f08_rgb.png,data/s3_windshield_only/burst008_f08_depth.npy,s3_windshield_only,1,0,0,0,0,1,0
data/s3_windshield_only/burst008_f09_rgb.png,data/s3_windshield_only/burst008_f09_depth.npy,s3_windshield_only,1,0,0,0,0,1,0
data/s3_windshield_only/burst009_f00_rgb.png,data/s3_windshield_only/burst009_f00_depth.npy,s3_windshield_only,1,0,0,0,0,1,0
data/s3_windshield_only/burst009_f01_rgb.png,data/s3_windshield_only/burst009_f01_depth.npy,s3_windshield_only,1,0,0,0,0,1,0
data/s3_windshield_only/burst009_f02_rgb.png,data/s3_windshield_only/burst009_f02_depth.npy,s3_windshield_only,1,0,0,0,0,1,0
data/s3_windshield_only/burst009_f03_rgb.png,data/s3_windshield_only/burst009_f03_depth.npy,s3_windshield_only,1,0,0,0,0,1,0
data/s3_windshield_only/burst009_f04_rgb.png,data/s3_windshield_only/burst009_f04_depth.npy,s3_windshield_only,1,0,0,0,0,1,0
data/s3_windshield_only/burst009_f05_rgb.png,data/s3_windshield_only/burst009_f05_depth.npy,s3_windshield_only,1,0,0,0,0,1,0
data/s3_windshield_only/burst009_f06_rgb.png,data/s3_windshield_only/burst009_f06_depth.npy,s3_windshield_only,1,0,0,0,0,1,0
data/s3_windshield_only/burst009_f07_rgb.png,data/s3_windshield_only/burst009_f07_depth.npy,s3_windshield_only,1,0,0,0,0,1,0
data/s3_windshield_only/burst009_f08_rgb.png,data/s3_windshield_only/burst009_f08_depth.npy,s3_windshield_only,1,0,0,0,0,1,0
data/s3_windshield_only/burst009_f09_rgb.png,data/s3_windshield_only/burst009_f09_depth.npy,s3_windshield_only,1,0,0,0,0,1,0
data/s3_windshield_only/burst010_f00_rgb.png,data/s3_windshield_only/burst010_f00_depth.npy,s3_windshield_only,1,0,0,0,0,1,0
data/s3_windshield_only/burst010_f01_rgb.png,data/s3_windshield_only/burst010_f01_depth.npy,s3_windshield_only,1,0,0,0,0,1,0
data/s3_windshield_only/burst010_f02_rgb.png,data/s3_windshield_only/burst010_f02_depth.npy,s3_windshield_only,1,0,0,0,0,1,0
data/s3_windshield_only/burst010_f03_rgb.png,data/s3_windshield_only/burst010_f03_depth.npy,s3_windshield_only,1,0,0,0,0,1,0
data/s3_windshield_only/burst010_f04_rgb.png,data/s3_windshield_only/burst010_f04_depth.npy,s3_windshield_only,1,0,0,0,0,1,0
data/s3_windshield_only/burst010_f05_rgb.png,data/s3_windshield_only/burst010_f05_depth.npy,s3_windshield_only,1,0,0,0,0,1,0
data/s3_windshield_only/burst010_f06_rgb.png,data/s3_windshield_only/burst010_f06_depth.npy,s3_windshield_only,1,0,0,0,0,1,0
data/s3_windshield_only/burst010_f07_rgb.png,data/s3_windshield_only/burst010_f07_depth.npy,s3_windshield_only,1,0,0,0,0,1,0
data/s3_windshield_only/burst010_f08_rgb.png,data/s3_windshield_only/burst010_f08_depth.npy,s3_windshield_only,1,0,0,0,0,1,0
data/s3_windshield_only/burst010_f09_rgb.png,data/s3_windshield_only/burst010_f09_depth.npy,s3_windshield_only,1,0,0,0,0,1,0
data/s3_windshield_only/burst011_f00_rgb.png,data/s3_windshield_only/burst011_f00_depth.npy,s3_windshield_only,1,0,0,0,0,1,0
data/s3_windshield_only/burst011_f01_rgb.png,data/s3_windshield_only/burst011_f01_depth.npy,s3_windshield_only,1,0,0,0,0,1,0
data/s3_windshield_only/burst011_f02_rgb.png,data/s3_windshield_only/burst011_f02_depth.npy,s3_windshield_only,1,0,0,0,0,1,0
data/s3_windshield_only/burst011_f03_rgb.png,data/s3_windshield_only/burst011_f03_depth.npy,s3_windshield_only,1,0,0,0,0,1,0
data/s3_windshield_only/burst011_f04_rgb.png,data/s3_windshield_only/burst011_f04_depth.npy,s3_windshield_only,1,0,0,0,0,1,0
data/s3_windshield_only/burst011_f05_rgb.png,data/s3_windshield_only/burst011_f05_depth.npy,s3_windshield_only,1,0,0,0,0,1,0
data/s3_windshield_only/burst011_f06_rgb.png,data/s3_windshield_only/burst011_f06_depth.npy,s3_windshield_only,1,0,0,0,0,1,0
data/s3_windshield_only/burst011_f07_rgb.png,data/s3_windshield_only/burst011_f07_depth.npy,s3_windshield_only,1,0,0,0,0,1,0
data/s3_windshield_only/burst011_f08_rgb.png,data/s3_windshield_only/burst011_f08_depth.npy,s3_windshield_only,1,0,0,0,0,1,0
data/s3_windshield_only/burst011_f09_rgb.png,data/s3_windshield_only/burst011_f09_depth.npy,s3_windshield_only,1,0,0,0,0,1,0
data/s3_windshield_only/burst012_f00_rgb.png,data/s3_windshield_only/burst012_f00_depth.npy,s3_windshield_only,1,0,0,0,0,1,0
data/s3_windshield_only/burst012_f01_rgb.png,data/s3_windshield_only/burst012_f01_depth.npy,s3_windshield_only,1,0,0,0,0,1,0
data/s3_windshield_only/burst012_f02_rgb.png,data/s3_windshield_only/burst012_f02_depth.npy,s3_windshield_only,1,0,0,0,0,1,0
data/s3_windshield_only/burst012_f03_rgb.png,data/s3_windshield_only/burst012_f03_depth.npy,s3_windshield_only,1,0,0,0,0,1,0
data/s3_windshield_only/burst012_f04_rgb.png,data/s3_windshield_only/burst012_f04_depth.npy,s3_windshield_only,1,0,0,0,0,1,0
data/s3_windshield_only/burst012_f05_rgb.png,data/s3_windshield_only/burst012_f05_depth.npy,s3_windshield_only,1,0,0,0,0,1,0
data/s3_windshield_only/burst012_f06_rgb.png,data/s3_windshield_only/burst012_f06_depth.npy,s3_windshield_only,1,0,0,0,0,1,0
data/s3_windshield_only/burst012_f07_rgb.png,data/s3_windshield_only/burst012_f07_depth.npy,s3_windshield_only,1,0,0,0,0,1,0
data/s3_windshield_only/burst012_f08_rgb.png,data/s3_windshield_only/burst012_f08_depth.npy,s3_windshield_only,1,0,0,0,0,1,0
data/s3_windshield_only/burst012_f09_rgb.png,data/s3_windshield_only/burst012_f09_depth.npy,s3_windshield_only,1,0,0,0,0,1,0
data/s3_windshield_only/burst013_f00_rgb.png,data/s3_windshield_only/burst013_f00_depth.npy,s3_windshield_only,1,0,0,0,0,1,0
data/s3_windshield_only/burst013_f01_rgb.png,data/s3_windshield_only/burst013_f01_depth.npy,s3_windshield_only,1,0,0,0,0,1,0
data/s3_windshield_only/burst013_f02_rgb.png,data/s3_windshield_only/burst013_f02_depth.npy,s3_windshield_only,1,0,0,0,0,1,0
data/s3_windshield_only/burst013_f03_rgb.png,data/s3_windshield_only/burst013_f03_depth.npy,s3_windshield_only,1,0,0,0,0,1,0
data/s3_windshield_only/burst013_f04_rgb.png,data/s3_windshield_only/burst013_f04_depth.npy,s3_windshield_only,1,0,0,0,0,1,0
data/s3_windshield_only/burst013_f05_rgb.png,data/s3_windshield_only/burst013_f05_depth.npy,s3_windshield_only,1,0,0,0,0,1,0
data/s3_windshield_only/burst013_f06_rgb.png,data/s3_windshield_only/burst013_f06_depth.npy,s3_windshield_only,1,0,0,0,0,1,0
data/s3_windshield_only/burst013_f07_rgb.png,data/s3_windshield_only/burst013_f07_depth.npy,s3_windshield_only,1,0,0,0,0,1,0
data/s3_windshield_only/burst013_f08_rgb.png,data/s3_windshield_only/burst013_f08_depth.npy,s3_windshield_only,1,0,0,0,0,1,0
data/s3_windshield_only/burst013_f09_rgb.png,data/s3_windshield_only/burst013_f09_depth.npy,s3_windshield_only,1,0,0,0,0,1,0
data/s3_windshield_only/burst014_f00_rgb.png,data/s3_windshield_only/burst014_f00_depth.npy,s3_windshield_only,1,0,0,0,0,1,0
data/s3_windshield_only/burst014_f01_rgb.png,data/s3_windshield_only/burst014_f01_depth.npy,s3_windshield_only,1,0,0,0,0,1,0
data/s3_windshield_only/burst014_f02_rgb.png,data/s3_windshield_only/burst014_f02_depth.npy,s3_windshield_only,1,0,0,0,0,1,0
data/s3_windshield_only/burst014_f03_rgb.png,data/s3_windshield_only/burst014_f03_depth.npy,s3_windshield_only,1,0,0,0,0,1,0
data/s3_windshield_only/burst014_f04_rgb.png,data/s3_windshield_only/burst014_f04_depth.npy,s3_windshield_only,1,0,0,0,0,1,0
data/s3_windshield_only/burst014_f05_rgb.png,data/s3_windshield_only/burst014_f05_depth.npy,s3_windshield_only,1,0,0,0,0,1,0
data/s3_windshield_only/burst014_f06_rgb.png,data/s3_windshield_only/burst014_f06_depth.npy,s3_windshield_only,1,0,0,0,0,1,0
data/s3_windshield_only/burst014_f07_rgb.png,data/s3_windshield_only/burst014_f07_depth.npy,s3_windshield_only,1,0,0,0,0,1,0
data/s3_windshield_only/burst014_f08_rgb.png,data/s3_windshield_only/burst014_f08_depth.npy,s3_windshield_only,1,0,0,0,0,1,0
data/s3_windshield_only/burst014_f09_rgb.png,data/s3_windshield_only/burst014_f09_depth.npy,s3_windshield_only,1,0,0,0,0,1,0
data/s3_windshield_only/burst015_f00_rgb.png,data/s3_windshield_only/burst015_f00_depth.npy,s3_windshield_only,1,0,0,0,0,1,0
data/s3_windshield_only/burst015_f01_rgb.png,data/s3_windshield_only/burst015_f01_depth.npy,s3_windshield_only,1,0,0,0,0,1,0
data/s3_windshield_only/burst015_f02_rgb.png,data/s3_windshield_only/burst015_f02_depth.npy,s3_windshield_only,1,0,0,0,0,1,0
data/s3_windshield_only/burst015_f03_rgb.png,data/s3_windshield_only/burst015_f03_depth.npy,s3_windshield_only,1,0,0,0,0,1,0
data/s3_windshield_only/burst015_f04_rgb.png,data/s3_windshield_only/burst015_f04_depth.npy,s3_windshield_only,1,0,0,0,0,1,0
data/s3_windshield_only/burst015_f05_rgb.png,data/s3_windshield_only/burst015_f05_depth.npy,s3_windshield_only,1,0,0,0,0,1,0
data/s3_windshield_only/burst015_f06_rgb.png,data/s3_windshield_only/burst015_f06_depth.npy,s3_windshield_only,1,0,0,0,0,1,0
data/s3_windshield_only/burst015_f07_rgb.png,data/s3_windshield_only/burst015_f07_depth.npy,s3_windshield_only,1,0,0,0,0,1,0
data/s3_windshield_only/burst015_f08_rgb.png,data/s3_windshield_only/burst015_f08_depth.npy,s3_windshield_only,1,0,0,0,0,1,0
data/s3_windshield_only/burst015_f09_rgb.png,data/s3_windshield_only/burst015_f09_depth.npy,s3_windshield_only,1,0,0,0,0,1,0
data/s3_windshield_only/burst016_f00_rgb.png,data/s3_windshield_only/burst016_f00_depth.npy,s3_windshield_only,1,0,0,0,0,1,0
data/s3_windshield_only/burst016_f01_rgb.png,data/s3_windshield_only/burst016_f01_depth.npy,s3_windshield_only,1,0,0,0,0,1,0
data/s3_windshield_only/burst016_f02_rgb.png,data/s3_windshield_only/burst016_f02_depth.npy,s3_windshield_only,1,0,0,0,0,1,0
data/s3_windshield_only/burst016_f03_rgb.png,data/s3_windshield_only/burst016_f03_depth.npy,s3_windshield_only,1,0,0,0,0,1,0
data/s3_windshield_only/burst016_f04_rgb.png,data/s3_windshield_only/burst016_f04_depth.npy,s3_windshield_only,1,0,0,0,0,1,0
data/s3_windshield_only/burst016_f05_rgb.png,data/s3_windshield_only/burst016_f05_depth.npy,s3_windshield_only,1,0,0,0,0,1,0
data/s3_windshield_only/burst016_f06_rgb.png,data/s3_windshield_only/burst016_f06_depth.npy,s3_windshield_only,1,0,0,0,0,1,0
data/s3_windshield_only/burst016_f07_rgb.png,data/s3_windshield_only/burst016_f07_depth.npy,s3_windshield_only,1,0,0,0,0,1,0
data/s3_windshield_only/burst016_f08_rgb.png,data/s3_windshield_only/burst016_f08_depth.npy,s3_windshield_only,1,0,0,0,0,1,0
data/s3_windshield_only/burst016_f09_rgb.png,data/s3_windshield_only/burst016_f09_depth.npy,s3_windshield_only,1,0,0,0,0,1,0
data/s3_windshield_only/burst017_f00_rgb.png,data/s3_windshield_only/burst017_f00_depth.npy,s3_windshield_only,1,0,0,0,0,1,0
data/s3_windshield_only/burst017_f01_rgb.png,data/s3_windshield_only/burst017_f01_depth.npy,s3_windshield_only,1,0,0,0,0,1,0
data/s3_windshield_only/burst017_f02_rgb.png,data/s3_windshield_only/burst017_f02_depth.npy,s3_windshield_only,1,0,0,0,0,1,0
data/s3_windshield_only/burst017_f03_rgb.png,data/s3_windshield_only/burst017_f03_depth.npy,s3_windshield_only,1,0,0,0,0,1,0
data/s3_windshield_only/burst017_f04_rgb.png,data/s3_windshield_only/burst017_f04_depth.npy,s3_windshield_only,1,0,0,0,0,1,0
data/s3_windshield_only/burst017_f05_rgb.png,data/s3_windshield_only/burst017_f05_depth.npy,s3_windshield_only,1,0,0,0,0,1,0
data/s3_windshield_only/burst017_f06_rgb.png,data/s3_windshield_only/burst017_f06_depth.npy,s3_windshield_only,1,0,0,0,0,1,0
data/s3_windshield_only/burst017_f07_rgb.png,data/s3_windshield_only/burst017_f07_depth.npy,s3_windshield_only,1,0,0,0,0,1,0
data/s3_windshield_only/burst017_f08_rgb.png,data/s3_windshield_only/burst017_f08_depth.npy,s3_windshield_only,1,0,0,0,0,1,0
data/s3_windshield_only/burst017_f09_rgb.png,data/s3_windshield_only/burst017_f09_depth.npy,s3_windshield_only,1,0,0,0,0,1,0
data/s3_windshield_only/burst018_f00_rgb.png,data/s3_windshield_only/burst018_f00_depth.npy,s3_windshield_only,1,0,0,0,0,1,0
data/s3_windshield_only/burst018_f01_rgb.png,data/s3_windshield_only/burst018_f01_depth.npy,s3_windshield_only,1,0,0,0,0,1,0
data/s3_windshield_only/burst018_f02_rgb.png,data/s3_windshield_only/burst018_f02_depth.npy,s3_windshield_only,1,0,0,0,0,1,0
data/s3_windshield_only/burst018_f03_rgb.png,data/s3_windshield_only/burst018_f03_depth.npy,s3_windshield_only,1,0,0,0,0,1,0
data/s3_windshield_only/burst018_f04_rgb.png,data/s3_windshield_only/burst018_f04_depth.npy,s3_windshield_only,1,0,0,0,0,1,0
data/s3_windshield_only/burst018_f05_rgb.png,data/s3_windshield_only/burst018_f05_depth.npy,s3_windshield_only,1,0,0,0,0,1,0
data/s3_windshield_only/burst018_f06_rgb.png,data/s3_windshield_only/burst018_f06_depth.npy,s3_windshield_only,1,0,0,0,0,1,0
data/s3_windshield_only/burst018_f07_rgb.png,data/s3_windshield_only/burst018_f07_depth.npy,s3_windshield_only,1,0,0,0,0,1,0
data/s3_windshield_only/burst018_f08_rgb.png,data/s3_windshield_only/burst018_f08_depth.npy,s3_windshield_only,1,0,0,0,0,1,0
data/s3_windshield_only/burst018_f09_rgb.png,data/s3_windshield_only/burst018_f09_depth.npy,s3_windshield_only,1,0,0,0,0,1,0
data/s3_windshield_only/burst019_f00_rgb.png,data/s3_windshield_only/burst019_f00_depth.npy,s3_windshield_only,1,0,0,0,0,1,0
data/s3_windshield_only/burst019_f01_rgb.png,data/s3_windshield_only/burst019_f01_depth.npy,s3_windshield_only,1,0,0,0,0,1,0
data/s3_windshield_only/burst019_f02_rgb.png,data/s3_windshield_only/burst019_f02_depth.npy,s3_windshield_only,1,0,0,0,0,1,0
data/s3_windshield_only/burst019_f03_rgb.png,data/s3_windshield_only/burst019_f03_depth.npy,s3_windshield_only,1,0,0,0,0,1,0
data/s3_windshield_only/burst019_f04_rgb.png,data/s3_windshield_only/burst019_f04_depth.npy,s3_windshield_only,1,0,0,0,0,1,0
data/s3_windshield_only/burst019_f05_rgb.png,data/s3_windshield_only/burst019_f05_depth.npy,s3_windshield_only,1,0,0,0,0,1,0
data/s3_windshield_only/burst019_f06_rgb.png,data/s3_windshield_only/burst019_f06_depth.npy,s3_windshield_only,1,0,0,0,0,1,0
data/s3_windshield_only/burst019_f07_rgb.png,data/s3_windshield_only/burst019_f07_depth.npy,s3_windshield_only,1,0,0,0,0,1,0
data/s3_windshield_only/burst019_f08_rgb.png,data/s3_windshield_only/burst019_f08_depth.npy,s3_windshield_only,1,0,0,0,0,1,0
data/s3_windshield_only/burst019_f09_rgb.png,data/s3_windshield_only/burst019_f09_depth.npy,s3_windshield_only,1,0,0,0,0,1,0
data/s4_roof/burst000_f00_rgb.png,data/s4_roof/burst000_f00_depth.npy,s4_roof,1,1,1,1,1,1,1
data/s4_roof/burst000_f01_rgb.png,data/s4_roof/burst000_f01_depth.npy,s4_roof,1,1,1,1,1,1,1
data/s4_roof/burst000_f02_rgb.png,data/s4_roof/burst000_f02_depth.npy,s4_roof,1,1,1,1,1,1,1
data/s4_roof/burst000_f03_rgb.png,data/s4_roof/burst000_f03_depth.npy,s4_roof,1,1,1,1,1,1,1
data/s4_roof/burst000_f04_rgb.png,data/s4_roof/burst000_f04_depth.npy,s4_roof,1,1,1,1,1,1,1
data/s4_roof/burst000_f05_rgb.png,data/s4_roof/burst000_f05_depth.npy,s4_roof,1,1,1,1,1,1,1
data/s4_roof/burst000_f06_rgb.png,data/s4_roof/burst000_f06_depth.npy,s4_roof,1,1,1,1,1,1,1
data/s4_roof/burst000_f07_rgb.png,data/s4_roof/burst000_f07_depth.npy,s4_roof,1,1,1,1,1,1,1
data/s4_roof/burst000_f08_rgb.png,data/s4_roof/burst000_f08_depth.npy,s4_roof,1,1,1,1,1,1,1
data/s4_roof/burst000_f09_rgb.png,data/s4_roof/burst000_f09_depth.npy,s4_roof,1,1,1,1,1,1,1
data/s4_roof/burst001_f00_rgb.png,data/s4_roof/burst001_f00_depth.npy,s4_roof,1,1,1,1,1,1,1
data/s4_roof/burst001_f01_rgb.png,data/s4_roof/burst001_f01_depth.npy,s4_roof,1,1,1,1,1,1,1
data/s4_roof/burst001_f02_rgb.png,data/s4_roof/burst001_f02_depth.npy,s4_roof,1,1,1,1,1,1,1
data/s4_roof/burst001_f03_rgb.png,data/s4_roof/burst001_f03_depth.npy,s4_roof,1,1,1,1,1,1,1
data/s4_roof/burst001_f04_rgb.png,data/s4_roof/burst001_f04_depth.npy,s4_roof,1,1,1,1,1,1,1
data/s4_roof/burst001_f05_rgb.png,data/s4_roof/burst001_f05_depth.npy,s4_roof,1,1,1,1,1,1,1
data/s4_roof/burst001_f06_rgb.png,data/s4_roof/burst001_f06_depth.npy,s4_roof,1,1,1,1,1,1,1
data/s4_roof/burst001_f07_rgb.png,data/s4_roof/burst001_f07_depth.npy,s4_roof,1,1,1,1,1,1,1
data/s4_roof/burst001_f08_rgb.png,data/s4_roof/burst001_f08_depth.npy,s4_roof,1,1,1,1,1,1,1
data/s4_roof/burst001_f09_rgb.png,data/s4_roof/burst001_f09_depth.npy,s4_roof,1,1,1,1,1,1,1
data/s4_roof/burst002_f00_rgb.png,data/s4_roof/burst002_f00_depth.npy,s4_roof,1,1,1,1,1,1,1
data/s4_roof/burst002_f01_rgb.png,data/s4_roof/burst002_f01_depth.npy,s4_roof,1,1,1,1,1,1,1
data/s4_roof/burst002_f02_rgb.png,data/s4_roof/burst002_f02_depth.npy,s4_roof,1,1,1,1,1,1,1
data/s4_roof/burst002_f03_rgb.png,data/s4_roof/burst002_f03_depth.npy,s4_roof,1,1,1,1,1,1,1
data/s4_roof/burst002_f04_rgb.png,data/s4_roof/burst002_f04_depth.npy,s4_roof,1,1,1,1,1,1,1
data/s4_roof/burst002_f05_rgb.png,data/s4_roof/burst002_f05_depth.npy,s4_roof,1,1,1,1,1,1,1
data/s4_roof/burst002_f06_rgb.png,data/s4_roof/burst002_f06_depth.npy,s4_roof,1,1,1,1,1,1,1
data/s4_roof/burst002_f07_rgb.png,data/s4_roof/burst002_f07_depth.npy,s4_roof,1,1,1,1,1,1,1
data/s4_roof/burst002_f08_rgb.png,data/s4_roof/burst002_f08_depth.npy,s4_roof,1,1,1,1,1,1,1
data/s4_roof/burst002_f09_rgb.png,data/s4_roof/burst002_f09_depth.npy,s4_roof,1,1,1,1,1,1,1
data/s4_roof/burst003_f00_rgb.png,data/s4_roof/burst003_f00_depth.npy,s4_roof,1,1,1,1,1,1,1
data/s4_roof/burst003_f01_rgb.png,data/s4_roof/burst003_f01_depth.npy,s4_roof,1,1,1,1,1,1,1
data/s4_roof/burst003_f02_rgb.png,data/s4_roof/burst003_f02_depth.npy,s4_roof,1,1,1,1,1,1,1
data/s4_roof/burst003_f03_rgb.png,data/s4_roof/burst003_f03_depth.npy,s4_roof,1,1,1,1,1,1,1
data/s4_roof/burst003_f04_rgb.png,data/s4_roof/burst003_f04_depth.npy,s4_roof,1,1,1,1,1,1,1
data/s4_roof/burst003_f05_rgb.png,data/s4_roof/burst003_f05_depth.npy,s4_roof,1,1,1,1,1,1,1
data/s4_roof/burst003_f06_rgb.png,data/s4_roof/burst003_f06_depth.npy,s4_roof,1,1,1,1,1,1,1
data/s4_roof/burst003_f07_rgb.png,data/s4_roof/burst003_f07_depth.npy,s4_roof,1,1,1,1,1,1,1
data/s4_roof/burst003_f08_rgb.png,data/s4_roof/burst003_f08_depth.npy,s4_roof,1,1,1,1,1,1,1
data/s4_roof/burst003_f09_rgb.png,data/s4_roof/burst003_f09_depth.npy,s4_roof,1,1,1,1,1,1,1
data/s4_roof/burst004_f00_rgb.png,data/s4_roof/burst004_f00_depth.npy,s4_roof,1,1,1,1,1,1,1
data/s4_roof/burst004_f01_rgb.png,data/s4_roof/burst004_f01_depth.npy,s4_roof,1,1,1,1,1,1,1
data/s4_roof/burst004_f02_rgb.png,data/s4_roof/burst004_f02_depth.npy,s4_roof,1,1,1,1,1,1,1
data/s4_roof/burst004_f03_rgb.png,data/s4_roof/burst004_f03_depth.npy,s4_roof,1,1,1,1,1,1,1
data/s4_roof/burst004_f04_rgb.png,data/s4_roof/burst004_f04_depth.npy,s4_roof,1,1,1,1,1,1,1
data/s4_roof/burst004_f05_rgb.png,data/s4_roof/burst004_f05_depth.npy,s4_roof,1,1,1,1,1,1,1
data/s4_roof/burst004_f06_rgb.png,data/s4_roof/burst004_f06_depth.npy,s4_roof,1,1,1,1,1,1,1
data/s4_roof/burst004_f07_rgb.png,data/s4_roof/burst004_f07_depth.npy,s4_roof,1,1,1,1,1,1,1
data/s4_roof/burst004_f08_rgb.png,data/s4_roof/burst004_f08_depth.npy,s4_roof,1,1,1,1,1,1,1
data/s4_roof/burst004_f09_rgb.png,data/s4_roof/burst004_f09_depth.npy,s4_roof,1,1,1,1,1,1,1
data/s4_roof/burst005_f00_rgb.png,data/s4_roof/burst005_f00_depth.npy,s4_roof,1,1,1,1,1,1,1
data/s4_roof/burst005_f01_rgb.png,data/s4_roof/burst005_f01_depth.npy,s4_roof,1,1,1,1,1,1,1
data/s4_roof/burst005_f02_rgb.png,data/s4_roof/burst005_f02_depth.npy,s4_roof,1,1,1,1,1,1,1
data/s4_roof/burst005_f03_rgb.png,data/s4_roof/burst005_f03_depth.npy,s4_roof,1,1,1,1,1,1,1
data/s4_roof/burst005_f04_rgb.png,data/s4_roof/burst005_f04_depth.npy,s4_roof,1,1,1,1,1,1,1
data/s4_roof/burst005_f05_rgb.png,data/s4_roof/burst005_f05_depth.npy,s4_roof,1,1,1,1,1,1,1
data/s4_roof/burst005_f06_rgb.png,data/s4_roof/burst005_f06_depth.npy,s4_roof,1,1,1,1,1,1,1
data/s4_roof/burst005_f07_rgb.png,data/s4_roof/burst005_f07_depth.npy,s4_roof,1,1,1,1,1,1,1
data/s4_roof/burst005_f08_rgb.png,data/s4_roof/burst005_f08_depth.npy,s4_roof,1,1,1,1,1,1,1
data/s4_roof/burst005_f09_rgb.png,data/s4_roof/burst005_f09_depth.npy,s4_roof,1,1,1,1,1,1,1
data/s4_roof/burst006_f00_rgb.png,data/s4_roof/burst006_f00_depth.npy,s4_roof,1,1,1,1,1,1,1
data/s4_roof/burst006_f01_rgb.png,data/s4_roof/burst006_f01_depth.npy,s4_roof,1,1,1,1,1,1,1
data/s4_roof/burst006_f02_rgb.png,data/s4_roof/burst006_f02_depth.npy,s4_roof,1,1,1,1,1,1,1
data/s4_roof/burst006_f03_rgb.png,data/s4_roof/burst006_f03_depth.npy,s4_roof,1,1,1,1,1,1,1
data/s4_roof/burst006_f04_rgb.png,data/s4_roof/burst006_f04_depth.npy,s4_roof,1,1,1,1,1,1,1
data/s4_roof/burst006_f05_rgb.png,data/s4_roof/burst006_f05_depth.npy,s4_roof,1,1,1,1,1,1,1
data/s4_roof/burst006_f06_rgb.png,data/s4_roof/burst006_f06_depth.npy,s4_roof,1,1,1,1,1,1,1
data/s4_roof/burst006_f07_rgb.png,data/s4_roof/burst006_f07_depth.npy,s4_roof,1,1,1,1,1,1,1
data/s4_roof/burst006_f08_rgb.png,data/s4_roof/burst006_f08_depth.npy,s4_roof,1,1,1,1,1,1,1
data/s4_roof/burst006_f09_rgb.png,data/s4_roof/burst006_f09_depth.npy,s4_roof,1,1,1,1,1,1,1
data/s4_roof/burst007_f00_rgb.png,data/s4_roof/burst007_f00_depth.npy,s4_roof,1,1,1,1,1,1,1
data/s4_roof/burst007_f01_rgb.png,data/s4_roof/burst007_f01_depth.npy,s4_roof,1,1,1,1,1,1,1
data/s4_roof/burst007_f02_rgb.png,data/s4_roof/burst007_f02_depth.npy,s4_roof,1,1,1,1,1,1,1
data/s4_roof/burst007_f03_rgb.png,data/s4_roof/burst007_f03_depth.npy,s4_roof,1,1,1,1,1,1,1
data/s4_roof/burst007_f04_rgb.png,data/s4_roof/burst007_f04_depth.npy,s4_roof,1,1,1,1,1,1,1
data/s4_roof/burst007_f05_rgb.png,data/s4_roof/burst007_f05_depth.npy,s4_roof,1,1,1,1,1,1,1
data/s4_roof/burst007_f06_rgb.png,data/s4_roof/burst007_f06_depth.npy,s4_roof,1,1,1,1,1,1,1
data/s4_roof/burst007_f07_rgb.png,data/s4_roof/burst007_f07_depth.npy,s4_roof,1,1,1,1,1,1,1
data/s4_roof/burst007_f08_rgb.png,data/s4_roof/burst007_f08_depth.npy,s4_roof,1,1,1,1,1,1,1
data/s4_roof/burst007_f09_rgb.png,data/s4_roof/burst007_f09_depth.npy,s4_roof,1,1,1,1,1,1,1
data/s4_roof/burst008_f00_rgb.png,data/s4_roof/burst008_f00_depth.npy,s4_roof,1,1,1,1,1,1,1
data/s4_roof/burst008_f01_rgb.png,data/s4_roof/burst008_f01_depth.npy,s4_roof,1,1,1,1,1,1,1
data/s4_roof/burst008_f02_rgb.png,data/s4_roof/burst008_f02_depth.npy,s4_roof,1,1,1,1,1,1,1
data/s4_roof/burst008_f03_rgb.png,data/s4_roof/burst008_f03_depth.npy,s4_roof,1,1,1,1,1,1,1
data/s4_roof/burst008_f04_rgb.png,data/s4_roof/burst008_f04_depth.npy,s4_roof,1,1,1,1,1,1,1
data/s4_roof/burst008_f05_rgb.png,data/s4_roof/burst008_f05_depth.npy,s4_roof,1,1,1,1,1,1,1
data/s4_roof/burst008_f06_rgb.png,data/s4_roof/burst008_f06_depth.npy,s4_roof,1,1,1,1,1,1,1
data/s4_roof/burst008_f07_rgb.png,data/s4_roof/burst008_f07_depth.npy,s4_roof,1,1,1,1,1,1,1
data/s4_roof/burst008_f08_rgb.png,data/s4_roof/burst008_f08_depth.npy,s4_roof,1,1,1,1,1,1,1
data/s4_roof/burst008_f09_rgb.png,data/s4_roof/burst008_f09_depth.npy,s4_roof,1,1,1,1,1,1,1
data/s4_roof/burst009_f00_rgb.png,data/s4_roof/burst009_f00_depth.npy,s4_roof,1,1,1,1,1,1,1
data/s4_roof/burst009_f01_rgb.png,data/s4_roof/burst009_f01_depth.npy,s4_roof,1,1,1,1,1,1,1
data/s4_roof/burst009_f02_rgb.png,data/s4_roof/burst009_f02_depth.npy,s4_roof,1,1,1,1,1,1,1
data/s4_roof/burst009_f03_rgb.png,data/s4_roof/burst009_f03_depth.npy,s4_roof,1,1,1,1,1,1,1
data/s4_roof/burst009_f04_rgb.png,data/s4_roof/burst009_f04_depth.npy,s4_roof,1,1,1,1,1,1,1
data/s4_roof/burst009_f05_rgb.png,data/s4_roof/burst009_f05_depth.npy,s4_roof,1,1,1,1,1,1,1
data/s4_roof/burst009_f06_rgb.png,data/s4_roof/burst009_f06_depth.npy,s4_roof,1,1,1,1,1,1,1
data/s4_roof/burst009_f07_rgb.png,data/s4_roof/burst009_f07_depth.npy,s4_roof,1,1,1,1,1,1,1
data/s4_roof/burst009_f08_rgb.png,data/s4_roof/burst009_f08_depth.npy,s4_roof,1,1,1,1,1,1,1
data/s4_roof/burst009_f09_rgb.png,data/s4_roof/burst009_f09_depth.npy,s4_roof,1,1,1,1,1,1,1
data/s4_roof/burst010_f00_rgb.png,data/s4_roof/burst010_f00_depth.npy,s4_roof,1,1,1,1,1,1,1
data/s4_roof/burst010_f01_rgb.png,data/s4_roof/burst010_f01_depth.npy,s4_roof,1,1,1,1,1,1,1
data/s4_roof/burst010_f02_rgb.png,data/s4_roof/burst010_f02_depth.npy,s4_roof,1,1,1,1,1,1,1
data/s4_roof/burst010_f03_rgb.png,data/s4_roof/burst010_f03_depth.npy,s4_roof,1,1,1,1,1,1,1
data/s4_roof/burst010_f04_rgb.png,data/s4_roof/burst010_f04_depth.npy,s4_roof,1,1,1,1,1,1,1
data/s4_roof/burst010_f05_rgb.png,data/s4_roof/burst010_f05_depth.npy,s4_roof,1,1,1,1,1,1,1
data/s4_roof/burst010_f06_rgb.png,data/s4_roof/burst010_f06_depth.npy,s4_roof,1,1,1,1,1,1,1
data/s4_roof/burst010_f07_rgb.png,data/s4_roof/burst010_f07_depth.npy,s4_roof,1,1,1,1,1,1,1
data/s4_roof/burst010_f08_rgb.png,data/s4_roof/burst010_f08_depth.npy,s4_roof,1,1,1,1,1,1,1
data/s4_roof/burst010_f09_rgb.png,data/s4_roof/burst010_f09_depth.npy,s4_roof,1,1,1,1,1,1,1
data/s4_roof/burst011_f00_rgb.png,data/s4_roof/burst011_f00_depth.npy,s4_roof,1,1,1,1,1,1,1
data/s4_roof/burst011_f01_rgb.png,data/s4_roof/burst011_f01_depth.npy,s4_roof,1,1,1,1,1,1,1
data/s4_roof/burst011_f02_rgb.png,data/s4_roof/burst011_f02_depth.npy,s4_roof,1,1,1,1,1,1,1
data/s4_roof/burst011_f03_rgb.png,data/s4_roof/burst011_f03_depth.npy,s4_roof,1,1,1,1,1,1,1
data/s4_roof/burst011_f04_rgb.png,data/s4_roof/burst011_f04_depth.npy,s4_roof,1,1,1,1,1,1,1
data/s4_roof/burst011_f05_rgb.png,data/s4_roof/burst011_f05_depth.npy,s4_roof,1,1,1,1,1,1,1
data/s4_roof/burst011_f06_rgb.png,data/s4_roof/burst011_f06_depth.npy,s4_roof,1,1,1,1,1,1,1
data/s4_roof/burst011_f07_rgb.png,data/s4_roof/burst011_f07_depth.npy,s4_roof,1,1,1,1,1,1,1
data/s4_roof/burst011_f08_rgb.png,data/s4_roof/burst011_f08_depth.npy,s4_roof,1,1,1,1,1,1,1
data/s4_roof/burst011_f09_rgb.png,data/s4_roof/burst011_f09_depth.npy,s4_roof,1,1,1,1,1,1,1
data/s4_roof/burst012_f00_rgb.png,data/s4_roof/burst012_f00_depth.npy,s4_roof,1,1,1,1,1,1,1
data/s4_roof/burst012_f01_rgb.png,data/s4_roof/burst012_f01_depth.npy,s4_roof,1,1,1,1,1,1,1
data/s4_roof/burst012_f02_rgb.png,data/s4_roof/burst012_f02_depth.npy,s4_roof,1,1,1,1,1,1,1
data/s4_roof/burst012_f03_rgb.png,data/s4_roof/burst012_f03_depth.npy,s4_roof,1,1,1,1,1,1,1
data/s4_roof/burst012_f04_rgb.png,data/s4_roof/burst012_f04_depth.npy,s4_roof,1,1,1,1,1,1,1
data/s4_roof/burst012_f05_rgb.png,data/s4_roof/burst012_f05_depth.npy,s4_roof,1,1,1,1,1,1,1
data/s4_roof/burst012_f06_rgb.png,data/s4_roof/burst012_f06_depth.npy,s4_roof,1,1,1,1,1,1,1
data/s4_roof/burst012_f07_rgb.png,data/s4_roof/burst012_f07_depth.npy,s4_roof,1,1,1,1,1,1,1
data/s4_roof/burst012_f08_rgb.png,data/s4_roof/burst012_f08_depth.npy,s4_roof,1,1,1,1,1,1,1
data/s4_roof/burst012_f09_rgb.png,data/s4_roof/burst012_f09_depth.npy,s4_roof,1,1,1,1,1,1,1
data/s4_roof/burst013_f00_rgb.png,data/s4_roof/burst013_f00_depth.npy,s4_roof,1,1,1,1,1,1,1
data/s4_roof/burst013_f01_rgb.png,data/s4_roof/burst013_f01_depth.npy,s4_roof,1,1,1,1,1,1,1
data/s4_roof/burst013_f02_rgb.png,data/s4_roof/burst013_f02_depth.npy,s4_roof,1,1,1,1,1,1,1
data/s4_roof/burst013_f03_rgb.png,data/s4_roof/burst013_f03_depth.npy,s4_roof,1,1,1,1,1,1,1
data/s4_roof/burst013_f04_rgb.png,data/s4_roof/burst013_f04_depth.npy,s4_roof,1,1,1,1,1,1,1
data/s4_roof/burst013_f05_rgb.png,data/s4_roof/burst013_f05_depth.npy,s4_roof,1,1,1,1,1,1,1
data/s4_roof/burst013_f06_rgb.png,data/s4_roof/burst013_f06_depth.npy,s4_roof,1,1,1,1,1,1,1
data/s4_roof/burst013_f07_rgb.png,data/s4_roof/burst013_f07_depth.npy,s4_roof,1,1,1,1,1,1,1
data/s4_roof/burst013_f08_rgb.png,data/s4_roof/burst013_f08_depth.npy,s4_roof,1,1,1,1,1,1,1
data/s4_roof/burst013_f09_rgb.png,data/s4_roof/burst013_f09_depth.npy,s4_roof,1,1,1,1,1,1,1
data/s4_roof/burst014_f00_rgb.png,data/s4_roof/burst014_f00_depth.npy,s4_roof,1,1,1,1,1,1,1
data/s4_roof/burst014_f01_rgb.png,data/s4_roof/burst014_f01_depth.npy,s4_roof,1,1,1,1,1,1,1
data/s4_roof/burst014_f02_rgb.png,data/s4_roof/burst014_f02_depth.npy,s4_roof,1,1,1,1,1,1,1
data/s4_roof/burst014_f03_rgb.png,data/s4_roof/burst014_f03_depth.npy,s4_roof,1,1,1,1,1,1,1
data/s4_roof/burst014_f04_rgb.png,data/s4_roof/burst014_f04_depth.npy,s4_roof,1,1,1,1,1,1,1
data/s4_roof/burst014_f05_rgb.png,data/s4_roof/burst014_f05_depth.npy,s4_roof,1,1,1,1,1,1,1
data/s4_roof/burst014_f06_rgb.png,data/s4_roof/burst014_f06_depth.npy,s4_roof,1,1,1,1,1,1,1
data/s4_roof/burst014_f07_rgb.png,data/s4_roof/burst014_f07_depth.npy,s4_roof,1,1,1,1,1,1,1
data/s4_roof/burst014_f08_rgb.png,data/s4_roof/burst014_f08_depth.npy,s4_roof,1,1,1,1,1,1,1
data/s4_roof/burst014_f09_rgb.png,data/s4_roof/burst014_f09_depth.npy,s4_roof,1,1,1,1,1,1,1
data/s4_roof/burst015_f00_rgb.png,data/s4_roof/burst015_f00_depth.npy,s4_roof,1,1,1,1,1,1,1
data/s4_roof/burst015_f01_rgb.png,data/s4_roof/burst015_f01_depth.npy,s4_roof,1,1,1,1,1,1,1
data/s4_roof/burst015_f02_rgb.png,data/s4_roof/burst015_f02_depth.npy,s4_roof,1,1,1,1,1,1,1
data/s4_roof/burst015_f03_rgb.png,data/s4_roof/burst015_f03_depth.npy,s4_roof,1,1,1,1,1,1,1
data/s4_roof/burst015_f04_rgb.png,data/s4_roof/burst015_f04_depth.npy,s4_roof,1,1,1,1,1,1,1
data/s4_roof/burst015_f05_rgb.png,data/s4_roof/burst015_f05_depth.npy,s4_roof,1,1,1,1,1,1,1
data/s4_roof/burst015_f06_rgb.png,data/s4_roof/burst015_f06_depth.npy,s4_roof,1,1,1,1,1,1,1
data/s4_roof/burst015_f07_rgb.png,data/s4_roof/burst015_f07_depth.npy,s4_roof,1,1,1,1,1,1,1
data/s4_roof/burst015_f08_rgb.png,data/s4_roof/burst015_f08_depth.npy,s4_roof,1,1,1,1,1,1,1
data/s4_roof/burst015_f09_rgb.png,data/s4_roof/burst015_f09_depth.npy,s4_roof,1,1,1,1,1,1,1
data/s4_roof/burst016_f00_rgb.png,data/s4_roof/burst016_f00_depth.npy,s4_roof,1,1,1,1,1,1,1
data/s4_roof/burst016_f01_rgb.png,data/s4_roof/burst016_f01_depth.npy,s4_roof,1,1,1,1,1,1,1
data/s4_roof/burst016_f02_rgb.png,data/s4_roof/burst016_f02_depth.npy,s4_roof,1,1,1,1,1,1,1
data/s4_roof/burst016_f03_rgb.png,data/s4_roof/burst016_f03_depth.npy,s4_roof,1,1,1,1,1,1,1
data/s4_roof/burst016_f04_rgb.png,data/s4_roof/burst016_f04_depth.npy,s4_roof,1,1,1,1,1,1,1
data/s4_roof/burst016_f05_rgb.png,data/s4_roof/burst016_f05_depth.npy,s4_roof,1,1,1,1,1,1,1
data/s4_roof/burst016_f06_rgb.png,data/s4_roof/burst016_f06_depth.npy,s4_roof,1,1,1,1,1,1,1
data/s4_roof/burst016_f07_rgb.png,data/s4_roof/burst016_f07_depth.npy,s4_roof,1,1,1,1,1,1,1
data/s4_roof/burst016_f08_rgb.png,data/s4_roof/burst016_f08_depth.npy,s4_roof,1,1,1,1,1,1,1
data/s4_roof/burst016_f09_rgb.png,data/s4_roof/burst016_f09_depth.npy,s4_roof,1,1,1,1,1,1,1
data/s4_roof/burst017_f00_rgb.png,data/s4_roof/burst017_f00_depth.npy,s4_roof,1,1,1,1,1,1,1
data/s4_roof/burst017_f01_rgb.png,data/s4_roof/burst017_f01_depth.npy,s4_roof,1,1,1,1,1,1,1
data/s4_roof/burst017_f02_rgb.png,data/s4_roof/burst017_f02_depth.npy,s4_roof,1,1,1,1,1,1,1
data/s4_roof/burst017_f03_rgb.png,data/s4_roof/burst017_f03_depth.npy,s4_roof,1,1,1,1,1,1,1
data/s4_roof/burst017_f04_rgb.png,data/s4_roof/burst017_f04_depth.npy,s4_roof,1,1,1,1,1,1,1
data/s4_roof/burst017_f05_rgb.png,data/s4_roof/burst017_f05_depth.npy,s4_roof,1,1,1,1,1,1,1
data/s4_roof/burst017_f06_rgb.png,data/s4_roof/burst017_f06_depth.npy,s4_roof,1,1,1,1,1,1,1
data/s4_roof/burst017_f07_rgb.png,data/s4_roof/burst017_f07_depth.npy,s4_roof,1,1,1,1,1,1,1
data/s4_roof/burst017_f08_rgb.png,data/s4_roof/burst017_f08_depth.npy,s4_roof,1,1,1,1,1,1,1
data/s4_roof/burst017_f09_rgb.png,data/s4_roof/burst017_f09_depth.npy,s4_roof,1,1,1,1,1,1,1
data/s4_roof/burst018_f00_rgb.png,data/s4_roof/burst018_f00_depth.npy,s4_roof,1,1,1,1,1,1,1
data/s4_roof/burst018_f01_rgb.png,data/s4_roof/burst018_f01_depth.npy,s4_roof,1,1,1,1,1,1,1
data/s4_roof/burst018_f02_rgb.png,data/s4_roof/burst018_f02_depth.npy,s4_roof,1,1,1,1,1,1,1
data/s4_roof/burst018_f03_rgb.png,data/s4_roof/burst018_f03_depth.npy,s4_roof,1,1,1,1,1,1,1
data/s4_roof/burst018_f04_rgb.png,data/s4_roof/burst018_f04_depth.npy,s4_roof,1,1,1,1,1,1,1
data/s4_roof/burst018_f05_rgb.png,data/s4_roof/burst018_f05_depth.npy,s4_roof,1,1,1,1,1,1,1
data/s4_roof/burst018_f06_rgb.png,data/s4_roof/burst018_f06_depth.npy,s4_roof,1,1,1,1,1,1,1
data/s4_roof/burst018_f07_rgb.png,data/s4_roof/burst018_f07_depth.npy,s4_roof,1,1,1,1,1,1,1
data/s4_roof/burst018_f08_rgb.png,data/s4_roof/burst018_f08_depth.npy,s4_roof,1,1,1,1,1,1,1
data/s4_roof/burst018_f09_rgb.png,data/s4_roof/burst018_f09_depth.npy,s4_roof,1,1,1,1,1,1,1
data/s4_roof/burst019_f00_rgb.png,data/s4_roof/burst019_f00_depth.npy,s4_roof,1,1,1,1,1,1,1
data/s4_roof/burst019_f01_rgb.png,data/s4_roof/burst019_f01_depth.npy,s4_roof,1,1,1,1,1,1,1
data/s4_roof/burst019_f02_rgb.png,data/s4_roof/burst019_f02_depth.npy,s4_roof,1,1,1,1,1,1,1
data/s4_roof/burst019_f03_rgb.png,data/s4_roof/burst019_f03_depth.npy,s4_roof,1,1,1,1,1,1,1
data/s4_roof/burst019_f04_rgb.png,data/s4_roof/burst019_f04_depth.npy,s4_roof,1,1,1,1,1,1,1
data/s4_roof/burst019_f05_rgb.png,data/s4_roof/burst019_f05_depth.npy,s4_roof,1,1,1,1,1,1,1
data/s4_roof/burst019_f06_rgb.png,data/s4_roof/burst019_f06_depth.npy,s4_roof,1,1,1,1,1,1,1
data/s4_roof/burst019_f07_rgb.png,data/s4_roof/burst019_f07_depth.npy,s4_roof,1,1,1,1,1,1,1
data/s4_roof/burst019_f08_rgb.png,data/s4_roof/burst019_f08_depth.npy,s4_roof,1,1,1,1,1,1,1
data/s4_roof/burst019_f09_rgb.png,data/s4_roof/burst019_f09_depth.npy,s4_roof,1,1,1,1,1,1,1
data/s4_roof/burst020_f00_rgb.png,data/s4_roof/burst020_f00_depth.npy,s4_roof,1,1,1,1,1,1,1
data/s4_roof/burst020_f01_rgb.png,data/s4_roof/burst020_f01_depth.npy,s4_roof,1,1,1,1,1,1,1
data/s4_roof/burst020_f02_rgb.png,data/s4_roof/burst020_f02_depth.npy,s4_roof,1,1,1,1,1,1,1
data/s4_roof/burst020_f03_rgb.png,data/s4_roof/burst020_f03_depth.npy,s4_roof,1,1,1,1,1,1,1
data/s4_roof/burst020_f04_rgb.png,data/s4_roof/burst020_f04_depth.npy,s4_roof,1,1,1,1,1,1,1
data/s4_roof/burst020_f05_rgb.png,data/s4_roof/burst020_f05_depth.npy,s4_roof,1,1,1,1,1,1,1
data/s4_roof/burst020_f06_rgb.png,data/s4_roof/burst020_f06_depth.npy,s4_roof,1,1,1,1,1,1,1
data/s4_roof/burst020_f07_rgb.png,data/s4_roof/burst020_f07_depth.npy,s4_roof,1,1,1,1,1,1,1
data/s4_roof/burst020_f08_rgb.png,data/s4_roof/burst020_f08_depth.npy,s4_roof,1,1,1,1,1,1,1
data/s4_roof/burst020_f09_rgb.png,data/s4_roof/burst020_f09_depth.npy,s4_roof,1,1,1,1,1,1,1
data/s4_roof/burst021_f00_rgb.png,data/s4_roof/burst021_f00_depth.npy,s4_roof,1,1,1,1,1,1,1
data/s4_roof/burst021_f01_rgb.png,data/s4_roof/burst021_f01_depth.npy,s4_roof,1,1,1,1,1,1,1
data/s4_roof/burst021_f02_rgb.png,data/s4_roof/burst021_f02_depth.npy,s4_roof,1,1,1,1,1,1,1
data/s4_roof/burst021_f03_rgb.png,data/s4_roof/burst021_f03_depth.npy,s4_roof,1,1,1,1,1,1,1
data/s4_roof/burst021_f04_rgb.png,data/s4_roof/burst021_f04_depth.npy,s4_roof,1,1,1,1,1,1,1
data/s4_roof/burst021_f05_rgb.png,data/s4_roof/burst021_f05_depth.npy,s4_roof,1,1,1,1,1,1,1
data/s4_roof/burst021_f06_rgb.png,data/s4_roof/burst021_f06_depth.npy,s4_roof,1,1,1,1,1,1,1
data/s4_roof/burst021_f07_rgb.png,data/s4_roof/burst021_f07_depth.npy,s4_roof,1,1,1,1,1,1,1
data/s4_roof/burst021_f08_rgb.png,data/s4_roof/burst021_f08_depth.npy,s4_roof,1,1,1,1,1,1,1
data/s4_roof/burst021_f09_rgb.png,data/s4_roof/burst021_f09_depth.npy,s4_roof,1,1,1,1,1,1,1
data/s4_roof/burst022_f00_rgb.png,data/s4_roof/burst022_f00_depth.npy,s4_roof,1,1,1,1,1,1,1
data/s4_roof/burst022_f01_rgb.png,data/s4_roof/burst022_f01_depth.npy,s4_roof,1,1,1,1,1,1,1
data/s4_roof/burst022_f02_rgb.png,data/s4_roof/burst022_f02_depth.npy,s4_roof,1,1,1,1,1,1,1
data/s4_roof/burst022_f03_rgb.png,data/s4_roof/burst022_f03_depth.npy,s4_roof,1,1,1,1,1,1,1
data/s4_roof/burst022_f04_rgb.png,data/s4_roof/burst022_f04_depth.npy,s4_roof,1,1,1,1,1,1,1
data/s4_roof/burst022_f05_rgb.png,data/s4_roof/burst022_f05_depth.npy,s4_roof,1,1,1,1,1,1,1
data/s4_roof/burst022_f06_rgb.png,data/s4_roof/burst022_f06_depth.npy,s4_roof,1,1,1,1,1,1,1
data/s4_roof/burst022_f07_rgb.png,data/s4_roof/burst022_f07_depth.npy,s4_roof,1,1,1,1,1,1,1
data/s4_roof/burst022_f08_rgb.png,data/s4_roof/burst022_f08_depth.npy,s4_roof,1,1,1,1,1,1,1
data/s4_roof/burst022_f09_rgb.png,data/s4_roof/burst022_f09_depth.npy,s4_roof,1,1,1,1,1,1,1
data/s4_roof/burst023_f00_rgb.png,data/s4_roof/burst023_f00_depth.npy,s4_roof,1,1,1,1,1,1,1
data/s4_roof/burst023_f01_rgb.png,data/s4_roof/burst023_f01_depth.npy,s4_roof,1,1,1,1,1,1,1
data/s4_roof/burst023_f02_rgb.png,data/s4_roof/burst023_f02_depth.npy,s4_roof,1,1,1,1,1,1,1
data/s4_roof/burst023_f03_rgb.png,data/s4_roof/burst023_f03_depth.npy,s4_roof,1,1,1,1,1,1,1
data/s4_roof/burst023_f04_rgb.png,data/s4_roof/burst023_f04_depth.npy,s4_roof,1,1,1,1,1,1,1
data/s4_roof/burst023_f05_rgb.png,data/s4_roof/burst023_f05_depth.npy,s4_roof,1,1,1,1,1,1,1
data/s4_roof/burst023_f06_rgb.png,data/s4_roof/burst023_f06_depth.npy,s4_roof,1,1,1,1,1,1,1
data/s4_roof/burst023_f07_rgb.png,data/s4_roof/burst023_f07_depth.npy,s4_roof,1,1,1,1,1,1,1
data/s4_roof/burst023_f08_rgb.png,data/s4_roof/burst023_f08_depth.npy,s4_roof,1,1,1,1,1,1,1
data/s4_roof/burst024_f00_rgb.png,data/s4_roof/burst024_f00_depth.npy,s4_roof,1,1,1,1,1,1,1
data/s4_roof/burst024_f01_rgb.png,data/s4_roof/burst024_f01_depth.npy,s4_roof,1,1,1,1,1,1,1
data/s4_roof/burst024_f02_rgb.png,data/s4_roof/burst024_f02_depth.npy,s4_roof,1,1,1,1,1,1,1
data/s4_roof/burst024_f03_rgb.png,data/s4_roof/burst024_f03_depth.npy,s4_roof,1,1,1,1,1,1,1
data/s4_roof/burst024_f04_rgb.png,data/s4_roof/burst024_f04_depth.npy,s4_roof,1,1,1,1,1,1,1
data/s4_roof/burst024_f05_rgb.png,data/s4_roof/burst024_f05_depth.npy,s4_roof,1,1,1,1,1,1,1
data/s4_roof/burst024_f06_rgb.png,data/s4_roof/burst024_f06_depth.npy,s4_roof,1,1,1,1,1,1,1
data/s4_roof/burst024_f07_rgb.png,data/s4_roof/burst024_f07_depth.npy,s4_roof,1,1,1,1,1,1,1
data/s4_roof/burst024_f08_rgb.png,data/s4_roof/burst024_f08_depth.npy,s4_roof,1,1,1,1,1,1,1
data/s4_roof/burst024_f09_rgb.png,data/s4_roof/burst024_f09_depth.npy,s4_roof,1,1,1,1,1,1,1
data/s4_roof/burst025_f00_rgb.png,data/s4_roof/burst025_f00_depth.npy,s4_roof,1,1,1,1,1,1,1
data/s4_roof/burst025_f01_rgb.png,data/s4_roof/burst025_f01_depth.npy,s4_roof,1,1,1,1,1,1,1
data/s4_roof/burst025_f02_rgb.png,data/s4_roof/burst025_f02_depth.npy,s4_roof,1,1,1,1,1,1,1
data/s4_roof/burst025_f03_rgb.png,data/s4_roof/burst025_f03_depth.npy,s4_roof,1,1,1,1,1,1,1
data/s4_roof/burst025_f04_rgb.png,data/s4_roof/burst025_f04_depth.npy,s4_roof,1,1,1,1,1,1,1
data/s4_roof/burst025_f05_rgb.png,data/s4_roof/burst025_f05_depth.npy,s4_roof,1,1,1,1,1,1,1
data/s4_roof/burst025_f06_rgb.png,data/s4_roof/burst025_f06_depth.npy,s4_roof,1,1,1,1,1,1,1
data/s4_roof/burst025_f07_rgb.png,data/s4_roof/burst025_f07_depth.npy,s4_roof,1,1,1,1,1,1,1
data/s4_roof/burst025_f08_rgb.png,data/s4_roof/burst025_f08_depth.npy,s4_roof,1,1,1,1,1,1,1
data/s4_roof/burst025_f09_rgb.png,data/s4_roof/burst025_f09_depth.npy,s4_roof,1,1,1,1,1,1,1
data/s4_roof/burst026_f00_rgb.png,data/s4_roof/burst026_f00_depth.npy,s4_roof,1,1,1,1,1,1,1
data/s4_roof/burst026_f01_rgb.png,data/s4_roof/burst026_f01_depth.npy,s4_roof,1,1,1,1,1,1,1
data/s4_roof/burst026_f02_rgb.png,data/s4_roof/burst026_f02_depth.npy,s4_roof,1,1,1,1,1,1,1
data/s4_roof/burst026_f03_rgb.png,data/s4_roof/burst026_f03_depth.npy,s4_roof,1,1,1,1,1,1,1
data/s4_roof/burst026_f04_rgb.png,data/s4_roof/burst026_f04_depth.npy,s4_roof,1,1,1,1,1,1,1
data/s4_roof/burst026_f05_rgb.png,data/s4_roof/burst026_f05_depth.npy,s4_roof,1,1,1,1,1,1,1
data/s4_roof/burst026_f06_rgb.png,data/s4_roof/burst026_f06_depth.npy,s4_roof,1,1,1,1,1,1,1
data/s4_roof/burst026_f07_rgb.png,data/s4_roof/burst026_f07_depth.npy,s4_roof,1,1,1,1,1,1,1
data/s4_roof/burst026_f08_rgb.png,data/s4_roof/burst026_f08_depth.npy,s4_roof,1,1,1,1,1,1,1
data/s4_roof/burst026_f09_rgb.png,data/s4_roof/burst026_f09_depth.npy,s4_roof,1,1,1,1,1,1,1
data/s4_roof/burst027_f00_rgb.png,data/s4_roof/burst027_f00_depth.npy,s4_roof,1,1,1,1,1,1,1
data/s4_roof/burst027_f01_rgb.png,data/s4_roof/burst027_f01_depth.npy,s4_roof,1,1,1,1,1,1,1
data/s4_roof/burst027_f02_rgb.png,data/s4_roof/burst027_f02_depth.npy,s4_roof,1,1,1,1,1,1,1
data/s4_roof/burst027_f03_rgb.png,data/s4_roof/burst027_f03_depth.npy,s4_roof,1,1,1,1,1,1,1
data/s4_roof/burst027_f04_rgb.png,data/s4_roof/burst027_f04_depth.npy,s4_roof,1,1,1,1,1,1,1
data/s4_roof/burst027_f05_rgb.png,data/s4_roof/burst027_f05_depth.npy,s4_roof,1,1,1,1,1,1,1
data/s4_roof/burst027_f06_rgb.png,data/s4_roof/burst027_f06_depth.npy,s4_roof,1,1,1,1,1,1,1
data/s4_roof/burst027_f07_rgb.png,data/s4_roof/burst027_f07_depth.npy,s4_roof,1,1,1,1,1,1,1
data/s4_roof/burst027_f08_rgb.png,data/s4_roof/burst027_f08_depth.npy,s4_roof,1,1,1,1,1,1,1
data/s4_roof/burst027_f09_rgb.png,data/s4_roof/burst027_f09_depth.npy,s4_roof,1,1,1,1,1,1,1
data/s4_roof/burst028_f00_rgb.png,data/s4_roof/burst028_f00_depth.npy,s4_roof,1,1,1,1,1,1,1
data/s4_roof/burst028_f01_rgb.png,data/s4_roof/burst028_f01_depth.npy,s4_roof,1,1,1,1,1,1,1
data/s4_roof/burst028_f02_rgb.png,data/s4_roof/burst028_f02_depth.npy,s4_roof,1,1,1,1,1,1,1
data/s4_roof/burst028_f03_rgb.png,data/s4_roof/burst028_f03_depth.npy,s4_roof,1,1,1,1,1,1,1
data/s4_roof/burst028_f04_rgb.png,data/s4_roof/burst028_f04_depth.npy,s4_roof,1,1,1,1,1,1,1
data/s4_roof/burst028_f05_rgb.png,data/s4_roof/burst028_f05_depth.npy,s4_roof,1,1,1,1,1,1,1
data/s4_roof/burst028_f06_rgb.png,data/s4_roof/burst028_f06_depth.npy,s4_roof,1,1,1,1,1,1,1
data/s4_roof/burst028_f07_rgb.png,data/s4_roof/burst028_f07_depth.npy,s4_roof,1,1,1,1,1,1,1
data/s4_roof/burst028_f08_rgb.png,data/s4_roof/burst028_f08_depth.npy,s4_roof,1,1,1,1,1,1,1
data/s4_roof/burst028_f09_rgb.png,data/s4_roof/burst028_f09_depth.npy,s4_roof,1,1,1,1,1,1,1
data/s4_roof/burst029_f00_rgb.png,data/s4_roof/burst029_f00_depth.npy,s4_roof,1,1,1,1,1,1,1
data/s4_roof/burst029_f01_rgb.png,data/s4_roof/burst029_f01_depth.npy,s4_roof,1,1,1,1,1,1,1
data/s4_roof/burst029_f02_rgb.png,data/s4_roof/burst029_f02_depth.npy,s4_roof,1,1,1,1,1,1,1
data/s4_roof/burst029_f03_rgb.png,data/s4_roof/burst029_f03_depth.npy,s4_roof,1,1,1,1,1,1,1
data/s4_roof/burst029_f04_rgb.png,data/s4_roof/burst029_f04_depth.npy,s4_roof,1,1,1,1,1,1,1
data/s4_roof/burst029_f05_rgb.png,data/s4_roof/burst029_f05_depth.npy,s4_roof,1,1,1,1,1,1,1
data/s4_roof/burst029_f06_rgb.png,data/s4_roof/burst029_f06_depth.npy,s4_roof,1,1,1,1,1,1,1
data/s4_roof/burst029_f07_rgb.png,data/s4_roof/burst029_f07_depth.npy,s4_roof,1,1,1,1,1,1,1
data/s4_roof/burst029_f08_rgb.png,data/s4_roof/burst029_f08_depth.npy,s4_roof,1,1,1,1,1,1,1
data/s4_roof/burst029_f09_rgb.png,data/s4_roof/burst029_f09_depth.npy,s4_roof,1,1,1,1,1,1,1
data/s4_roof/burst030_f00_rgb.png,data/s4_roof/burst030_f00_depth.npy,s4_roof,1,1,1,1,1,1,1
data/s4_roof/burst030_f01_rgb.png,data/s4_roof/burst030_f01_depth.npy,s4_roof,1,1,1,1,1,1,1
data/s4_roof/burst030_f02_rgb.png,data/s4_roof/burst030_f02_depth.npy,s4_roof,1,1,1,1,1,1,1
data/s4_roof/burst030_f03_rgb.png,data/s4_roof/burst030_f03_depth.npy,s4_roof,1,1,1,1,1,1,1
data/s4_roof/burst030_f04_rgb.png,data/s4_roof/burst030_f04_depth.npy,s4_roof,1,1,1,1,1,1,1
data/s4_roof/burst030_f05_rgb.png,data/s4_roof/burst030_f05_depth.npy,s4_roof,1,1,1,1,1,1,1
data/s4_roof/burst030_f06_rgb.png,data/s4_roof/burst030_f06_depth.npy,s4_roof,1,1,1,1,1,1,1
data/s4_roof/burst030_f07_rgb.png,data/s4_roof/burst030_f07_depth.npy,s4_roof,1,1,1,1,1,1,1
data/s4_roof/burst030_f08_rgb.png,data/s4_roof/burst030_f08_depth.npy,s4_roof,1,1,1,1,1,1,1
data/s4_roof/burst030_f09_rgb.png,data/s4_roof/burst030_f09_depth.npy,s4_roof,1,1,1,1,1,1,1
data/s4_roof/burst031_f00_rgb.png,data/s4_roof/burst031_f00_depth.npy,s4_roof,1,1,1,1,1,1,1
data/s4_roof/burst031_f01_rgb.png,data/s4_roof/burst031_f01_depth.npy,s4_roof,1,1,1,1,1,1,1
data/s4_roof/burst031_f02_rgb.png,data/s4_roof/burst031_f02_depth.npy,s4_roof,1,1,1,1,1,1,1
data/s4_roof/burst031_f03_rgb.png,data/s4_roof/burst031_f03_depth.npy,s4_roof,1,1,1,1,1,1,1
data/s4_roof/burst031_f04_rgb.png,data/s4_roof/burst031_f04_depth.npy,s4_roof,1,1,1,1,1,1,1
data/s4_roof/burst031_f05_rgb.png,data/s4_roof/burst031_f05_depth.npy,s4_roof,1,1,1,1,1,1,1
data/s4_roof/burst031_f06_rgb.png,data/s4_roof/burst031_f06_depth.npy,s4_roof,1,1,1,1,1,1,1
data/s4_roof/burst031_f07_rgb.png,data/s4_roof/burst031_f07_depth.npy,s4_roof,1,1,1,1,1,1,1
data/s4_roof/burst031_f08_rgb.png,data/s4_roof/burst031_f08_depth.npy,s4_roof,1,1,1,1,1,1,1
data/s4_roof/burst031_f09_rgb.png,data/s4_roof/burst031_f09_depth.npy,s4_roof,1,1,1,1,1,1,1
data/s4_roof/burst032_f00_rgb.png,data/s4_roof/burst032_f00_depth.npy,s4_roof,1,1,1,1,1,1,1
data/s4_roof/burst032_f01_rgb.png,data/s4_roof/burst032_f01_depth.npy,s4_roof,1,1,1,1,1,1,1
data/s4_roof/burst032_f02_rgb.png,data/s4_roof/burst032_f02_depth.npy,s4_roof,1,1,1,1,1,1,1
data/s4_roof/burst032_f03_rgb.png,data/s4_roof/burst032_f03_depth.npy,s4_roof,1,1,1,1,1,1,1
data/s4_roof/burst032_f04_rgb.png,data/s4_roof/burst032_f04_depth.npy,s4_roof,1,1,1,1,1,1,1
data/s4_roof/burst032_f05_rgb.png,data/s4_roof/burst032_f05_depth.npy,s4_roof,1,1,1,1,1,1,1
data/s4_roof/burst032_f06_rgb.png,data/s4_roof/burst032_f06_depth.npy,s4_roof,1,1,1,1,1,1,1
data/s4_roof/burst032_f07_rgb.png,data/s4_roof/burst032_f07_depth.npy,s4_roof,1,1,1,1,1,1,1
data/s4_roof/burst032_f08_rgb.png,data/s4_roof/burst032_f08_depth.npy,s4_roof,1,1,1,1,1,1,1
data/s4_roof/burst032_f09_rgb.png,data/s4_roof/burst032_f09_depth.npy,s4_roof,1,1,1,1,1,1,1
data/s4_roof/burst033_f00_rgb.png,data/s4_roof/burst033_f00_depth.npy,s4_roof,1,1,1,1,1,1,1
data/s4_roof/burst033_f01_rgb.png,data/s4_roof/burst033_f01_depth.npy,s4_roof,1,1,1,1,1,1,1
data/s4_roof/burst033_f02_rgb.png,data/s4_roof/burst033_f02_depth.npy,s4_roof,1,1,1,1,1,1,1
data/s4_roof/burst033_f03_rgb.png,data/s4_roof/burst033_f03_depth.npy,s4_roof,1,1,1,1,1,1,1
data/s4_roof/burst033_f04_rgb.png,data/s4_roof/burst033_f04_depth.npy,s4_roof,1,1,1,1,1,1,1
data/s4_roof/burst033_f05_rgb.png,data/s4_roof/burst033_f05_depth.npy,s4_roof,1,1,1,1,1,1,1
data/s4_roof/burst033_f06_rgb.png,data/s4_roof/burst033_f06_depth.npy,s4_roof,1,1,1,1,1,1,1
data/s4_roof/burst033_f07_rgb.png,data/s4_roof/burst033_f07_depth.npy,s4_roof,1,1,1,1,1,1,1
data/s4_roof/burst033_f08_rgb.png,data/s4_roof/burst033_f08_depth.npy,s4_roof,1,1,1,1,1,1,1
data/s4_roof/burst033_f09_rgb.png,data/s4_roof/burst033_f09_depth.npy,s4_roof,1,1,1,1,1,1,1
data/s4_roof/burst034_f00_rgb.png,data/s4_roof/burst034_f00_depth.npy,s4_roof,1,1,1,1,1,1,1
data/s4_roof/burst034_f01_rgb.png,data/s4_roof/burst034_f01_depth.npy,s4_roof,1,1,1,1,1,1,1
data/s4_roof/burst034_f02_rgb.png,data/s4_roof/burst034_f02_depth.npy,s4_roof,1,1,1,1,1,1,1
data/s4_roof/burst034_f03_rgb.png,data/s4_roof/burst034_f03_depth.npy,s4_roof,1,1,1,1,1,1,1
data/s4_roof/burst034_f04_rgb.png,data/s4_roof/burst034_f04_depth.npy,s4_roof,1,1,1,1,1,1,1
data/s4_roof/burst034_f05_rgb.png,data/s4_roof/burst034_f05_depth.npy,s4_roof,1,1,1,1,1,1,1
data/s4_roof/burst034_f06_rgb.png,data/s4_roof/burst034_f06_depth.npy,s4_roof,1,1,1,1,1,1,1
data/s4_roof/burst034_f07_rgb.png,data/s4_roof/burst034_f07_depth.npy,s4_roof,1,1,1,1,1,1,1
data/s4_roof/burst034_f08_rgb.png,data/s4_roof/burst034_f08_depth.npy,s4_roof,1,1,1,1,1,1,1
data/s4_roof/burst034_f09_rgb.png,data/s4_roof/burst034_f09_depth.npy,s4_roof,1,1,1,1,1,1,1
data/s4_roof/burst035_f00_rgb.png,data/s4_roof/burst035_f00_depth.npy,s4_roof,1,1,1,1,1,1,1
data/s4_roof/burst035_f01_rgb.png,data/s4_roof/burst035_f01_depth.npy,s4_roof,1,1,1,1,1,1,1
data/s4_roof/burst035_f02_rgb.png,data/s4_roof/burst035_f02_depth.npy,s4_roof,1,1,1,1,1,1,1
data/s4_roof/burst035_f03_rgb.png,data/s4_roof/burst035_f03_depth.npy,s4_roof,1,1,1,1,1,1,1
data/s4_roof/burst035_f04_rgb.png,data/s4_roof/burst035_f04_depth.npy,s4_roof,1,1,1,1,1,1,1
data/s4_roof/burst035_f05_rgb.png,data/s4_roof/burst035_f05_depth.npy,s4_roof,1,1,1,1,1,1,1
data/s4_roof/burst035_f06_rgb.png,data/s4_roof/burst035_f06_depth.npy,s4_roof,1,1,1,1,1,1,1
data/s4_roof/burst035_f07_rgb.png,data/s4_roof/burst035_f07_depth.npy,s4_roof,1,1,1,1,1,1,1
data/s4_roof/burst035_f08_rgb.png,data/s4_roof/burst035_f08_depth.npy,s4_roof,1,1,1,1,1,1,1
data/s4_roof/burst035_f09_rgb.png,data/s4_roof/burst035_f09_depth.npy,s4_roof,1,1,1,1,1,1,1
data/s4_roof/burst036_f00_rgb.png,data/s4_roof/burst036_f00_depth.npy,s4_roof,1,1,1,1,1,1,1
data/s4_roof/burst036_f01_rgb.png,data/s4_roof/burst036_f01_depth.npy,s4_roof,1,1,1,1,1,1,1
data/s4_roof/burst036_f02_rgb.png,data/s4_roof/burst036_f02_depth.npy,s4_roof,1,1,1,1,1,1,1
data/s4_roof/burst036_f03_rgb.png,data/s4_roof/burst036_f03_depth.npy,s4_roof,1,1,1,1,1,1,1
data/s4_roof/burst036_f04_rgb.png,data/s4_roof/burst036_f04_depth.npy,s4_roof,1,1,1,1,1,1,1
data/s4_roof/burst036_f05_rgb.png,data/s4_roof/burst036_f05_depth.npy,s4_roof,1,1,1,1,1,1,1
data/s4_roof/burst036_f06_rgb.png,data/s4_roof/burst036_f06_depth.npy,s4_roof,1,1,1,1,1,1,1
data/s4_roof/burst036_f07_rgb.png,data/s4_roof/burst036_f07_depth.npy,s4_roof,1,1,1,1,1,1,1
data/s4_roof/burst036_f08_rgb.png,data/s4_roof/burst036_f08_depth.npy,s4_roof,1,1,1,1,1,1,1
data/s4_roof/burst036_f09_rgb.png,data/s4_roof/burst036_f09_depth.npy,s4_roof,1,1,1,1,1,1,1
data/s4_roof/burst037_f00_rgb.png,data/s4_roof/burst037_f00_depth.npy,s4_roof,1,1,1,1,1,1,1
data/s4_roof/burst037_f01_rgb.png,data/s4_roof/burst037_f01_depth.npy,s4_roof,1,1,1,1,1,1,1
data/s4_roof/burst037_f02_rgb.png,data/s4_roof/burst037_f02_depth.npy,s4_roof,1,1,1,1,1,1,1
data/s4_roof/burst037_f03_rgb.png,data/s4_roof/burst037_f03_depth.npy,s4_roof,1,1,1,1,1,1,1
data/s4_roof/burst037_f04_rgb.png,data/s4_roof/burst037_f04_depth.npy,s4_roof,1,1,1,1,1,1,1
data/s4_roof/burst037_f05_rgb.png,data/s4_roof/burst037_f05_depth.npy,s4_roof,1,1,1,1,1,1,1
data/s4_roof/burst037_f06_rgb.png,data/s4_roof/burst037_f06_depth.npy,s4_roof,1,1,1,1,1,1,1
data/s4_roof/burst037_f07_rgb.png,data/s4_roof/burst037_f07_depth.npy,s4_roof,1,1,1,1,1,1,1
data/s4_roof/burst037_f08_rgb.png,data/s4_roof/burst037_f08_depth.npy,s4_roof,1,1,1,1,1,1,1
data/s4_roof/burst037_f09_rgb.png,data/s4_roof/burst037_f09_depth.npy,s4_roof,1,1,1,1,1,1,1
data/s4_roof/burst038_f00_rgb.png,data/s4_roof/burst038_f00_depth.npy,s4_roof,1,1,1,1,1,1,1
data/s4_roof/burst038_f01_rgb.png,data/s4_roof/burst038_f01_depth.npy,s4_roof,1,1,1,1,1,1,1
data/s4_roof/burst038_f02_rgb.png,data/s4_roof/burst038_f02_depth.npy,s4_roof,1,1,1,1,1,1,1
data/s4_roof/burst038_f03_rgb.png,data/s4_roof/burst038_f03_depth.npy,s4_roof,1,1,1,1,1,1,1
data/s4_roof/burst038_f04_rgb.png,data/s4_roof/burst038_f04_depth.npy,s4_roof,1,1,1,1,1,1,1
data/s4_roof/burst038_f05_rgb.png,data/s4_roof/burst038_f05_depth.npy,s4_roof,1,1,1,1,1,1,1
data/s4_roof/burst038_f06_rgb.png,data/s4_roof/burst038_f06_depth.npy,s4_roof,1,1,1,1,1,1,1
data/s4_roof/burst038_f07_rgb.png,data/s4_roof/burst038_f07_depth.npy,s4_roof,1,1,1,1,1,1,1
data/s4_roof/burst038_f08_rgb.png,data/s4_roof/burst038_f08_depth.npy,s4_roof,1,1,1,1,1,1,1
data/s4_roof/burst038_f09_rgb.png,data/s4_roof/burst038_f09_depth.npy,s4_roof,1,1,1,1,1,1,1
data/s4_roof/burst039_f00_rgb.png,data/s4_roof/burst039_f00_depth.npy,s4_roof,1,1,1,1,1,1,1
data/s4_roof/burst039_f01_rgb.png,data/s4_roof/burst039_f01_depth.npy,s4_roof,1,1,1,1,1,1,1
data/s4_roof/burst039_f02_rgb.png,data/s4_roof/burst039_f02_depth.npy,s4_roof,1,1,1,1,1,1,1
data/s4_roof/burst039_f03_rgb.png,data/s4_roof/burst039_f03_depth.npy,s4_roof,1,1,1,1,1,1,1
data/s4_roof/burst039_f04_rgb.png,data/s4_roof/burst039_f04_depth.npy,s4_roof,1,1,1,1,1,1,1
data/s4_roof/burst039_f05_rgb.png,data/s4_roof/burst039_f05_depth.npy,s4_roof,1,1,1,1,1,1,1
data/s4_roof/burst039_f06_rgb.png,data/s4_roof/burst039_f06_depth.npy,s4_roof,1,1,1,1,1,1,1
data/s4_roof/burst039_f07_rgb.png,data/s4_roof/burst039_f07_depth.npy,s4_roof,1,1,1,1,1,1,1
data/s4_roof/burst039_f08_rgb.png,data/s4_roof/burst039_f08_depth.npy,s4_roof,1,1,1,1,1,1,1
data/s4_roof/burst039_f09_rgb.png,data/s4_roof/burst039_f09_depth.npy,s4_roof,1,1,1,1,1,1,1
data/s4_roof/burst040_f00_rgb.png,data/s4_roof/burst040_f00_depth.npy,s4_roof,1,1,1,1,1,1,1
data/s4_roof/burst040_f01_rgb.png,data/s4_roof/burst040_f01_depth.npy,s4_roof,1,1,1,1,1,1,1
data/s4_roof/burst040_f02_rgb.png,data/s4_roof/burst040_f02_depth.npy,s4_roof,1,1,1,1,1,1,1
data/s4_roof/burst040_f03_rgb.png,data/s4_roof/burst040_f03_depth.npy,s4_roof,1,1,1,1,1,1,1
data/s4_roof/burst040_f04_rgb.png,data/s4_roof/burst040_f04_depth.npy,s4_roof,1,1,1,1,1,1,1
data/s4_roof/burst040_f05_rgb.png,data/s4_roof/burst040_f05_depth.npy,s4_roof,1,1,1,1,1,1,1
data/s4_roof/burst040_f06_rgb.png,data/s4_roof/burst040_f06_depth.npy,s4_roof,1,1,1,1,1,1,1
data/s4_roof/burst040_f07_rgb.png,data/s4_roof/burst040_f07_depth.npy,s4_roof,1,1,1,1,1,1,1
data/s4_roof/burst040_f08_rgb.png,data/s4_roof/burst040_f08_depth.npy,s4_roof,1,1,1,1,1,1,1
data/s4_roof/burst040_f09_rgb.png,data/s4_roof/burst040_f09_depth.npy,s4_roof,1,1,1,1,1,1,1
data/s4_roof/burst041_f00_rgb.png,data/s4_roof/burst041_f00_depth.npy,s4_roof,1,1,1,1,1,1,1
data/s4_roof/burst041_f01_rgb.png,data/s4_roof/burst041_f01_depth.npy,s4_roof,1,1,1,1,1,1,1
data/s4_roof/burst041_f02_rgb.png,data/s4_roof/burst041_f02_depth.npy,s4_roof,1,1,1,1,1,1,1
data/s4_roof/burst041_f03_rgb.png,data/s4_roof/burst041_f03_depth.npy,s4_roof,1,1,1,1,1,1,1
data/s4_roof/burst041_f04_rgb.png,data/s4_roof/burst041_f04_depth.npy,s4_roof,1,1,1,1,1,1,1
data/s4_roof/burst041_f05_rgb.png,data/s4_roof/burst041_f05_depth.npy,s4_roof,1,1,1,1,1,1,1
data/s4_roof/burst041_f06_rgb.png,data/s4_roof/burst041_f06_depth.npy,s4_roof,1,1,1,1,1,1,1
data/s4_roof/burst041_f07_rgb.png,data/s4_roof/burst041_f07_depth.npy,s4_roof,1,1,1,1,1,1,1
data/s4_roof/burst041_f08_rgb.png,data/s4_roof/burst041_f08_depth.npy,s4_roof,1,1,1,1,1,1,1
data/s4_roof/burst041_f09_rgb.png,data/s4_roof/burst041_f09_depth.npy,s4_roof,1,1,1,1,1,1,1
data/s4_roof/burst042_f00_rgb.png,data/s4_roof/burst042_f00_depth.npy,s4_roof,1,1,1,1,1,1,1
data/s4_roof/burst042_f01_rgb.png,data/s4_roof/burst042_f01_depth.npy,s4_roof,1,1,1,1,1,1,1
data/s4_roof/burst042_f02_rgb.png,data/s4_roof/burst042_f02_depth.npy,s4_roof,1,1,1,1,1,1,1
data/s4_roof/burst042_f03_rgb.png,data/s4_roof/burst042_f03_depth.npy,s4_roof,1,1,1,1,1,1,1
data/s4_roof/burst042_f04_rgb.png,data/s4_roof/burst042_f04_depth.npy,s4_roof,1,1,1,1,1,1,1
data/s4_roof/burst042_f05_rgb.png,data/s4_roof/burst042_f05_depth.npy,s4_roof,1,1,1,1,1,1,1
data/s4_roof/burst042_f06_rgb.png,data/s4_roof/burst042_f06_depth.npy,s4_roof,1,1,1,1,1,1,1
data/s4_roof/burst042_f07_rgb.png,data/s4_roof/burst042_f07_depth.npy,s4_roof,1,1,1,1,1,1,1
data/s4_roof/burst042_f08_rgb.png,data/s4_roof/burst042_f08_depth.npy,s4_roof,1,1,1,1,1,1,1
data/s4_roof/burst042_f09_rgb.png,data/s4_roof/burst042_f09_depth.npy,s4_roof,1,1,1,1,1,1,1
data/s4_roof/burst043_f00_rgb.png,data/s4_roof/burst043_f00_depth.npy,s4_roof,1,1,1,1,1,1,1
data/s4_roof/burst043_f01_rgb.png,data/s4_roof/burst043_f01_depth.npy,s4_roof,1,1,1,1,1,1,1
data/s4_roof/burst043_f02_rgb.png,data/s4_roof/burst043_f02_depth.npy,s4_roof,1,1,1,1,1,1,1
data/s4_roof/burst043_f03_rgb.png,data/s4_roof/burst043_f03_depth.npy,s4_roof,1,1,1,1,1,1,1
data/s4_roof/burst043_f04_rgb.png,data/s4_roof/burst043_f04_depth.npy,s4_roof,1,1,1,1,1,1,1
data/s4_roof/burst043_f05_rgb.png,data/s4_roof/burst043_f05_depth.npy,s4_roof,1,1,1,1,1,1,1
data/s4_roof/burst043_f06_rgb.png,data/s4_roof/burst043_f06_depth.npy,s4_roof,1,1,1,1,1,1,1
data/s4_roof/burst043_f07_rgb.png,data/s4_roof/burst043_f07_depth.npy,s4_roof,1,1,1,1,1,1,1
data/s4_roof/burst043_f08_rgb.png,data/s4_roof/burst043_f08_depth.npy,s4_roof,1,1,1,1,1,1,1
data/s4_roof/burst043_f09_rgb.png,data/s4_roof/burst043_f09_depth.npy,s4_roof,1,1,1,1,1,1,1
data/s4_roof/burst044_f00_rgb.png,data/s4_roof/burst044_f00_depth.npy,s4_roof,1,1,1,1,1,1,1
data/s4_roof/burst044_f01_rgb.png,data/s4_roof/burst044_f01_depth.npy,s4_roof,1,1,1,1,1,1,1
data/s4_roof/burst044_f02_rgb.png,data/s4_roof/burst044_f02_depth.npy,s4_roof,1,1,1,1,1,1,1
data/s4_roof/burst044_f03_rgb.png,data/s4_roof/burst044_f03_depth.npy,s4_roof,1,1,1,1,1,1,1
data/s4_roof/burst044_f04_rgb.png,data/s4_roof/burst044_f04_depth.npy,s4_roof,1,1,1,1,1,1,1
data/s4_roof/burst044_f05_rgb.png,data/s4_roof/burst044_f05_depth.npy,s4_roof,1,1,1,1,1,1,1
data/s4_roof/burst044_f06_rgb.png,data/s4_roof/burst044_f06_depth.npy,s4_roof,1,1,1,1,1,1,1
data/s4_roof/burst044_f07_rgb.png,data/s4_roof/burst044_f07_depth.npy,s4_roof,1,1,1,1,1,1,1
data/s4_roof/burst044_f08_rgb.png,data/s4_roof/burst044_f08_depth.npy,s4_roof,1,1,1,1,1,1,1
data/s4_roof/burst044_f09_rgb.png,data/s4_roof/burst044_f09_depth.npy,s4_roof,1,1,1,1,1,1,1
data/s4_roof_only/burst000_f00_rgb.png,data/s4_roof_only/burst000_f00_depth.npy,s4_roof_only,1,0,0,0,0,0,1
data/s4_roof_only/burst000_f01_rgb.png,data/s4_roof_only/burst000_f01_depth.npy,s4_roof_only,1,0,0,0,0,0,1
data/s4_roof_only/burst000_f02_rgb.png,data/s4_roof_only/burst000_f02_depth.npy,s4_roof_only,1,0,0,0,0,0,1
data/s4_roof_only/burst000_f03_rgb.png,data/s4_roof_only/burst000_f03_depth.npy,s4_roof_only,1,0,0,0,0,0,1
data/s4_roof_only/burst000_f04_rgb.png,data/s4_roof_only/burst000_f04_depth.npy,s4_roof_only,1,0,0,0,0,0,1
data/s4_roof_only/burst000_f05_rgb.png,data/s4_roof_only/burst000_f05_depth.npy,s4_roof_only,1,0,0,0,0,0,1
data/s4_roof_only/burst000_f06_rgb.png,data/s4_roof_only/burst000_f06_depth.npy,s4_roof_only,1,0,0,0,0,0,1
data/s4_roof_only/burst000_f07_rgb.png,data/s4_roof_only/burst000_f07_depth.npy,s4_roof_only,1,0,0,0,0,0,1
data/s4_roof_only/burst000_f08_rgb.png,data/s4_roof_only/burst000_f08_depth.npy,s4_roof_only,1,0,0,0,0,0,1
data/s4_roof_only/burst000_f09_rgb.png,data/s4_roof_only/burst000_f09_depth.npy,s4_roof_only,1,0,0,0,0,0,1
data/s4_roof_only/burst001_f00_rgb.png,data/s4_roof_only/burst001_f00_depth.npy,s4_roof_only,1,0,0,0,0,0,1
data/s4_roof_only/burst001_f01_rgb.png,data/s4_roof_only/burst001_f01_depth.npy,s4_roof_only,1,0,0,0,0,0,1
data/s4_roof_only/burst001_f02_rgb.png,data/s4_roof_only/burst001_f02_depth.npy,s4_roof_only,1,0,0,0,0,0,1
data/s4_roof_only/burst001_f03_rgb.png,data/s4_roof_only/burst001_f03_depth.npy,s4_roof_only,1,0,0,0,0,0,1
data/s4_roof_only/burst001_f04_rgb.png,data/s4_roof_only/burst001_f04_depth.npy,s4_roof_only,1,0,0,0,0,0,1
data/s4_roof_only/burst001_f05_rgb.png,data/s4_roof_only/burst001_f05_depth.npy,s4_roof_only,1,0,0,0,0,0,1
data/s4_roof_only/burst001_f06_rgb.png,data/s4_roof_only/burst001_f06_depth.npy,s4_roof_only,1,0,0,0,0,0,1
data/s4_roof_only/burst001_f07_rgb.png,data/s4_roof_only/burst001_f07_depth.npy,s4_roof_only,1,0,0,0,0,0,1
data/s4_roof_only/burst001_f08_rgb.png,data/s4_roof_only/burst001_f08_depth.npy,s4_roof_only,1,0,0,0,0,0,1
data/s4_roof_only/burst001_f09_rgb.png,data/s4_roof_only/burst001_f09_depth.npy,s4_roof_only,1,0,0,0,0,0,1
data/s4_roof_only/burst002_f00_rgb.png,data/s4_roof_only/burst002_f00_depth.npy,s4_roof_only,1,0,0,0,0,0,1
data/s4_roof_only/burst002_f01_rgb.png,data/s4_roof_only/burst002_f01_depth.npy,s4_roof_only,1,0,0,0,0,0,1
data/s4_roof_only/burst002_f02_rgb.png,data/s4_roof_only/burst002_f02_depth.npy,s4_roof_only,1,0,0,0,0,0,1
data/s4_roof_only/burst002_f03_rgb.png,data/s4_roof_only/burst002_f03_depth.npy,s4_roof_only,1,0,0,0,0,0,1
data/s4_roof_only/burst002_f04_rgb.png,data/s4_roof_only/burst002_f04_depth.npy,s4_roof_only,1,0,0,0,0,0,1
data/s4_roof_only/burst002_f05_rgb.png,data/s4_roof_only/burst002_f05_depth.npy,s4_roof_only,1,0,0,0,0,0,1
data/s4_roof_only/burst002_f06_rgb.png,data/s4_roof_only/burst002_f06_depth.npy,s4_roof_only,1,0,0,0,0,0,1
data/s4_roof_only/burst002_f07_rgb.png,data/s4_roof_only/burst002_f07_depth.npy,s4_roof_only,1,0,0,0,0,0,1
data/s4_roof_only/burst002_f08_rgb.png,data/s4_roof_only/burst002_f08_depth.npy,s4_roof_only,1,0,0,0,0,0,1
data/s4_roof_only/burst002_f09_rgb.png,data/s4_roof_only/burst002_f09_depth.npy,s4_roof_only,1,0,0,0,0,0,1
data/s4_roof_only/burst003_f00_rgb.png,data/s4_roof_only/burst003_f00_depth.npy,s4_roof_only,1,0,0,0,0,0,1
data/s4_roof_only/burst003_f01_rgb.png,data/s4_roof_only/burst003_f01_depth.npy,s4_roof_only,1,0,0,0,0,0,1
data/s4_roof_only/burst003_f02_rgb.png,data/s4_roof_only/burst003_f02_depth.npy,s4_roof_only,1,0,0,0,0,0,1
data/s4_roof_only/burst003_f03_rgb.png,data/s4_roof_only/burst003_f03_depth.npy,s4_roof_only,1,0,0,0,0,0,1
data/s4_roof_only/burst003_f04_rgb.png,data/s4_roof_only/burst003_f04_depth.npy,s4_roof_only,1,0,0,0,0,0,1
data/s4_roof_only/burst003_f05_rgb.png,data/s4_roof_only/burst003_f05_depth.npy,s4_roof_only,1,0,0,0,0,0,1
data/s4_roof_only/burst003_f06_rgb.png,data/s4_roof_only/burst003_f06_depth.npy,s4_roof_only,1,0,0,0,0,0,1
data/s4_roof_only/burst003_f07_rgb.png,data/s4_roof_only/burst003_f07_depth.npy,s4_roof_only,1,0,0,0,0,0,1
data/s4_roof_only/burst003_f08_rgb.png,data/s4_roof_only/burst003_f08_depth.npy,s4_roof_only,1,0,0,0,0,0,1
data/s4_roof_only/burst003_f09_rgb.png,data/s4_roof_only/burst003_f09_depth.npy,s4_roof_only,1,0,0,0,0,0,1
data/s4_roof_only/burst004_f00_rgb.png,data/s4_roof_only/burst004_f00_depth.npy,s4_roof_only,1,0,0,0,0,0,1
data/s4_roof_only/burst004_f01_rgb.png,data/s4_roof_only/burst004_f01_depth.npy,s4_roof_only,1,0,0,0,0,0,1
data/s4_roof_only/burst004_f02_rgb.png,data/s4_roof_only/burst004_f02_depth.npy,s4_roof_only,1,0,0,0,0,0,1
data/s4_roof_only/burst004_f03_rgb.png,data/s4_roof_only/burst004_f03_depth.npy,s4_roof_only,1,0,0,0,0,0,1
data/s4_roof_only/burst004_f04_rgb.png,data/s4_roof_only/burst004_f04_depth.npy,s4_roof_only,1,0,0,0,0,0,1
data/s4_roof_only/burst004_f05_rgb.png,data/s4_roof_only/burst004_f05_depth.npy,s4_roof_only,1,0,0,0,0,0,1
data/s4_roof_only/burst004_f06_rgb.png,data/s4_roof_only/burst004_f06_depth.npy,s4_roof_only,1,0,0,0,0,0,1
data/s4_roof_only/burst004_f07_rgb.png,data/s4_roof_only/burst004_f07_depth.npy,s4_roof_only,1,0,0,0,0,0,1
data/s4_roof_only/burst004_f08_rgb.png,data/s4_roof_only/burst004_f08_depth.npy,s4_roof_only,1,0,0,0,0,0,1
data/s4_roof_only/burst004_f09_rgb.png,data/s4_roof_only/burst004_f09_depth.npy,s4_roof_only,1,0,0,0,0,0,1
data/s4_roof_only/burst005_f00_rgb.png,data/s4_roof_only/burst005_f00_depth.npy,s4_roof_only,1,0,0,0,0,0,1
data/s4_roof_only/burst005_f01_rgb.png,data/s4_roof_only/burst005_f01_depth.npy,s4_roof_only,1,0,0,0,0,0,1
data/s4_roof_only/burst005_f02_rgb.png,data/s4_roof_only/burst005_f02_depth.npy,s4_roof_only,1,0,0,0,0,0,1
data/s4_roof_only/burst005_f03_rgb.png,data/s4_roof_only/burst005_f03_depth.npy,s4_roof_only,1,0,0,0,0,0,1
data/s4_roof_only/burst005_f04_rgb.png,data/s4_roof_only/burst005_f04_depth.npy,s4_roof_only,1,0,0,0,0,0,1
data/s4_roof_only/burst005_f05_rgb.png,data/s4_roof_only/burst005_f05_depth.npy,s4_roof_only,1,0,0,0,0,0,1
data/s4_roof_only/burst005_f06_rgb.png,data/s4_roof_only/burst005_f06_depth.npy,s4_roof_only,1,0,0,0,0,0,1
data/s4_roof_only/burst005_f07_rgb.png,data/s4_roof_only/burst005_f07_depth.npy,s4_roof_only,1,0,0,0,0,0,1
data/s4_roof_only/burst005_f08_rgb.png,data/s4_roof_only/burst005_f08_depth.npy,s4_roof_only,1,0,0,0,0,0,1
data/s4_roof_only/burst005_f09_rgb.png,data/s4_roof_only/burst005_f09_depth.npy,s4_roof_only,1,0,0,0,0,0,1
data/s4_roof_only/burst006_f00_rgb.png,data/s4_roof_only/burst006_f00_depth.npy,s4_roof_only,1,0,0,0,0,0,1
data/s4_roof_only/burst006_f01_rgb.png,data/s4_roof_only/burst006_f01_depth.npy,s4_roof_only,1,0,0,0,0,0,1
data/s4_roof_only/burst006_f02_rgb.png,data/s4_roof_only/burst006_f02_depth.npy,s4_roof_only,1,0,0,0,0,0,1
data/s4_roof_only/burst006_f03_rgb.png,data/s4_roof_only/burst006_f03_depth.npy,s4_roof_only,1,0,0,0,0,0,1
data/s4_roof_only/burst006_f04_rgb.png,data/s4_roof_only/burst006_f04_depth.npy,s4_roof_only,1,0,0,0,0,0,1
data/s4_roof_only/burst006_f05_rgb.png,data/s4_roof_only/burst006_f05_depth.npy,s4_roof_only,1,0,0,0,0,0,1
data/s4_roof_only/burst006_f06_rgb.png,data/s4_roof_only/burst006_f06_depth.npy,s4_roof_only,1,0,0,0,0,0,1
data/s4_roof_only/burst006_f07_rgb.png,data/s4_roof_only/burst006_f07_depth.npy,s4_roof_only,1,0,0,0,0,0,1
data/s4_roof_only/burst006_f08_rgb.png,data/s4_roof_only/burst006_f08_depth.npy,s4_roof_only,1,0,0,0,0,0,1
data/s4_roof_only/burst006_f09_rgb.png,data/s4_roof_only/burst006_f09_depth.npy,s4_roof_only,1,0,0,0,0,0,1
data/s4_roof_only/burst007_f00_rgb.png,data/s4_roof_only/burst007_f00_depth.npy,s4_roof_only,1,0,0,0,0,0,1
data/s4_roof_only/burst007_f01_rgb.png,data/s4_roof_only/burst007_f01_depth.npy,s4_roof_only,1,0,0,0,0,0,1
data/s4_roof_only/burst007_f02_rgb.png,data/s4_roof_only/burst007_f02_depth.npy,s4_roof_only,1,0,0,0,0,0,1
data/s4_roof_only/burst007_f03_rgb.png,data/s4_roof_only/burst007_f03_depth.npy,s4_roof_only,1,0,0,0,0,0,1
data/s4_roof_only/burst007_f04_rgb.png,data/s4_roof_only/burst007_f04_depth.npy,s4_roof_only,1,0,0,0,0,0,1
data/s4_roof_only/burst007_f05_rgb.png,data/s4_roof_only/burst007_f05_depth.npy,s4_roof_only,1,0,0,0,0,0,1
data/s4_roof_only/burst007_f06_rgb.png,data/s4_roof_only/burst007_f06_depth.npy,s4_roof_only,1,0,0,0,0,0,1
data/s4_roof_only/burst007_f07_rgb.png,data/s4_roof_only/burst007_f07_depth.npy,s4_roof_only,1,0,0,0,0,0,1
data/s4_roof_only/burst007_f08_rgb.png,data/s4_roof_only/burst007_f08_depth.npy,s4_roof_only,1,0,0,0,0,0,1
data/s4_roof_only/burst007_f09_rgb.png,data/s4_roof_only/burst007_f09_depth.npy,s4_roof_only,1,0,0,0,0,0,1
data/s4_roof_only/burst008_f00_rgb.png,data/s4_roof_only/burst008_f00_depth.npy,s4_roof_only,1,0,0,0,0,0,1
data/s4_roof_only/burst008_f01_rgb.png,data/s4_roof_only/burst008_f01_depth.npy,s4_roof_only,1,0,0,0,0,0,1
data/s4_roof_only/burst008_f02_rgb.png,data/s4_roof_only/burst008_f02_depth.npy,s4_roof_only,1,0,0,0,0,0,1
data/s4_roof_only/burst008_f03_rgb.png,data/s4_roof_only/burst008_f03_depth.npy,s4_roof_only,1,0,0,0,0,0,1
data/s4_roof_only/burst008_f04_rgb.png,data/s4_roof_only/burst008_f04_depth.npy,s4_roof_only,1,0,0,0,0,0,1
data/s4_roof_only/burst008_f05_rgb.png,data/s4_roof_only/burst008_f05_depth.npy,s4_roof_only,1,0,0,0,0,0,1
data/s4_roof_only/burst008_f06_rgb.png,data/s4_roof_only/burst008_f06_depth.npy,s4_roof_only,1,0,0,0,0,0,1
data/s4_roof_only/burst008_f07_rgb.png,data/s4_roof_only/burst008_f07_depth.npy,s4_roof_only,1,0,0,0,0,0,1
data/s4_roof_only/burst008_f08_rgb.png,data/s4_roof_only/burst008_f08_depth.npy,s4_roof_only,1,0,0,0,0,0,1
data/s4_roof_only/burst008_f09_rgb.png,data/s4_roof_only/burst008_f09_depth.npy,s4_roof_only,1,0,0,0,0,0,1
data/s4_roof_only/burst009_f00_rgb.png,data/s4_roof_only/burst009_f00_depth.npy,s4_roof_only,1,0,0,0,0,0,1
data/s4_roof_only/burst009_f01_rgb.png,data/s4_roof_only/burst009_f01_depth.npy,s4_roof_only,1,0,0,0,0,0,1
data/s4_roof_only/burst009_f02_rgb.png,data/s4_roof_only/burst009_f02_depth.npy,s4_roof_only,1,0,0,0,0,0,1
data/s4_roof_only/burst009_f03_rgb.png,data/s4_roof_only/burst009_f03_depth.npy,s4_roof_only,1,0,0,0,0,0,1
data/s4_roof_only/burst009_f04_rgb.png,data/s4_roof_only/burst009_f04_depth.npy,s4_roof_only,1,0,0,0,0,0,1
data/s4_roof_only/burst009_f05_rgb.png,data/s4_roof_only/burst009_f05_depth.npy,s4_roof_only,1,0,0,0,0,0,1
data/s4_roof_only/burst009_f06_rgb.png,data/s4_roof_only/burst009_f06_depth.npy,s4_roof_only,1,0,0,0,0,0,1
data/s4_roof_only/burst009_f07_rgb.png,data/s4_roof_only/burst009_f07_depth.npy,s4_roof_only,1,0,0,0,0,0,1
data/s4_roof_only/burst009_f08_rgb.png,data/s4_roof_only/burst009_f08_depth.npy,s4_roof_only,1,0,0,0,0,0,1
data/s4_roof_only/burst009_f09_rgb.png,data/s4_roof_only/burst009_f09_depth.npy,s4_roof_only,1,0,0,0,0,0,1
data/s4_roof_only/burst010_f00_rgb.png,data/s4_roof_only/burst010_f00_depth.npy,s4_roof_only,1,0,0,0,0,0,1
data/s4_roof_only/burst010_f01_rgb.png,data/s4_roof_only/burst010_f01_depth.npy,s4_roof_only,1,0,0,0,0,0,1
data/s4_roof_only/burst010_f02_rgb.png,data/s4_roof_only/burst010_f02_depth.npy,s4_roof_only,1,0,0,0,0,0,1
data/s4_roof_only/burst010_f03_rgb.png,data/s4_roof_only/burst010_f03_depth.npy,s4_roof_only,1,0,0,0,0,0,1
data/s4_roof_only/burst010_f04_rgb.png,data/s4_roof_only/burst010_f04_depth.npy,s4_roof_only,1,0,0,0,0,0,1
data/s4_roof_only/burst010_f05_rgb.png,data/s4_roof_only/burst010_f05_depth.npy,s4_roof_only,1,0,0,0,0,0,1
data/s4_roof_only/burst010_f06_rgb.png,data/s4_roof_only/burst010_f06_depth.npy,s4_roof_only,1,0,0,0,0,0,1
data/s4_roof_only/burst010_f07_rgb.png,data/s4_roof_only/burst010_f07_depth.npy,s4_roof_only,1,0,0,0,0,0,1
data/s4_roof_only/burst010_f08_rgb.png,data/s4_roof_only/burst010_f08_depth.npy,s4_roof_only,1,0,0,0,0,0,1
data/s4_roof_only/burst010_f09_rgb.png,data/s4_roof_only/burst010_f09_depth.npy,s4_roof_only,1,0,0,0,0,0,1
data/s4_roof_only/burst011_f00_rgb.png,data/s4_roof_only/burst011_f00_depth.npy,s4_roof_only,1,0,0,0,0,0,1
data/s4_roof_only/burst011_f01_rgb.png,data/s4_roof_only/burst011_f01_depth.npy,s4_roof_only,1,0,0,0,0,0,1
data/s4_roof_only/burst011_f02_rgb.png,data/s4_roof_only/burst011_f02_depth.npy,s4_roof_only,1,0,0,0,0,0,1
data/s4_roof_only/burst011_f03_rgb.png,data/s4_roof_only/burst011_f03_depth.npy,s4_roof_only,1,0,0,0,0,0,1
data/s4_roof_only/burst011_f04_rgb.png,data/s4_roof_only/burst011_f04_depth.npy,s4_roof_only,1,0,0,0,0,0,1
data/s4_roof_only/burst011_f05_rgb.png,data/s4_roof_only/burst011_f05_depth.npy,s4_roof_only,1,0,0,0,0,0,1
data/s4_roof_only/burst011_f06_rgb.png,data/s4_roof_only/burst011_f06_depth.npy,s4_roof_only,1,0,0,0,0,0,1
data/s4_roof_only/burst011_f07_rgb.png,data/s4_roof_only/burst011_f07_depth.npy,s4_roof_only,1,0,0,0,0,0,1
data/s4_roof_only/burst011_f08_rgb.png,data/s4_roof_only/burst011_f08_depth.npy,s4_roof_only,1,0,0,0,0,0,1
data/s4_roof_only/burst011_f09_rgb.png,data/s4_roof_only/burst011_f09_depth.npy,s4_roof_only,1,0,0,0,0,0,1
data/s4_roof_only/burst012_f00_rgb.png,data/s4_roof_only/burst012_f00_depth.npy,s4_roof_only,1,0,0,0,0,0,1
data/s4_roof_only/burst012_f01_rgb.png,data/s4_roof_only/burst012_f01_depth.npy,s4_roof_only,1,0,0,0,0,0,1
data/s4_roof_only/burst012_f02_rgb.png,data/s4_roof_only/burst012_f02_depth.npy,s4_roof_only,1,0,0,0,0,0,1
data/s4_roof_only/burst012_f03_rgb.png,data/s4_roof_only/burst012_f03_depth.npy,s4_roof_only,1,0,0,0,0,0,1
data/s4_roof_only/burst012_f04_rgb.png,data/s4_roof_only/burst012_f04_depth.npy,s4_roof_only,1,0,0,0,0,0,1
data/s4_roof_only/burst012_f05_rgb.png,data/s4_roof_only/burst012_f05_depth.npy,s4_roof_only,1,0,0,0,0,0,1
data/s4_roof_only/burst012_f06_rgb.png,data/s4_roof_only/burst012_f06_depth.npy,s4_roof_only,1,0,0,0,0,0,1
data/s4_roof_only/burst012_f07_rgb.png,data/s4_roof_only/burst012_f07_depth.npy,s4_roof_only,1,0,0,0,0,0,1
data/s4_roof_only/burst012_f08_rgb.png,data/s4_roof_only/burst012_f08_depth.npy,s4_roof_only,1,0,0,0,0,0,1
data/s4_roof_only/burst012_f09_rgb.png,data/s4_roof_only/burst012_f09_depth.npy,s4_roof_only,1,0,0,0,0,0,1
data/s4_roof_only/burst013_f00_rgb.png,data/s4_roof_only/burst013_f00_depth.npy,s4_roof_only,1,0,0,0,0,0,1
data/s4_roof_only/burst013_f01_rgb.png,data/s4_roof_only/burst013_f01_depth.npy,s4_roof_only,1,0,0,0,0,0,1
data/s4_roof_only/burst013_f02_rgb.png,data/s4_roof_only/burst013_f02_depth.npy,s4_roof_only,1,0,0,0,0,0,1
data/s4_roof_only/burst013_f03_rgb.png,data/s4_roof_only/burst013_f03_depth.npy,s4_roof_only,1,0,0,0,0,0,1
data/s4_roof_only/burst013_f04_rgb.png,data/s4_roof_only/burst013_f04_depth.npy,s4_roof_only,1,0,0,0,0,0,1
data/s4_roof_only/burst013_f05_rgb.png,data/s4_roof_only/burst013_f05_depth.npy,s4_roof_only,1,0,0,0,0,0,1
data/s4_roof_only/burst013_f06_rgb.png,data/s4_roof_only/burst013_f06_depth.npy,s4_roof_only,1,0,0,0,0,0,1
data/s4_roof_only/burst013_f07_rgb.png,data/s4_roof_only/burst013_f07_depth.npy,s4_roof_only,1,0,0,0,0,0,1
data/s4_roof_only/burst013_f08_rgb.png,data/s4_roof_only/burst013_f08_depth.npy,s4_roof_only,1,0,0,0,0,0,1
data/s4_roof_only/burst013_f09_rgb.png,data/s4_roof_only/burst013_f09_depth.npy,s4_roof_only,1,0,0,0,0,0,1
data/s4_roof_only/burst014_f00_rgb.png,data/s4_roof_only/burst014_f00_depth.npy,s4_roof_only,1,0,0,0,0,0,1
data/s4_roof_only/burst014_f01_rgb.png,data/s4_roof_only/burst014_f01_depth.npy,s4_roof_only,1,0,0,0,0,0,1
data/s4_roof_only/burst014_f02_rgb.png,data/s4_roof_only/burst014_f02_depth.npy,s4_roof_only,1,0,0,0,0,0,1
data/s4_roof_only/burst014_f03_rgb.png,data/s4_roof_only/burst014_f03_depth.npy,s4_roof_only,1,0,0,0,0,0,1
data/s4_roof_only/burst014_f04_rgb.png,data/s4_roof_only/burst014_f04_depth.npy,s4_roof_only,1,0,0,0,0,0,1
data/s4_roof_only/burst014_f05_rgb.png,data/s4_roof_only/burst014_f05_depth.npy,s4_roof_only,1,0,0,0,0,0,1
data/s4_roof_only/burst014_f06_rgb.png,data/s4_roof_only/burst014_f06_depth.npy,s4_roof_only,1,0,0,0,0,0,1
data/s4_roof_only/burst014_f07_rgb.png,data/s4_roof_only/burst014_f07_depth.npy,s4_roof_only,1,0,0,0,0,0,1
data/s4_roof_only/burst014_f08_rgb.png,data/s4_roof_only/burst014_f08_depth.npy,s4_roof_only,1,0,0,0,0,0,1
data/s4_roof_only/burst014_f09_rgb.png,data/s4_roof_only/burst014_f09_depth.npy,s4_roof_only,1,0,0,0,0,0,1
data/s4_roof_only/burst015_f00_rgb.png,data/s4_roof_only/burst015_f00_depth.npy,s4_roof_only,1,0,0,0,0,0,1
data/s4_roof_only/burst015_f01_rgb.png,data/s4_roof_only/burst015_f01_depth.npy,s4_roof_only,1,0,0,0,0,0,1
data/s4_roof_only/burst015_f02_rgb.png,data/s4_roof_only/burst015_f02_depth.npy,s4_roof_only,1,0,0,0,0,0,1
data/s4_roof_only/burst015_f03_rgb.png,data/s4_roof_only/burst015_f03_depth.npy,s4_roof_only,1,0,0,0,0,0,1
data/s4_roof_only/burst015_f04_rgb.png,data/s4_roof_only/burst015_f04_depth.npy,s4_roof_only,1,0,0,0,0,0,1
data/s4_roof_only/burst015_f05_rgb.png,data/s4_roof_only/burst015_f05_depth.npy,s4_roof_only,1,0,0,0,0,0,1
data/s4_roof_only/burst015_f06_rgb.png,data/s4_roof_only/burst015_f06_depth.npy,s4_roof_only,1,0,0,0,0,0,1
data/s4_roof_only/burst015_f07_rgb.png,data/s4_roof_only/burst015_f07_depth.npy,s4_roof_only,1,0,0,0,0,0,1
data/s4_roof_only/burst015_f08_rgb.png,data/s4_roof_only/burst015_f08_depth.npy,s4_roof_only,1,0,0,0,0,0,1
data/s4_roof_only/burst015_f09_rgb.png,data/s4_roof_only/burst015_f09_depth.npy,s4_roof_only,1,0,0,0,0,0,1
data/s4_roof_only/burst016_f00_rgb.png,data/s4_roof_only/burst016_f00_depth.npy,s4_roof_only,1,0,0,0,0,0,1
data/s4_roof_only/burst016_f01_rgb.png,data/s4_roof_only/burst016_f01_depth.npy,s4_roof_only,1,0,0,0,0,0,1
data/s4_roof_only/burst016_f02_rgb.png,data/s4_roof_only/burst016_f02_depth.npy,s4_roof_only,1,0,0,0,0,0,1
data/s4_roof_only/burst016_f03_rgb.png,data/s4_roof_only/burst016_f03_depth.npy,s4_roof_only,1,0,0,0,0,0,1
data/s4_roof_only/burst016_f04_rgb.png,data/s4_roof_only/burst016_f04_depth.npy,s4_roof_only,1,0,0,0,0,0,1
data/s4_roof_only/burst016_f05_rgb.png,data/s4_roof_only/burst016_f05_depth.npy,s4_roof_only,1,0,0,0,0,0,1
data/s4_roof_only/burst016_f06_rgb.png,data/s4_roof_only/burst016_f06_depth.npy,s4_roof_only,1,0,0,0,0,0,1
data/s4_roof_only/burst016_f07_rgb.png,data/s4_roof_only/burst016_f07_depth.npy,s4_roof_only,1,0,0,0,0,0,1
data/s4_roof_only/burst016_f08_rgb.png,data/s4_roof_only/burst016_f08_depth.npy,s4_roof_only,1,0,0,0,0,0,1
data/s4_roof_only/burst016_f09_rgb.png,data/s4_roof_only/burst016_f09_depth.npy,s4_roof_only,1,0,0,0,0,0,1
data/s4_roof_only/burst017_f00_rgb.png,data/s4_roof_only/burst017_f00_depth.npy,s4_roof_only,1,0,0,0,0,0,1
data/s4_roof_only/burst017_f01_rgb.png,data/s4_roof_only/burst017_f01_depth.npy,s4_roof_only,1,0,0,0,0,0,1
data/s4_roof_only/burst017_f02_rgb.png,data/s4_roof_only/burst017_f02_depth.npy,s4_roof_only,1,0,0,0,0,0,1
data/s4_roof_only/burst017_f03_rgb.png,data/s4_roof_only/burst017_f03_depth.npy,s4_roof_only,1,0,0,0,0,0,1
data/s4_roof_only/burst017_f04_rgb.png,data/s4_roof_only/burst017_f04_depth.npy,s4_roof_only,1,0,0,0,0,0,1
data/s4_roof_only/burst017_f05_rgb.png,data/s4_roof_only/burst017_f05_depth.npy,s4_roof_only,1,0,0,0,0,0,1
data/s4_roof_only/burst017_f06_rgb.png,data/s4_roof_only/burst017_f06_depth.npy,s4_roof_only,1,0,0,0,0,0,1
data/s4_roof_only/burst017_f07_rgb.png,data/s4_roof_only/burst017_f07_depth.npy,s4_roof_only,1,0,0,0,0,0,1
data/s4_roof_only/burst017_f08_rgb.png,data/s4_roof_only/burst017_f08_depth.npy,s4_roof_only,1,0,0,0,0,0,1
data/s4_roof_only/burst017_f09_rgb.png,data/s4_roof_only/burst017_f09_depth.npy,s4_roof_only,1,0,0,0,0,0,1
data/s4_roof_only/burst018_f00_rgb.png,data/s4_roof_only/burst018_f00_depth.npy,s4_roof_only,1,0,0,0,0,0,1
data/s4_roof_only/burst018_f01_rgb.png,data/s4_roof_only/burst018_f01_depth.npy,s4_roof_only,1,0,0,0,0,0,1
data/s4_roof_only/burst018_f02_rgb.png,data/s4_roof_only/burst018_f02_depth.npy,s4_roof_only,1,0,0,0,0,0,1
data/s4_roof_only/burst018_f03_rgb.png,data/s4_roof_only/burst018_f03_depth.npy,s4_roof_only,1,0,0,0,0,0,1
data/s4_roof_only/burst018_f04_rgb.png,data/s4_roof_only/burst018_f04_depth.npy,s4_roof_only,1,0,0,0,0,0,1
data/s4_roof_only/burst018_f05_rgb.png,data/s4_roof_only/burst018_f05_depth.npy,s4_roof_only,1,0,0,0,0,0,1
data/s4_roof_only/burst018_f06_rgb.png,data/s4_roof_only/burst018_f06_depth.npy,s4_roof_only,1,0,0,0,0,0,1
data/s4_roof_only/burst018_f07_rgb.png,data/s4_roof_only/burst018_f07_depth.npy,s4_roof_only,1,0,0,0,0,0,1
data/s4_roof_only/burst018_f08_rgb.png,data/s4_roof_only/burst018_f08_depth.npy,s4_roof_only,1,0,0,0,0,0,1
data/s4_roof_only/burst018_f09_rgb.png,data/s4_roof_only/burst018_f09_depth.npy,s4_roof_only,1,0,0,0,0,0,1
data/s4_roof_only/burst019_f00_rgb.png,data/s4_roof_only/burst019_f00_depth.npy,s4_roof_only,1,0,0,0,0,0,1
data/s4_roof_only/burst019_f01_rgb.png,data/s4_roof_only/burst019_f01_depth.npy,s4_roof_only,1,0,0,0,0,0,1
data/s4_roof_only/burst019_f02_rgb.png,data/s4_roof_only/burst019_f02_depth.npy,s4_roof_only,1,0,0,0,0,0,1
data/s4_roof_only/burst019_f03_rgb.png,data/s4_roof_only/burst019_f03_depth.npy,s4_roof_only,1,0,0,0,0,0,1
data/s4_roof_only/burst019_f04_rgb.png,data/s4_roof_only/burst019_f04_depth.npy,s4_roof_only,1,0,0,0,0,0,1
data/s4_roof_only/burst019_f05_rgb.png,data/s4_roof_only/burst019_f05_depth.npy,s4_roof_only,1,0,0,0,0,0,1
data/s4_roof_only/burst019_f06_rgb.png,data/s4_roof_only/burst019_f06_depth.npy,s4_roof_only,1,0,0,0,0,0,1
data/s4_roof_only/burst019_f07_rgb.png,data/s4_roof_only/burst019_f07_depth.npy,s4_roof_only,1,0,0,0,0,0,1
data/s4_roof_only/burst019_f08_rgb.png,data/s4_roof_only/burst019_f08_depth.npy,s4_roof_only,1,0,0,0,0,0,1
data/s4_roof_only/burst019_f09_rgb.png,data/s4_roof_only/burst019_f09_depth.npy,s4_roof_only,1,0,0,0,0,0,1
